Page,API,Count
/,/search/packages,120
/,/availability/last-available-date,60
/,/availability/dates,40
/,/content/filter-facilities,15
/,/destinations/search,94
/,envPublic.CMS_API/tracking/user-search,20
/,/availability/from,56
/,/price,47
/copy-of-hotel-details,/hotel/offers,1
/copy-of-hotel-details,/search/offers-alterations,1
/copy-of-hotel-details,/search/alternative-flights,4
/copy-of-hotel-details,/booking/validate-package,2
/copy-of-hotel-details,/search/flight-extras,1
/copy-of-hotel-details,/search/extras,2
/copy-of-hotel-details,/weather/region,2
/copy-of-hotel-details,/hotel/resort-info,3
/copy-of-hotel-details,/search/packages,24
/copy-of-hotel-details,/availability/last-available-date,12
/copy-of-hotel-details,/availability/dates,8
/copy-of-hotel-details,/content/filter-facilities,3
/copy-of-hotel-details,/destinations/search,3
/copy-of-hotel-details,envPublic.CMS_API/tracking/user-search,4
/copy-of-hotel-details,https://www.facebook.com/sharer/sharer.php?u=encodeURIComponent(url)&display=page,10
/copy-of-hotel-details,https://twitter.com/share?url=encodeURIComponent(url)&title=encodeURIComponent(title),10
/copy-of-hotel-details,mailto:?subject=encodeURIComponent(subject)&body=encodeURIComponent(body),10
/copy-of-hotel-details,sms:?&body=encodeURIComponent(body),10
/copy-of-hotel-details,https://wa.me/?text=encodeURIComponent(body),10
/copy-of-hotel-details,"https://hotukdeals.com/social/share?title=encodeURIComponent(title)&url=encodeURIComponent(
            url,
        )&style=vertical&v=2&price=price",10
/hotel-details,/search/packages,24
/hotel-details,/availability/last-available-date,12
/hotel-details,/availability/dates,8
/hotel-details,/content/filter-facilities,3
/hotel-details,/destinations/search,3
/hotel-details,envPublic.CMS_API/tracking/user-search,4
/hotel-details,/search/alternative-flights,4
/hotel-details,/hotel/resort-info,3
/hotel-details,/hotel/offers,1
/hotel-details,/search/offers-alterations,1
/hotel-details,/booking/validate-package,2
/hotel-details,/search/flight-extras,1
/hotel-details,/search/extras,2
/hotel-details,/weather/region,2
/hotel-details,https://www.facebook.com/sharer/sharer.php?u=encodeURIComponent(url)&display=page,10
/hotel-details,https://twitter.com/share?url=encodeURIComponent(url)&title=encodeURIComponent(title),10
/hotel-details,mailto:?subject=encodeURIComponent(subject)&body=encodeURIComponent(body),10
/hotel-details,sms:?&body=encodeURIComponent(body),10
/hotel-details,https://wa.me/?text=encodeURIComponent(body),10
/hotel-details,"https://hotukdeals.com/social/share?title=encodeURIComponent(title)&url=encodeURIComponent(
            url,
        )&style=vertical&v=2&price=price",10
/deals,/help-centre/faq/save,2
/deals,/requested-price,27
/deals,/search/packages,68
/deals,/availability/last-available-date,28
/deals,/availability/dates,20
/deals,/content/filter-facilities,6
/deals,/destinations/search,19
/deals,envPublic.CMS_API/tracking/user-search,8
/deals,/availability/from,12
/deals,/price,8
/deals,/search/alternative-flights,24
/deals,/search/price-graph/month,2
/deals,/search/recommended,10
/dynamic-promo-pages/beach-holidays,/search/packages,34
/dynamic-promo-pages/beach-holidays,/search/alternative-flights,12
/dynamic-promo-pages/beach-holidays,/search/price-graph/month,1
/dynamic-promo-pages/beach-holidays,/search/recommended,5
/dynamic-promo-pages/beach-holidays,/availability/last-available-date,12
/dynamic-promo-pages/beach-holidays,/availability/dates,8
/dynamic-promo-pages/beach-holidays,/content/filter-facilities,3
/dynamic-promo-pages/beach-holidays,/destinations/search,3
/dynamic-promo-pages/beach-holidays,envPublic.CMS_API/tracking/user-search,4
/extras,/availability/from,6
/extras,/price,12
/extras,/destinations/search,27
/extras,/search/packages,24
/extras,/availability/last-available-date,12
/extras,/availability/dates,8
/extras,/content/filter-facilities,3
/extras,envPublic.CMS_API/tracking/user-search,4
/Holiday-Types,/search/packages,24
/Holiday-Types,/availability/last-available-date,12
/Holiday-Types,/availability/dates,8
/Holiday-Types,/content/filter-facilities,3
/Holiday-Types,/destinations/search,3
/Holiday-Types,envPublic.CMS_API/tracking/user-search,4
/all-inclusive-holidays,/availability/from,14
/all-inclusive-holidays,/price,9
/all-inclusive-holidays,/destinations/search,18
/all-inclusive-holidays,/requested-price,15
/all-inclusive-holidays,/search/alternative-flights,12
/all-inclusive-holidays,/search/recommended,5
/all-inclusive-holidays,/search/packages,10
/all-inclusive-holidays,/search/price-graph/month,1
/all-inclusive-holidays,/availability/last-available-date,4
/all-inclusive-holidays,/availability/dates,4
/all-inclusive-holidays,/content/filter-facilities,3
/all-inclusive-holidays,envPublic.CMS_API/tracking/user-search,4
/all-inclusive-holidays,/help-centre/faq/save,2
/beach-holidays,/requested-price,6
/beach-holidays,/availability/from,2
/beach-holidays,/price,1
/beach-holidays,/destinations/search,5
/beach-holidays,/help-centre/faq/save,1
/beach-holidays,/search/packages,34
/beach-holidays,/availability/last-available-date,12
/beach-holidays,/availability/dates,8
/beach-holidays,/content/filter-facilities,3
/beach-holidays,envPublic.CMS_API/tracking/user-search,4
/beach-holidays,/search/alternative-flights,12
/beach-holidays,/search/recommended,5
/beach-holidays,/search/price-graph/month,1
/vacances-en-famille,/availability/from,8
/vacances-en-famille,/price,7
/vacances-en-famille,/destinations/search,17
/vacances-en-famille,/search/packages,34
/vacances-en-famille,/availability/last-available-date,12
/vacances-en-famille,/availability/dates,8
/vacances-en-famille,/content/filter-facilities,3
/vacances-en-famille,envPublic.CMS_API/tracking/user-search,4
/vacances-en-famille,/help-centre/faq/save,1
/vacances-en-famille,/requested-price,6
/vacances-en-famille,/search/alternative-flights,12
/vacances-en-famille,/search/recommended,5
/vacances-en-famille,/search/price-graph/month,1
/city-breaks,/availability/from,10
/city-breaks,/price,17
/city-breaks,/destinations/search,37
/city-breaks,/help-centre/faq/save,1
/city-breaks,/requested-price,21
/city-breaks,/search/alternative-flights,12
/city-breaks,/search/recommended,5
/city-breaks,/search/packages,10
/city-breaks,/search/price-graph/month,1
/city-breaks,/availability/last-available-date,4
/city-breaks,/availability/dates,4
/city-breaks,/content/filter-facilities,3
/city-breaks,envPublic.CMS_API/tracking/user-search,4
/vacances-de-dernière-minute,/requested-price,46
/vacances-de-dernière-minute,/help-centre/faq/save,2
/vacances-de-dernière-minute,/availability/from,8
/vacances-de-dernière-minute,/price,13
/vacances-de-dernière-minute,/destinations/search,29
/vacances-de-dernière-minute,/search/packages,24
/vacances-de-dernière-minute,/availability/last-available-date,12
/vacances-de-dernière-minute,/availability/dates,8
/vacances-de-dernière-minute,/content/filter-facilities,3
/vacances-de-dernière-minute,envPublic.CMS_API/tracking/user-search,4
/honeymoon-holidays,/help-centre/faq/save,2
/honeymoon-holidays,/requested-price,9
/honeymoon-holidays,/availability/from,14
/honeymoon-holidays,/price,22
/honeymoon-holidays,/destinations/search,47
/honeymoon-holidays,/search/packages,24
/honeymoon-holidays,/availability/last-available-date,12
/honeymoon-holidays,/availability/dates,8
/honeymoon-holidays,/content/filter-facilities,3
/honeymoon-holidays,envPublic.CMS_API/tracking/user-search,4
/adults-holidays,/availability/from,2
/adults-holidays,/price,1
/adults-holidays,/destinations/search,5
/adults-holidays,/search/alternative-flights,12
/adults-holidays,/search/recommended,5
/adults-holidays,/search/packages,10
/adults-holidays,/search/price-graph/month,1
/adults-holidays,/availability/last-available-date,4
/adults-holidays,/availability/dates,4
/adults-holidays,/content/filter-facilities,3
/adults-holidays,envPublic.CMS_API/tracking/user-search,4
/adults-holidays,/requested-price,3
/adults-holidays,/help-centre/faq/save,1
/couples-holidays,/help-centre/faq/save,1
/couples-holidays,/search/packages,24
/couples-holidays,/availability/last-available-date,12
/couples-holidays,/availability/dates,8
/couples-holidays,/content/filter-facilities,3
/couples-holidays,/destinations/search,29
/couples-holidays,envPublic.CMS_API/tracking/user-search,4
/couples-holidays,/requested-price,6
/couples-holidays,/availability/from,8
/couples-holidays,/price,13
/party-holidays,/availability/from,2
/party-holidays,/price,4
/party-holidays,/destinations/search,11
/party-holidays,/search/packages,24
/party-holidays,/availability/last-available-date,12
/party-holidays,/availability/dates,8
/party-holidays,/content/filter-facilities,3
/party-holidays,envPublic.CMS_API/tracking/user-search,4
/party-holidays,/help-centre/faq/save,1
/all-inclusive-holidays/cyprus,/help-centre/faq/save,1
/all-inclusive-holidays/cyprus,/search/packages,24
/all-inclusive-holidays/cyprus,/availability/last-available-date,12
/all-inclusive-holidays/cyprus,/availability/dates,8
/all-inclusive-holidays/cyprus,/content/filter-facilities,3
/all-inclusive-holidays/cyprus,/destinations/search,11
/all-inclusive-holidays/cyprus,envPublic.CMS_API/tracking/user-search,4
/all-inclusive-holidays/cyprus,/availability/from,2
/all-inclusive-holidays/cyprus,/price,4
/all-inclusive-holidays/cyprus,/requested-price,3
/all-inclusive-holidays/greece,/search/packages,48
/all-inclusive-holidays/greece,/availability/last-available-date,24
/all-inclusive-holidays/greece,/availability/dates,16
/all-inclusive-holidays/greece,/content/filter-facilities,6
/all-inclusive-holidays/greece,/destinations/search,22
/all-inclusive-holidays/greece,envPublic.CMS_API/tracking/user-search,8
/all-inclusive-holidays/greece,/requested-price,9
/all-inclusive-holidays/greece,/availability/from,4
/all-inclusive-holidays/greece,/price,8
/all-inclusive-holidays/greece,/help-centre/faq/save,2
/all-inclusive-holidays/portugal,/help-centre/faq/save,2
/all-inclusive-holidays/portugal,/search/packages,48
/all-inclusive-holidays/portugal,/availability/last-available-date,24
/all-inclusive-holidays/portugal,/availability/dates,16
/all-inclusive-holidays/portugal,/content/filter-facilities,6
/all-inclusive-holidays/portugal,/destinations/search,22
/all-inclusive-holidays/portugal,envPublic.CMS_API/tracking/user-search,8
/all-inclusive-holidays/portugal,/requested-price,6
/all-inclusive-holidays/portugal,/availability/from,4
/all-inclusive-holidays/portugal,/price,8
/all-inclusive-holidays/spain,/availability/from,4
/all-inclusive-holidays/spain,/price,11
/all-inclusive-holidays/spain,/destinations/search,28
/all-inclusive-holidays/spain,/help-centre/faq/save,2
/all-inclusive-holidays/spain,/search/packages,72
/all-inclusive-holidays/spain,/availability/last-available-date,36
/all-inclusive-holidays/spain,/availability/dates,24
/all-inclusive-holidays/spain,/content/filter-facilities,9
/all-inclusive-holidays/spain,envPublic.CMS_API/tracking/user-search,12
/all-inclusive-holidays/spain,/requested-price,12
/all-inclusive-holidays/spain,/hotel/summary/location,5
/all-inclusive-holidays/spain,/availability/exists,3
/all-inclusive-holidays/spain,/excursions,3
/all-inclusive-holidays/turkey,/availability/from,4
/all-inclusive-holidays/turkey,/price,8
/all-inclusive-holidays/turkey,/destinations/search,22
/all-inclusive-holidays/turkey,/search/packages,48
/all-inclusive-holidays/turkey,/availability/last-available-date,24
/all-inclusive-holidays/turkey,/availability/dates,16
/all-inclusive-holidays/turkey,/content/filter-facilities,6
/all-inclusive-holidays/turkey,envPublic.CMS_API/tracking/user-search,8
/all-inclusive-holidays/turkey,/help-centre/faq/save,2
/all-inclusive-holidays/turkey,/requested-price,6
/lakes-holidays,/search/packages,10
/lakes-holidays,/availability/last-available-date,4
/lakes-holidays,/availability/dates,4
/lakes-holidays,/content/filter-facilities,3
/lakes-holidays,/destinations/search,5
/lakes-holidays,envPublic.CMS_API/tracking/user-search,4
/lakes-holidays,/help-centre/faq/save,1
/lakes-holidays,/requested-price,3
/lakes-holidays,/availability/from,2
/lakes-holidays,/price,1
/lakes-holidays,/search/alternative-flights,12
/lakes-holidays,/search/recommended,5
/lakes-holidays,/search/price-graph/month,1
/group-holidays,/requested-price,15
/group-holidays,/help-centre/faq/save,2
/group-holidays,/availability/from,8
/group-holidays,/price,10
/group-holidays,/destinations/search,20
/group-holidays,/search/alternative-flights,12
/group-holidays,/search/recommended,5
/group-holidays,/search/packages,10
/group-holidays,/search/price-graph/month,1
/ppc,/availability/from,2
/ppc,/price,1
/ppc,/destinations/search,2
/ppc,/requested-price,3
/ppc,/help-centre/faq/save,1
/ppc,/search/alternative-flights,12
/ppc,/search/recommended,5
/ppc,/search/packages,10
/ppc,/search/price-graph/month,1
/ppc/all-inclusive-holidays,/availability/from,14
/ppc/all-inclusive-holidays,/price,9
/ppc/all-inclusive-holidays,/destinations/search,18
/ppc/all-inclusive-holidays,/requested-price,15
/ppc/all-inclusive-holidays,/search/alternative-flights,12
/ppc/all-inclusive-holidays,/search/recommended,5
/ppc/all-inclusive-holidays,/search/packages,34
/ppc/all-inclusive-holidays,/search/price-graph/month,1
/ppc/all-inclusive-holidays,/availability/last-available-date,12
/ppc/all-inclusive-holidays,/availability/dates,8
/ppc/all-inclusive-holidays,/content/filter-facilities,3
/ppc/all-inclusive-holidays,envPublic.CMS_API/tracking/user-search,4
/ppc/all-inclusive-holidays,/help-centre/faq/save,2
/solo-holidays,/availability/from,2
/solo-holidays,/price,1
/solo-holidays,/destinations/search,5
/solo-holidays,/search/packages,34
/solo-holidays,/availability/last-available-date,12
/solo-holidays,/availability/dates,8
/solo-holidays,/content/filter-facilities,3
/solo-holidays,envPublic.CMS_API/tracking/user-search,4
/solo-holidays,/help-centre/faq/save,1
/solo-holidays,/search/alternative-flights,12
/solo-holidays,/search/recommended,5
/solo-holidays,/search/price-graph/month,1
/solo-holidays,/requested-price,3
/black-friday-holiday-deals,/requested-price,8
/black-friday-holiday-deals,/search/packages,24
/black-friday-holiday-deals,/availability/last-available-date,12
/black-friday-holiday-deals,/availability/dates,8
/black-friday-holiday-deals,/content/filter-facilities,3
/black-friday-holiday-deals,/destinations/search,3
/black-friday-holiday-deals,envPublic.CMS_API/tracking/user-search,4
/black-friday-holiday-deals,/help-centre/faq/save,1
/holiday-offers,/requested-price,9
/holiday-offers,/search/packages,24
/holiday-offers,/availability/last-available-date,12
/holiday-offers,/availability/dates,8
/holiday-offers,/content/filter-facilities,3
/holiday-offers,/destinations/search,3
/holiday-offers,envPublic.CMS_API/tracking/user-search,4
/holiday-offers,/help-centre/faq/save,1
/christmas-markets,/requested-price,5
/christmas-markets,/help-centre/faq/save,1
/christmas-markets,/availability/from,2
/christmas-markets,/price,1
/christmas-markets,/destinations/search,5
/christmas-markets,/search/alternative-flights,12
/christmas-markets,/search/recommended,5
/christmas-markets,/search/packages,34
/christmas-markets,/search/price-graph/month,1
/christmas-markets,/availability/last-available-date,12
/christmas-markets,/availability/dates,8
/christmas-markets,/content/filter-facilities,3
/christmas-markets,envPublic.CMS_API/tracking/user-search,4
/european-events,/search/packages,24
/european-events,/availability/last-available-date,12
/european-events,/availability/dates,8
/european-events,/content/filter-facilities,3
/european-events,/destinations/search,11
/european-events,envPublic.CMS_API/tracking/user-search,4
/european-events,/availability/from,2
/european-events,/price,4
/holidays-from-london-gatwick,/requested-price,9
/holidays-from-london-gatwick,/search/packages,24
/holidays-from-london-gatwick,/availability/last-available-date,12
/holidays-from-london-gatwick,/availability/dates,8
/holidays-from-london-gatwick,/content/filter-facilities,3
/holidays-from-london-gatwick,/destinations/search,13
/holidays-from-london-gatwick,envPublic.CMS_API/tracking/user-search,4
/holidays-from-london-gatwick,/availability/from,4
/holidays-from-london-gatwick,/price,5
/last-minute-holidays,/requested-price,46
/last-minute-holidays,/help-centre/faq/save,2
/last-minute-holidays,/availability/from,8
/last-minute-holidays,/price,13
/last-minute-holidays,/destinations/search,29
/last-minute-holidays,/search/packages,24
/last-minute-holidays,/availability/last-available-date,12
/last-minute-holidays,/availability/dates,8
/last-minute-holidays,/content/filter-facilities,3
/last-minute-holidays,envPublic.CMS_API/tracking/user-search,4
/luxury-holidays,/requested-price,8
/luxury-holidays,/availability/from,2
/luxury-holidays,/price,1
/luxury-holidays,/destinations/search,5
/luxury-holidays,/search/alternative-flights,12
/luxury-holidays,/search/recommended,5
/luxury-holidays,/search/packages,10
/luxury-holidays,/search/price-graph/month,1
/luxury-holidays,/availability/last-available-date,4
/luxury-holidays,/availability/dates,4
/luxury-holidays,/content/filter-facilities,3
/luxury-holidays,envPublic.CMS_API/tracking/user-search,4
/luxury-holidays,/help-centre/faq/save,1
/family-holidays,/availability/from,8
/family-holidays,/price,7
/family-holidays,/destinations/search,17
/family-holidays,/search/packages,10
/family-holidays,/availability/last-available-date,4
/family-holidays,/availability/dates,4
/family-holidays,/content/filter-facilities,3
/family-holidays,envPublic.CMS_API/tracking/user-search,4
/family-holidays,/help-centre/faq/save,1
/family-holidays,/requested-price,6
/family-holidays,/search/alternative-flights,12
/family-holidays,/search/recommended,5
/family-holidays,/search/price-graph/month,1
/family-holidays/greece,/search/packages,48
/family-holidays/greece,/availability/last-available-date,24
/family-holidays/greece,/availability/dates,16
/family-holidays/greece,/content/filter-facilities,6
/family-holidays/greece,/destinations/search,22
/family-holidays/greece,envPublic.CMS_API/tracking/user-search,8
/family-holidays/greece,/requested-price,9
/family-holidays/greece,/availability/from,4
/family-holidays/greece,/price,8
/family-holidays/greece,/help-centre/faq/save,2
/family-holidays/spain,/availability/from,4
/family-holidays/spain,/price,11
/family-holidays/spain,/destinations/search,28
/family-holidays/spain,/help-centre/faq/save,2
/family-holidays/spain,/search/packages,72
/family-holidays/spain,/availability/last-available-date,36
/family-holidays/spain,/availability/dates,24
/family-holidays/spain,/content/filter-facilities,9
/family-holidays/spain,envPublic.CMS_API/tracking/user-search,12
/family-holidays/spain,/requested-price,12
/family-holidays/spain,/hotel/summary/location,5
/family-holidays/spain,/availability/exists,3
/family-holidays/spain,/excursions,3
/family-holidays/portugal,/help-centre/faq/save,2
/family-holidays/portugal,/search/packages,48
/family-holidays/portugal,/availability/last-available-date,24
/family-holidays/portugal,/availability/dates,16
/family-holidays/portugal,/content/filter-facilities,6
/family-holidays/portugal,/destinations/search,22
/family-holidays/portugal,envPublic.CMS_API/tracking/user-search,8
/family-holidays/portugal,/requested-price,6
/family-holidays/portugal,/availability/from,4
/family-holidays/portugal,/price,8
/family-holidays/turkey,/availability/from,4
/family-holidays/turkey,/price,8
/family-holidays/turkey,/destinations/search,22
/family-holidays/turkey,/search/packages,48
/family-holidays/turkey,/availability/last-available-date,24
/family-holidays/turkey,/availability/dates,16
/family-holidays/turkey,/content/filter-facilities,6
/family-holidays/turkey,envPublic.CMS_API/tracking/user-search,8
/family-holidays/turkey,/help-centre/faq/save,2
/family-holidays/turkey,/requested-price,6
/family-holidays/italy,/requested-price,6
/family-holidays/italy,/availability/from,2
/family-holidays/italy,/price,4
/family-holidays/italy,/destinations/search,11
/family-holidays/italy,/help-centre/faq/save,1
/family-holidays/italy,/search/packages,24
/family-holidays/italy,/availability/last-available-date,12
/family-holidays/italy,/availability/dates,8
/family-holidays/italy,/content/filter-facilities,3
/family-holidays/italy,envPublic.CMS_API/tracking/user-search,4
/family-holidays/family-holidays-with-teenagers,/requested-price,3
/family-holidays/family-holidays-with-teenagers,/search/packages,24
/family-holidays/family-holidays-with-teenagers,/availability/last-available-date,12
/family-holidays/family-holidays-with-teenagers,/availability/dates,8
/family-holidays/family-holidays-with-teenagers,/content/filter-facilities,3
/family-holidays/family-holidays-with-teenagers,/destinations/search,3
/family-holidays/family-holidays-with-teenagers,envPublic.CMS_API/tracking/user-search,4
/family-holidays/family-holidays-with-teenagers,/help-centre/faq/save,1
/family-holidays/toddler-friendly-holidays,/search/packages,24
/family-holidays/toddler-friendly-holidays,/availability/last-available-date,12
/family-holidays/toddler-friendly-holidays,/availability/dates,8
/family-holidays/toddler-friendly-holidays,/content/filter-facilities,3
/family-holidays/toddler-friendly-holidays,/destinations/search,3
/family-holidays/toddler-friendly-holidays,envPublic.CMS_API/tracking/user-search,4
/family-holidays/toddler-friendly-holidays,/requested-price,3
/family-holidays/toddler-friendly-holidays,/help-centre/faq/save,1
/seasonal-holidays,/search/packages,24
/seasonal-holidays,/availability/last-available-date,12
/seasonal-holidays,/availability/dates,8
/seasonal-holidays,/content/filter-facilities,3
/seasonal-holidays,/destinations/search,27
/seasonal-holidays,envPublic.CMS_API/tracking/user-search,4
/seasonal-holidays,/availability/from,6
/seasonal-holidays,/price,12
/seasonal-holidays,/help-centre/faq/save,1
/self-catering-holidays,/search/packages,10
/self-catering-holidays,/availability/last-available-date,4
/self-catering-holidays,/availability/dates,4
/self-catering-holidays,/content/filter-facilities,3
/self-catering-holidays,/destinations/search,5
/self-catering-holidays,envPublic.CMS_API/tracking/user-search,4
/self-catering-holidays,/requested-price,3
/self-catering-holidays,/help-centre/faq/save,1
/self-catering-holidays,/search/alternative-flights,12
/self-catering-holidays,/search/recommended,5
/self-catering-holidays,/search/price-graph/month,1
/self-catering-holidays,/availability/from,2
/self-catering-holidays,/price,1
/short-breaks,/help-centre/faq/save,1
/short-breaks,/search/packages,24
/short-breaks,/availability/last-available-date,12
/short-breaks,/availability/dates,8
/short-breaks,/content/filter-facilities,3
/short-breaks,/destinations/search,3
/short-breaks,envPublic.CMS_API/tracking/user-search,4
/short-breaks,/requested-price,9
/single-parent-families,/help-centre/faq/save,1
/single-parent-families,/search/packages,34
/single-parent-families,/availability/last-available-date,12
/single-parent-families,/availability/dates,8
/single-parent-families,/content/filter-facilities,3
/single-parent-families,/destinations/search,5
/single-parent-families,envPublic.CMS_API/tracking/user-search,4
/single-parent-families,/availability/from,2
/single-parent-families,/price,1
/single-parent-families,/search/alternative-flights,12
/single-parent-families,/search/recommended,5
/single-parent-families,/search/price-graph/month,1
/single-parent-families,/requested-price,3
/Types-de-vacances,/search/packages,24
/Types-de-vacances,/availability/last-available-date,12
/Types-de-vacances,/availability/dates,8
/Types-de-vacances,/content/filter-facilities,3
/Types-de-vacances,/destinations/search,3
/Types-de-vacances,envPublic.CMS_API/tracking/user-search,4
/vacances-all-inclusive,/availability/from,14
/vacances-all-inclusive,/price,9
/vacances-all-inclusive,/destinations/search,18
/vacances-all-inclusive,/requested-price,15
/vacances-all-inclusive,/search/alternative-flights,12
/vacances-all-inclusive,/search/recommended,5
/vacances-all-inclusive,/search/packages,34
/vacances-all-inclusive,/search/price-graph/month,1
/vacances-all-inclusive,/availability/last-available-date,12
/vacances-all-inclusive,/availability/dates,8
/vacances-all-inclusive,/content/filter-facilities,3
/vacances-all-inclusive,envPublic.CMS_API/tracking/user-search,4
/vacances-all-inclusive,/help-centre/faq/save,2
/offres-de-vacances,/help-centre/faq/save,2
/offres-de-vacances,/requested-price,27
/offres-de-vacances,/search/packages,68
/offres-de-vacances,/availability/last-available-date,28
/offres-de-vacances,/availability/dates,20
/offres-de-vacances,/content/filter-facilities,6
/offres-de-vacances,/destinations/search,19
/offres-de-vacances,envPublic.CMS_API/tracking/user-search,8
/offres-de-vacances,/availability/from,12
/offres-de-vacances,/price,8
/offres-de-vacances,/search/alternative-flights,24
/offres-de-vacances,/search/price-graph/month,2
/offres-de-vacances,/search/recommended,10
/vacances-plage,/requested-price,21
/vacances-plage,/availability/from,18
/vacances-plage,/price,33
/vacances-plage,/destinations/search,69
/vacances-plage,/help-centre/faq/save,1
/vacances-plage,/search/packages,34
/vacances-plage,/availability/last-available-date,12
/vacances-plage,/availability/dates,8
/vacances-plage,/content/filter-facilities,3
/vacances-plage,envPublic.CMS_API/tracking/user-search,4
/vacances-plage,/search/alternative-flights,12
/vacances-plage,/search/recommended,5
/vacances-plage,/search/price-graph/month,1
/escapades-en-ville,/availability/from,10
/escapades-en-ville,/price,17
/escapades-en-ville,/destinations/search,37
/escapades-en-ville,/help-centre/faq/save,1
/escapades-en-ville,/requested-price,21
/escapades-en-ville,/search/alternative-flights,12
/escapades-en-ville,/search/recommended,5
/escapades-en-ville,/search/packages,34
/escapades-en-ville,/search/price-graph/month,1
/escapades-en-ville,/availability/last-available-date,12
/escapades-en-ville,/availability/dates,8
/escapades-en-ville,/content/filter-facilities,3
/escapades-en-ville,envPublic.CMS_API/tracking/user-search,4
/vacances-derniere-minute,/requested-price,46
/vacances-derniere-minute,/help-centre/faq/save,2
/vacances-derniere-minute,/availability/from,8
/vacances-derniere-minute,/price,13
/vacances-derniere-minute,/destinations/search,29
/vacances-derniere-minute,/search/packages,24
/vacances-derniere-minute,/availability/last-available-date,12
/vacances-derniere-minute,/availability/dates,8
/vacances-derniere-minute,/content/filter-facilities,3
/vacances-derniere-minute,envPublic.CMS_API/tracking/user-search,4
/voyage-de-noce,/help-centre/faq/save,2
/voyage-de-noce,/requested-price,9
/voyage-de-noce,/availability/from,14
/voyage-de-noce,/price,22
/voyage-de-noce,/destinations/search,47
/voyage-de-noce,/search/packages,24
/voyage-de-noce,/availability/last-available-date,12
/voyage-de-noce,/availability/dates,8
/voyage-de-noce,/content/filter-facilities,3
/voyage-de-noce,envPublic.CMS_API/tracking/user-search,4
/Ferienarten,/search/packages,24
/Ferienarten,/availability/last-available-date,12
/Ferienarten,/availability/dates,8
/Ferienarten,/content/filter-facilities,3
/Ferienarten,/destinations/search,3
/Ferienarten,envPublic.CMS_API/tracking/user-search,4
/all-inclusive-ferien,/availability/from,14
/all-inclusive-ferien,/price,9
/all-inclusive-ferien,/destinations/search,18
/all-inclusive-ferien,/requested-price,15
/all-inclusive-ferien,/search/alternative-flights,12
/all-inclusive-ferien,/search/recommended,5
/all-inclusive-ferien,/search/packages,34
/all-inclusive-ferien,/search/price-graph/month,1
/all-inclusive-ferien,/availability/last-available-date,12
/all-inclusive-ferien,/availability/dates,8
/all-inclusive-ferien,/content/filter-facilities,3
/all-inclusive-ferien,envPublic.CMS_API/tracking/user-search,4
/all-inclusive-ferien,/help-centre/faq/save,2
/ferien-angebote,/help-centre/faq/save,2
/ferien-angebote,/requested-price,27
/ferien-angebote,/search/packages,68
/ferien-angebote,/availability/last-available-date,28
/ferien-angebote,/availability/dates,20
/ferien-angebote,/content/filter-facilities,6
/ferien-angebote,/destinations/search,19
/ferien-angebote,envPublic.CMS_API/tracking/user-search,8
/ferien-angebote,/availability/from,12
/ferien-angebote,/price,8
/ferien-angebote,/search/alternative-flights,24
/ferien-angebote,/search/price-graph/month,2
/ferien-angebote,/search/recommended,10
/badeferien,/requested-price,21
/badeferien,/availability/from,18
/badeferien,/price,33
/badeferien,/destinations/search,69
/badeferien,/help-centre/faq/save,1
/badeferien,/search/packages,34
/badeferien,/availability/last-available-date,12
/badeferien,/availability/dates,8
/badeferien,/content/filter-facilities,3
/badeferien,envPublic.CMS_API/tracking/user-search,4
/badeferien,/search/alternative-flights,12
/badeferien,/search/recommended,5
/badeferien,/search/price-graph/month,1
/familienferien,/availability/from,8
/familienferien,/price,7
/familienferien,/destinations/search,17
/familienferien,/search/packages,34
/familienferien,/availability/last-available-date,12
/familienferien,/availability/dates,8
/familienferien,/content/filter-facilities,3
/familienferien,envPublic.CMS_API/tracking/user-search,4
/familienferien,/help-centre/faq/save,1
/familienferien,/requested-price,6
/familienferien,/search/alternative-flights,12
/familienferien,/search/recommended,5
/familienferien,/search/price-graph/month,1
/staedtereisen,/availability/from,10
/staedtereisen,/price,17
/staedtereisen,/destinations/search,37
/staedtereisen,/help-centre/faq/save,1
/staedtereisen,/requested-price,21
/staedtereisen,/search/alternative-flights,12
/staedtereisen,/search/recommended,5
/staedtereisen,/search/packages,34
/staedtereisen,/search/price-graph/month,1
/staedtereisen,/availability/last-available-date,12
/staedtereisen,/availability/dates,8
/staedtereisen,/content/filter-facilities,3
/staedtereisen,envPublic.CMS_API/tracking/user-search,4
/last-minute-ferien,/requested-price,46
/last-minute-ferien,/help-centre/faq/save,2
/last-minute-ferien,/availability/from,8
/last-minute-ferien,/price,13
/last-minute-ferien,/destinations/search,29
/last-minute-ferien,/search/packages,24
/last-minute-ferien,/availability/last-available-date,12
/last-minute-ferien,/availability/dates,8
/last-minute-ferien,/content/filter-facilities,3
/last-minute-ferien,envPublic.CMS_API/tracking/user-search,4
/flitterwochen-ferien,/help-centre/faq/save,2
/flitterwochen-ferien,/requested-price,9
/flitterwochen-ferien,/availability/from,14
/flitterwochen-ferien,/price,22
/flitterwochen-ferien,/destinations/search,47
/flitterwochen-ferien,/search/packages,24
/flitterwochen-ferien,/availability/last-available-date,12
/flitterwochen-ferien,/availability/dates,8
/flitterwochen-ferien,/content/filter-facilities,3
/flitterwochen-ferien,envPublic.CMS_API/tracking/user-search,4
/vacances-en-ville,/availability/from,10
/vacances-en-ville,/price,17
/vacances-en-ville,/destinations/search,37
/vacances-en-ville,/help-centre/faq/save,1
/vacances-en-ville,/requested-price,21
/vacances-en-ville,/search/alternative-flights,12
/vacances-en-ville,/search/recommended,5
/vacances-en-ville,/search/packages,34
/vacances-en-ville,/search/price-graph/month,1
/vacances-en-ville,/availability/last-available-date,12
/vacances-en-ville,/availability/dates,8
/vacances-en-ville,/content/filter-facilities,3
/vacances-en-ville,envPublic.CMS_API/tracking/user-search,4
/lunes-de-miel,/help-centre/faq/save,2
/lunes-de-miel,/requested-price,9
/lunes-de-miel,/availability/from,14
/lunes-de-miel,/price,22
/lunes-de-miel,/destinations/search,47
/lunes-de-miel,/search/packages,24
/lunes-de-miel,/availability/last-available-date,12
/lunes-de-miel,/availability/dates,8
/lunes-de-miel,/content/filter-facilities,3
/lunes-de-miel,envPublic.CMS_API/tracking/user-search,4
/urlaubsarten,/search/packages,24
/urlaubsarten,/availability/last-available-date,12
/urlaubsarten,/availability/dates,8
/urlaubsarten,/content/filter-facilities,3
/urlaubsarten,/destinations/search,3
/urlaubsarten,envPublic.CMS_API/tracking/user-search,4
/all-inclusive-urlaub,/availability/from,14
/all-inclusive-urlaub,/price,9
/all-inclusive-urlaub,/destinations/search,18
/all-inclusive-urlaub,/requested-price,15
/all-inclusive-urlaub,/search/alternative-flights,12
/all-inclusive-urlaub,/search/recommended,5
/all-inclusive-urlaub,/search/packages,34
/all-inclusive-urlaub,/search/price-graph/month,1
/all-inclusive-urlaub,/availability/last-available-date,12
/all-inclusive-urlaub,/availability/dates,8
/all-inclusive-urlaub,/content/filter-facilities,3
/all-inclusive-urlaub,envPublic.CMS_API/tracking/user-search,4
/all-inclusive-urlaub,/help-centre/faq/save,2
/urlaubsangebote,/help-centre/faq/save,2
/urlaubsangebote,/requested-price,27
/urlaubsangebote,/search/packages,68
/urlaubsangebote,/availability/last-available-date,28
/urlaubsangebote,/availability/dates,20
/urlaubsangebote,/content/filter-facilities,6
/urlaubsangebote,/destinations/search,19
/urlaubsangebote,envPublic.CMS_API/tracking/user-search,8
/urlaubsangebote,/availability/from,12
/urlaubsangebote,/price,8
/urlaubsangebote,/search/alternative-flights,24
/urlaubsangebote,/search/price-graph/month,2
/urlaubsangebote,/search/recommended,10
/strandurlaub,/requested-price,21
/strandurlaub,/availability/from,18
/strandurlaub,/price,33
/strandurlaub,/destinations/search,69
/strandurlaub,/help-centre/faq/save,1
/strandurlaub,/search/packages,34
/strandurlaub,/availability/last-available-date,12
/strandurlaub,/availability/dates,8
/strandurlaub,/content/filter-facilities,3
/strandurlaub,envPublic.CMS_API/tracking/user-search,4
/strandurlaub,/search/alternative-flights,12
/strandurlaub,/search/recommended,5
/strandurlaub,/search/price-graph/month,1
/familienurlaub,/availability/from,8
/familienurlaub,/price,7
/familienurlaub,/destinations/search,17
/familienurlaub,/search/packages,34
/familienurlaub,/availability/last-available-date,12
/familienurlaub,/availability/dates,8
/familienurlaub,/content/filter-facilities,3
/familienurlaub,envPublic.CMS_API/tracking/user-search,4
/familienurlaub,/help-centre/faq/save,1
/familienurlaub,/requested-price,6
/familienurlaub,/search/alternative-flights,12
/familienurlaub,/search/recommended,5
/familienurlaub,/search/price-graph/month,1
/last-minute-urlaub,/requested-price,46
/last-minute-urlaub,/help-centre/faq/save,2
/last-minute-urlaub,/availability/from,8
/last-minute-urlaub,/price,13
/last-minute-urlaub,/destinations/search,29
/last-minute-urlaub,/search/packages,24
/last-minute-urlaub,/availability/last-available-date,12
/last-minute-urlaub,/availability/dates,8
/last-minute-urlaub,/content/filter-facilities,3
/last-minute-urlaub,envPublic.CMS_API/tracking/user-search,4
/flitterwochen-urlaub,/help-centre/faq/save,2
/flitterwochen-urlaub,/requested-price,9
/flitterwochen-urlaub,/availability/from,14
/flitterwochen-urlaub,/price,22
/flitterwochen-urlaub,/destinations/search,47
/flitterwochen-urlaub,/search/packages,24
/flitterwochen-urlaub,/availability/last-available-date,12
/flitterwochen-urlaub,/availability/dates,8
/flitterwochen-urlaub,/content/filter-facilities,3
/flitterwochen-urlaub,envPublic.CMS_API/tracking/user-search,4
/media-centre,/mediacenter/search,1
/media-centre/press-releases/christmas-beachwear,/requested-price,3
/media-centre/press-releases/christmas-beachwear,/availability/from,2
/media-centre/press-releases/christmas-beachwear,/price,4
/media-centre/press-releases/christmas-beachwear,/destinations/search,8
/media-centre/press-releases/jetflix,/search/packages,10
/media-centre/press-releases/jetflix,/search/alternative-flights,12
/media-centre/press-releases/jetflix,/search/price-graph/month,1
/media-centre/press-releases/jetflix,/search/recommended,5
/media-centre/press-releases/jetflix,/availability/last-available-date,4
/media-centre/press-releases/jetflix,/availability/dates,4
/info/social-media-competitions,/search/packages,24
/info/social-media-competitions,/availability/last-available-date,12
/info/social-media-competitions,/availability/dates,8
/info/social-media-competitions,/content/filter-facilities,3
/info/social-media-competitions,/destinations/search,3
/info/social-media-competitions,envPublic.CMS_API/tracking/user-search,4
/info/insolvency-protection,/help-centre/faq/save,1
/info/on-holiday-support,/help-centre/faq/save,1
/info/on-holiday-support-egypt,/help-centre/faq/save,1
/info/trade-booking-conditions,/help-centre/faq/save,4
/info/covid-19-testing,/help-centre/faq/save,6
/info/covid-travel-tips,/availability/from,2
/info/covid-travel-tips,/price,4
/info/covid-travel-tips,/destinations/search,8
/info/trade-covid-19-testing,/help-centre/faq/save,7
/info/trade-group-holidays,/availability/from,12
/info/trade-group-holidays,/price,24
/info/trade-group-holidays,/destinations/search,48
/info/trade-group-holidays,/help-centre/faq/save,2
/info/trade-rebook-terms,/search/packages,24
/info/trade-rebook-terms,/availability/last-available-date,12
/info/trade-rebook-terms,/availability/dates,8
/info/trade-rebook-terms,/content/filter-facilities,3
/info/trade-rebook-terms,/destinations/search,3
/info/trade-rebook-terms,envPublic.CMS_API/tracking/user-search,4
/info/walkers-and-doritos,/availability/from,8
/info/walkers-and-doritos,/price,16
/info/walkers-and-doritos,/destinations/search,32
/info/traffic-lights,/search/packages,24
/info/traffic-lights,/availability/last-available-date,12
/info/traffic-lights,/availability/dates,8
/info/traffic-lights,/content/filter-facilities,3
/info/traffic-lights,/destinations/search,3
/info/traffic-lights,envPublic.CMS_API/tracking/user-search,4
/info/traffic-lights,/help-centre/faq/save,1
/info/customer-safety-and-wellbeing,/search/alternative-flights,12
/info/customer-safety-and-wellbeing,/search/recommended,5
/info/customer-safety-and-wellbeing,/search/packages,10
/info/customer-safety-and-wellbeing,/search/price-graph/month,1
/info/customer-safety-and-wellbeing,/availability/from,2
/info/customer-safety-and-wellbeing,/price,4
/info/customer-safety-and-wellbeing,/destinations/search,8
/info/customer-safety-and-wellbeing/before-you-travel,/help-centre/faq/save,1
/info/customer-safety-and-wellbeing/before-you-travel,/search/alternative-flights,12
/info/customer-safety-and-wellbeing/before-you-travel,/search/recommended,5
/info/customer-safety-and-wellbeing/before-you-travel,/search/packages,10
/info/customer-safety-and-wellbeing/before-you-travel,/search/price-graph/month,1
/info/customer-safety-and-wellbeing/on-holiday,/help-centre/faq/save,1
/info/customer-safety-and-wellbeing/on-holiday,/search/alternative-flights,12
/info/customer-safety-and-wellbeing/on-holiday,/search/recommended,5
/info/customer-safety-and-wellbeing/on-holiday,/search/packages,10
/info/customer-safety-and-wellbeing/on-holiday,/search/price-graph/month,1
/info/customer-safety-and-wellbeing/out-and-about,/help-centre/faq/save,1
/info/customer-safety-and-wellbeing/out-and-about,/search/alternative-flights,12
/info/customer-safety-and-wellbeing/out-and-about,/search/recommended,5
/info/customer-safety-and-wellbeing/out-and-about,/search/packages,10
/info/customer-safety-and-wellbeing/out-and-about,/search/price-graph/month,1
/info/customer-safety-and-wellbeing/food-and-drink,/search/alternative-flights,12
/info/customer-safety-and-wellbeing/food-and-drink,/search/recommended,5
/info/customer-safety-and-wellbeing/food-and-drink,/search/packages,10
/info/customer-safety-and-wellbeing/food-and-drink,/search/price-graph/month,1
/info/customer-safety-and-wellbeing/food-and-drink,/help-centre/faq/save,1
/info/customer-safety-and-wellbeing/swimming-and-at-the-beach,/help-centre/faq/save,1
/info/customer-safety-and-wellbeing/swimming-and-at-the-beach,/search/alternative-flights,12
/info/customer-safety-and-wellbeing/swimming-and-at-the-beach,/search/recommended,5
/info/customer-safety-and-wellbeing/swimming-and-at-the-beach,/search/packages,10
/info/customer-safety-and-wellbeing/swimming-and-at-the-beach,/search/price-graph/month,1
/info/customer-safety-and-wellbeing/your-hotel,/help-centre/faq/save,1
/info/customer-safety-and-wellbeing/your-hotel,/search/alternative-flights,12
/info/customer-safety-and-wellbeing/your-hotel,/search/recommended,5
/info/customer-safety-and-wellbeing/your-hotel,/search/packages,10
/info/customer-safety-and-wellbeing/your-hotel,/search/price-graph/month,1
/info/customer-safety-and-wellbeing/choosing-your-holiday,/help-centre/faq/save,1
/info/customer-safety-and-wellbeing/choosing-your-holiday,/search/alternative-flights,12
/info/customer-safety-and-wellbeing/choosing-your-holiday,/search/recommended,5
/info/customer-safety-and-wellbeing/choosing-your-holiday,/search/packages,10
/info/customer-safety-and-wellbeing/choosing-your-holiday,/search/price-graph/month,1
/info/customer-safety-and-wellbeing/at-the-airport,/help-centre/faq/save,1
/info/customer-safety-and-wellbeing/at-the-airport,/search/alternative-flights,12
/info/customer-safety-and-wellbeing/at-the-airport,/search/recommended,5
/info/customer-safety-and-wellbeing/at-the-airport,/search/packages,10
/info/customer-safety-and-wellbeing/at-the-airport,/search/price-graph/month,1
/info/customer-safety-and-wellbeing/coming-home,/help-centre/faq/save,1
/info/customer-safety-and-wellbeing/coming-home,/search/alternative-flights,12
/info/customer-safety-and-wellbeing/coming-home,/search/recommended,5
/info/customer-safety-and-wellbeing/coming-home,/search/packages,10
/info/customer-safety-and-wellbeing/coming-home,/search/price-graph/month,1
/info/customer-safety-and-wellbeing-eu,/search/alternative-flights,12
/info/customer-safety-and-wellbeing-eu,/search/recommended,5
/info/customer-safety-and-wellbeing-eu,/search/packages,10
/info/customer-safety-and-wellbeing-eu,/search/price-graph/month,1
/info/customer-safety-and-wellbeing-eu,/availability/from,2
/info/customer-safety-and-wellbeing-eu,/price,4
/info/customer-safety-and-wellbeing-eu,/destinations/search,8
/info/customer-safety-and-wellbeing-eu/before-you-travel,/help-centre/faq/save,1
/info/customer-safety-and-wellbeing-eu/before-you-travel,/search/alternative-flights,12
/info/customer-safety-and-wellbeing-eu/before-you-travel,/search/recommended,5
/info/customer-safety-and-wellbeing-eu/before-you-travel,/search/packages,10
/info/customer-safety-and-wellbeing-eu/before-you-travel,/search/price-graph/month,1
/info/customer-safety-and-wellbeing-eu/on-holiday,/help-centre/faq/save,1
/info/customer-safety-and-wellbeing-eu/on-holiday,/search/alternative-flights,12
/info/customer-safety-and-wellbeing-eu/on-holiday,/search/recommended,5
/info/customer-safety-and-wellbeing-eu/on-holiday,/search/packages,10
/info/customer-safety-and-wellbeing-eu/on-holiday,/search/price-graph/month,1
/info/customer-safety-and-wellbeing-eu/out-and-about,/help-centre/faq/save,1
/info/customer-safety-and-wellbeing-eu/out-and-about,/search/alternative-flights,12
/info/customer-safety-and-wellbeing-eu/out-and-about,/search/recommended,5
/info/customer-safety-and-wellbeing-eu/out-and-about,/search/packages,10
/info/customer-safety-and-wellbeing-eu/out-and-about,/search/price-graph/month,1
/info/customer-safety-and-wellbeing-eu/food-and-drink,/search/alternative-flights,12
/info/customer-safety-and-wellbeing-eu/food-and-drink,/search/recommended,5
/info/customer-safety-and-wellbeing-eu/food-and-drink,/search/packages,10
/info/customer-safety-and-wellbeing-eu/food-and-drink,/search/price-graph/month,1
/info/customer-safety-and-wellbeing-eu/food-and-drink,/help-centre/faq/save,1
/info/customer-safety-and-wellbeing-eu/swimming-and-at-the-beach,/help-centre/faq/save,1
/info/customer-safety-and-wellbeing-eu/swimming-and-at-the-beach,/search/alternative-flights,12
/info/customer-safety-and-wellbeing-eu/swimming-and-at-the-beach,/search/recommended,5
/info/customer-safety-and-wellbeing-eu/swimming-and-at-the-beach,/search/packages,10
/info/customer-safety-and-wellbeing-eu/swimming-and-at-the-beach,/search/price-graph/month,1
/info/customer-safety-and-wellbeing-eu/your-hotel,/help-centre/faq/save,1
/info/customer-safety-and-wellbeing-eu/your-hotel,/search/alternative-flights,12
/info/customer-safety-and-wellbeing-eu/your-hotel,/search/recommended,5
/info/customer-safety-and-wellbeing-eu/your-hotel,/search/packages,10
/info/customer-safety-and-wellbeing-eu/your-hotel,/search/price-graph/month,1
/info/customer-safety-and-wellbeing-eu/choosing-your-holiday,/help-centre/faq/save,1
/info/customer-safety-and-wellbeing-eu/choosing-your-holiday,/search/alternative-flights,12
/info/customer-safety-and-wellbeing-eu/choosing-your-holiday,/search/recommended,5
/info/customer-safety-and-wellbeing-eu/choosing-your-holiday,/search/packages,10
/info/customer-safety-and-wellbeing-eu/choosing-your-holiday,/search/price-graph/month,1
/info/customer-safety-and-wellbeing-eu/at-the-airport,/help-centre/faq/save,1
/info/customer-safety-and-wellbeing-eu/at-the-airport,/search/alternative-flights,12
/info/customer-safety-and-wellbeing-eu/at-the-airport,/search/recommended,5
/info/customer-safety-and-wellbeing-eu/at-the-airport,/search/packages,10
/info/customer-safety-and-wellbeing-eu/at-the-airport,/search/price-graph/month,1
/info/customer-safety-and-wellbeing-eu/coming-home,/help-centre/faq/save,1
/info/customer-safety-and-wellbeing-eu/coming-home,/search/alternative-flights,12
/info/customer-safety-and-wellbeing-eu/coming-home,/search/recommended,5
/info/customer-safety-and-wellbeing-eu/coming-home,/search/packages,10
/info/customer-safety-and-wellbeing-eu/coming-home,/search/price-graph/month,1
/info/protection-promise,/search/alternative-flights,12
/info/protection-promise,/search/recommended,5
/info/protection-promise,/search/packages,10
/info/protection-promise,/search/price-graph/month,1
/info/rebook-terms,/search/packages,24
/info/rebook-terms,/availability/last-available-date,12
/info/rebook-terms,/availability/dates,8
/info/rebook-terms,/content/filter-facilities,3
/info/rebook-terms,/destinations/search,3
/info/rebook-terms,envPublic.CMS_API/tracking/user-search,4
/info/sustainability-about-page,/search/packages,24
/info/sustainability-about-page,/availability/last-available-date,12
/info/sustainability-about-page,/availability/dates,8
/info/sustainability-about-page,/content/filter-facilities,3
/info/sustainability-about-page,/destinations/search,3
/info/sustainability-about-page,envPublic.CMS_API/tracking/user-search,4
/info/why-book-with-us,/availability/from,14
/info/why-book-with-us,/price,28
/info/why-book-with-us,/destinations/search,59
/info/why-book-with-us,/search/packages,24
/info/why-book-with-us,/availability/last-available-date,12
/info/why-book-with-us,/availability/dates,8
/info/why-book-with-us,/content/filter-facilities,3
/info/why-book-with-us,envPublic.CMS_API/tracking/user-search,4
/info/return-transfers,/help-centre/faq/save,1
/info/amend-offer-standard-terms,/search/packages,24
/info/amend-offer-standard-terms,/availability/last-available-date,12
/info/amend-offer-standard-terms,/availability/dates,8
/info/amend-offer-standard-terms,/content/filter-facilities,3
/info/amend-offer-standard-terms,/destinations/search,3
/info/amend-offer-standard-terms,envPublic.CMS_API/tracking/user-search,4
/info/amend-offer-terms,/search/packages,24
/info/amend-offer-terms,/availability/last-available-date,12
/info/amend-offer-terms,/availability/dates,8
/info/amend-offer-terms,/content/filter-facilities,3
/info/amend-offer-terms,/destinations/search,3
/info/amend-offer-terms,envPublic.CMS_API/tracking/user-search,4
/info/amend-terms,/search/packages,24
/info/amend-terms,/availability/last-available-date,12
/info/amend-terms,/availability/dates,8
/info/amend-terms,/content/filter-facilities,3
/info/amend-terms,/destinations/search,3
/info/amend-terms,envPublic.CMS_API/tracking/user-search,4
/info/booking-conditions,/help-centre/faq/save,6
/info/booking-conditions,/availability/from,2
/info/booking-conditions,/price,4
/info/booking-conditions,/destinations/search,8
/info/booking-conditions-eu,/help-centre/faq/save,6
/info/disruption,/availability/from,4
/info/disruption,/price,8
/info/disruption,/destinations/search,19
/info/disruption,/help-centre/faq/save,2
/info/disruption,/search/packages,24
/info/disruption,/availability/last-available-date,12
/info/disruption,/availability/dates,8
/info/disruption,/content/filter-facilities,3
/info/disruption,envPublic.CMS_API/tracking/user-search,4
/info/terms-of-use,/help-centre/faq/save,1
/info/destination-travel-information,/help-centre/faq/save,1
/info/travel-information,/search/packages,24
/info/travel-information,/availability/last-available-date,12
/info/travel-information,/availability/dates,8
/info/travel-information,/content/filter-facilities,3
/info/travel-information,/destinations/search,3
/info/travel-information,envPublic.CMS_API/tracking/user-search,4
/info/travel-information,/help-centre/faq/save,1
/info/prospect-privacy-policy,/availability/from,2
/info/prospect-privacy-policy,/price,4
/info/prospect-privacy-policy,/destinations/search,8
/info/contact-us,/availability/from,8
/info/contact-us,/price,16
/info/contact-us,/destinations/search,32
/campaigns/black-friday,/availability/from,4
/campaigns/black-friday,/price,8
/campaigns/black-friday,/destinations/search,19
/campaigns/black-friday,/search/packages,24
/campaigns/black-friday,/availability/last-available-date,12
/campaigns/black-friday,/availability/dates,8
/campaigns/black-friday,/content/filter-facilities,3
/campaigns/black-friday,envPublic.CMS_API/tracking/user-search,4
/campaigns/sale,/availability/from,4
/campaigns/sale,/price,8
/campaigns/sale,/destinations/search,19
/campaigns/sale,/search/packages,24
/campaigns/sale,/availability/last-available-date,12
/campaigns/sale,/availability/dates,8
/campaigns/sale,/content/filter-facilities,3
/campaigns/sale,envPublic.CMS_API/tracking/user-search,4
/eco-certified-hotels,/search/packages,10
/eco-certified-hotels,/search/alternative-flights,12
/eco-certified-hotels,/search/price-graph/month,1
/eco-certified-hotels,/search/recommended,5
/eco-certified-hotels,/availability/last-available-date,4
/eco-certified-hotels,/availability/dates,4
/easter-deals,/search/packages,10
/easter-deals,/search/alternative-flights,12
/easter-deals,/search/price-graph/month,1
/easter-deals,/search/recommended,5
/easter-deals,/help-centre/faq/save,1
/easter-deals,/availability/last-available-date,4
/easter-deals,/availability/dates,4
/holidays-in-winter,/availability/last-available-date,4
/holidays-in-winter,/availability/dates,4
/holidays-in-winter,/search/packages,10
/holidays-in-winter,/search/alternative-flights,12
/holidays-in-winter,/search/price-graph/month,1
/holidays-in-winter,/search/recommended,5
/holidays-in-spring,/search/packages,10
/holidays-in-spring,/search/alternative-flights,12
/holidays-in-spring,/search/price-graph/month,1
/holidays-in-spring,/search/recommended,5
/holidays-in-spring,/availability/last-available-date,4
/holidays-in-spring,/availability/dates,4
/discounted-holidays,/availability/last-available-date,4
/discounted-holidays,/availability/dates,4
/discounted-holidays,/search/packages,10
/discounted-holidays,/search/alternative-flights,12
/discounted-holidays,/search/price-graph/month,1
/discounted-holidays,/search/recommended,5
/holidays-in-summer,/availability/last-available-date,4
/holidays-in-summer,/availability/dates,4
/holidays-in-summer,/search/packages,10
/holidays-in-summer,/search/alternative-flights,12
/holidays-in-summer,/search/price-graph/month,1
/holidays-in-summer,/search/recommended,5
/holidays-in-autumn,/availability/last-available-date,4
/holidays-in-autumn,/availability/dates,4
/holidays-in-autumn,/search/packages,10
/holidays-in-autumn,/search/alternative-flights,12
/holidays-in-autumn,/search/price-graph/month,1
/holidays-in-autumn,/search/recommended,5
/holidays-from-geneva,/availability/last-available-date,4
/holidays-from-geneva,/availability/dates,4
/holidays-from-geneva,/search/packages,10
/holidays-from-geneva,/search/alternative-flights,12
/holidays-from-geneva,/search/price-graph/month,1
/holidays-from-geneva,/search/recommended,5
/holidays-from-swiss---geneva,/search/packages,10
/holidays-from-swiss---geneva,/search/alternative-flights,12
/holidays-from-swiss---geneva,/search/price-graph/month,1
/holidays-from-swiss---geneva,/search/recommended,5
/holidays-from-swiss---geneva,/availability/last-available-date,4
/holidays-from-swiss---geneva,/availability/dates,4
/holidays-from-swiss---zurich,/search/packages,10
/holidays-from-swiss---zurich,/search/alternative-flights,12
/holidays-from-swiss---zurich,/search/price-graph/month,1
/holidays-from-swiss---zurich,/search/recommended,5
/holidays-from-swiss---zurich,/availability/last-available-date,4
/holidays-from-swiss---zurich,/availability/dates,4
/holidays-from-zurich,/availability/last-available-date,4
/holidays-from-zurich,/availability/dates,4
/holidays-from-zurich,/search/packages,10
/holidays-from-zurich,/search/alternative-flights,12
/holidays-from-zurich,/search/price-graph/month,1
/holidays-from-zurich,/search/recommended,5
/holidays-from-basel,/availability/last-available-date,4
/holidays-from-basel,/availability/dates,4
/holidays-from-basel,/search/packages,10
/holidays-from-basel,/search/alternative-flights,12
/holidays-from-basel,/search/price-graph/month,1
/holidays-from-basel,/search/recommended,5
/holidays-from-swiss---basel,/availability/last-available-date,4
/holidays-from-swiss---basel,/availability/dates,4
/holidays-from-swiss---basel,/search/packages,10
/holidays-from-swiss---basel,/search/alternative-flights,12
/holidays-from-swiss---basel,/search/price-graph/month,1
/holidays-from-swiss---basel,/search/recommended,5
/holidays-from-berlin,/availability/last-available-date,4
/holidays-from-berlin,/availability/dates,4
/holidays-from-berlin,/search/packages,10
/holidays-from-berlin,/search/alternative-flights,12
/holidays-from-berlin,/search/price-graph/month,1
/holidays-from-berlin,/search/recommended,5
/holidays-from-hamburg,/availability/last-available-date,4
/holidays-from-hamburg,/availability/dates,4
/holidays-from-hamburg,/search/packages,10
/holidays-from-hamburg,/search/alternative-flights,12
/holidays-from-hamburg,/search/price-graph/month,1
/holidays-from-hamburg,/search/recommended,5
/holidays-from-munich,/availability/last-available-date,4
/holidays-from-munich,/availability/dates,4
/holidays-from-munich,/search/packages,10
/holidays-from-munich,/search/alternative-flights,12
/holidays-from-munich,/search/price-graph/month,1
/holidays-from-munich,/search/recommended,5
/holidays-from-bordeaux,/availability/last-available-date,4
/holidays-from-bordeaux,/availability/dates,4
/holidays-from-bordeaux,/search/packages,10
/holidays-from-bordeaux,/search/alternative-flights,12
/holidays-from-bordeaux,/search/price-graph/month,1
/holidays-from-bordeaux,/search/recommended,5
/holidays-from-nantes,/search/packages,10
/holidays-from-nantes,/search/alternative-flights,12
/holidays-from-nantes,/search/price-graph/month,1
/holidays-from-nantes,/search/recommended,5
/holidays-from-nantes,/availability/last-available-date,4
/holidays-from-nantes,/availability/dates,4
/holidays-from-nice,/availability/last-available-date,4
/holidays-from-nice,/availability/dates,4
/holidays-from-nice,/search/packages,10
/holidays-from-nice,/search/alternative-flights,12
/holidays-from-nice,/search/price-graph/month,1
/holidays-from-nice,/search/recommended,5
/holidays-from-toulouse,/availability/last-available-date,4
/holidays-from-toulouse,/availability/dates,4
/holidays-from-toulouse,/search/packages,10
/holidays-from-toulouse,/search/alternative-flights,12
/holidays-from-toulouse,/search/price-graph/month,1
/holidays-from-toulouse,/search/recommended,5
/holidays-from-france---lyon,/search/packages,10
/holidays-from-france---lyon,/search/alternative-flights,12
/holidays-from-france---lyon,/search/price-graph/month,1
/holidays-from-france---lyon,/search/recommended,5
/holidays-from-france---lyon,/availability/last-available-date,4
/holidays-from-france---lyon,/availability/dates,4
/holidays-from-lyon,/availability/last-available-date,4
/holidays-from-lyon,/availability/dates,4
/holidays-from-lyon,/search/packages,10
/holidays-from-lyon,/search/alternative-flights,12
/holidays-from-lyon,/search/price-graph/month,1
/holidays-from-lyon,/search/recommended,5
/holidays-from-marseille,/availability/last-available-date,4
/holidays-from-marseille,/availability/dates,4
/holidays-from-marseille,/search/packages,10
/holidays-from-marseille,/search/alternative-flights,12
/holidays-from-marseille,/search/price-graph/month,1
/holidays-from-marseille,/search/recommended,5
/holidays-from-paris,/availability/last-available-date,4
/holidays-from-paris,/availability/dates,4
/holidays-from-paris,/search/packages,10
/holidays-from-paris,/search/alternative-flights,12
/holidays-from-paris,/search/price-graph/month,1
/holidays-from-paris,/search/recommended,5
/all-inclusive-deals,/search/packages,10
/all-inclusive-deals,/search/alternative-flights,12
/all-inclusive-deals,/search/price-graph/month,1
/all-inclusive-deals,/search/recommended,5
/all-inclusive-deals,/availability/last-available-date,4
/all-inclusive-deals,/availability/dates,4
/beach-holiday-deals,/help-centre/faq/save,1
/beach-holiday-deals,/search/packages,10
/beach-holiday-deals,/search/alternative-flights,12
/beach-holiday-deals,/search/price-graph/month,1
/beach-holiday-deals,/search/recommended,5
/beach-holiday-deals,/availability/last-available-date,4
/beach-holiday-deals,/availability/dates,4
/city-break-deals,/availability/last-available-date,4
/city-break-deals,/availability/dates,4
/city-break-deals,/search/packages,10
/city-break-deals,/search/alternative-flights,12
/city-break-deals,/search/price-graph/month,1
/city-break-deals,/search/recommended,5
/last-minute-beach-deals,/search/packages,10
/last-minute-beach-deals,/search/alternative-flights,12
/last-minute-beach-deals,/search/price-graph/month,1
/last-minute-beach-deals,/search/recommended,5
/last-minute-beach-deals,/availability/last-available-date,4
/last-minute-beach-deals,/availability/dates,4
/last-minute-city-breaks,/search/packages,10
/last-minute-city-breaks,/search/alternative-flights,12
/last-minute-city-breaks,/search/price-graph/month,1
/last-minute-city-breaks,/search/recommended,5
/last-minute-city-breaks,/availability/last-available-date,4
/last-minute-city-breaks,/availability/dates,4
/last-minute-city-breaks,/help-centre/faq/save,1
/last-minute-deals,/availability/last-available-date,4
/last-minute-deals,/availability/dates,4
/last-minute-deals,/search/packages,10
/last-minute-deals,/search/alternative-flights,12
/last-minute-deals,/search/price-graph/month,1
/last-minute-deals,/search/recommended,5
/family-holiday-deals,/help-centre/faq/save,1
/family-holiday-deals,/availability/last-available-date,4
/family-holiday-deals,/availability/dates,4
/family-holiday-deals,/search/packages,10
/family-holiday-deals,/search/alternative-flights,12
/family-holiday-deals,/search/price-graph/month,1
/family-holiday-deals,/search/recommended,5
/honeymoon-holiday-deals,/search/packages,10
/honeymoon-holiday-deals,/search/alternative-flights,12
/honeymoon-holiday-deals,/search/price-graph/month,1
/honeymoon-holiday-deals,/search/recommended,5
/honeymoon-holiday-deals,/availability/last-available-date,4
/honeymoon-holiday-deals,/availability/dates,4
/next-winter-deals,/availability/last-available-date,4
/next-winter-deals,/availability/dates,4
/next-winter-deals,/search/packages,10
/next-winter-deals,/search/alternative-flights,12
/next-winter-deals,/search/price-graph/month,1
/next-winter-deals,/search/recommended,5
/next-summer-deals,/search/packages,10
/next-summer-deals,/search/alternative-flights,12
/next-summer-deals,/search/price-graph/month,1
/next-summer-deals,/search/recommended,5
/next-summer-deals,/availability/last-available-date,4
/next-summer-deals,/availability/dates,4
/free-child-places-deals,/search/packages,10
/free-child-places-deals,/search/alternative-flights,12
/free-child-places-deals,/search/price-graph/month,1
/free-child-places-deals,/search/recommended,5
/free-child-places-deals,/availability/last-available-date,4
/free-child-places-deals,/availability/dates,4
/free-child-places-2024,/availability/last-available-date,4
/free-child-places-2024,/availability/dates,4
/free-child-places-2024,/search/packages,10
/free-child-places-2024,/search/alternative-flights,12
/free-child-places-2024,/search/price-graph/month,1
/free-child-places-2024,/search/recommended,5
/holidays-under-300pp,/search/packages,10
/holidays-under-300pp,/search/alternative-flights,12
/holidays-under-300pp,/search/price-graph/month,1
/holidays-under-300pp,/search/recommended,5
/holidays-under-300pp,/availability/last-available-date,4
/holidays-under-300pp,/availability/dates,4
/holidays-under-400pp,/search/packages,10
/holidays-under-400pp,/search/alternative-flights,12
/holidays-under-400pp,/search/price-graph/month,1
/holidays-under-400pp,/search/recommended,5
/holidays-under-400pp,/availability/last-available-date,4
/holidays-under-400pp,/availability/dates,4
/holidays-under-500pp,/search/packages,10
/holidays-under-500pp,/search/alternative-flights,12
/holidays-under-500pp,/search/price-graph/month,1
/holidays-under-500pp,/search/recommended,5
/holidays-under-500pp,/availability/last-available-date,4
/holidays-under-500pp,/availability/dates,4
/angebote,/search/packages,10
/angebote,/search/alternative-flights,12
/angebote,/search/price-graph/month,1
/angebote,/search/recommended,5
/angebote,/availability/last-available-date,4
/angebote,/availability/dates,4
/campaigns/holiday-reading-list,/availability/from,2
/campaigns/holiday-reading-list,/price,4
/campaigns/holiday-reading-list,/destinations/search,8
/campaigns/beach-in-a-box,/requested-price,3
/campaigns/beach-in-a-box,/availability/from,2
/campaigns/beach-in-a-box,/price,4
/campaigns/beach-in-a-box,/destinations/search,8
/campaigns/christmas-beachwear,/requested-price,3
/campaigns/christmas-beachwear,/availability/from,2
/campaigns/christmas-beachwear,/price,4
/campaigns/christmas-beachwear,/destinations/search,8
/campaigns/gatwick-next-holiday,/availability/from,2
/campaigns/gatwick-next-holiday,/price,4
/campaigns/gatwick-next-holiday,/destinations/search,8
/campaigns/gatwick-next-holiday,/requested-price,6
/campaigns/family-holiday-promotions,/availability/last-available-date,4
/campaigns/family-holiday-promotions,/availability/dates,4
/campaigns/family-holiday-promotions,/search/packages,10
/campaigns/family-holiday-promotions,/search/alternative-flights,12
/campaigns/family-holiday-promotions,/search/price-graph/month,1
/campaigns/family-holiday-promotions,/search/recommended,5
/campaigns/gatwick-holiday-promotions,/search/packages,10
/campaigns/gatwick-holiday-promotions,/search/alternative-flights,12
/campaigns/gatwick-holiday-promotions,/search/price-graph/month,1
/campaigns/gatwick-holiday-promotions,/search/recommended,5
/campaigns/gatwick-holiday-promotions,/availability/last-available-date,4
/campaigns/gatwick-holiday-promotions,/availability/dates,4
/the-99-collection,/availability/from,18
/the-99-collection,/price,33
/the-99-collection,/destinations/search,69
/the-99-collection,/search/packages,24
/the-99-collection,/availability/last-available-date,12
/the-99-collection,/availability/dates,8
/the-99-collection,/content/filter-facilities,3
/the-99-collection,envPublic.CMS_API/tracking/user-search,4
/the-99-collection,/requested-price,2
/dadsclub,/availability/from,10
/dadsclub,/price,4
/dadsclub,/destinations/search,8
/dadsclub,/search/packages,24
/dadsclub,/availability/last-available-date,12
/dadsclub,/availability/dates,8
/dadsclub,/content/filter-facilities,3
/dadsclub,envPublic.CMS_API/tracking/user-search,4
/grans-go-free,/search/packages,24
/grans-go-free,/availability/last-available-date,12
/grans-go-free,/availability/dates,8
/grans-go-free,/content/filter-facilities,3
/grans-go-free,/destinations/search,5
/grans-go-free,envPublic.CMS_API/tracking/user-search,4
/grans-go-free,/requested-price,3
/grans-go-free,/availability/from,2
/grans-go-free,/price,1
/iberostar,/availability/from,2
/iberostar,/price,1
/iberostar,/destinations/search,2
/constantinou-bros-hotels,/search/packages,10
/constantinou-bros-hotels,/search/alternative-flights,12
/constantinou-bros-hotels,/search/price-graph/month,1
/constantinou-bros-hotels,/search/recommended,5
/constantinou-bros-hotels,/availability/last-available-date,4
/constantinou-bros-hotels,/availability/dates,4
/cornelia-hotels,/availability/last-available-date,4
/cornelia-hotels,/availability/dates,4
/cornelia-hotels,/search/packages,10
/cornelia-hotels,/search/alternative-flights,12
/cornelia-hotels,/search/price-graph/month,1
/cornelia-hotels,/search/recommended,5
/atlantica-hotels,/search/packages,10
/atlantica-hotels,/search/alternative-flights,12
/atlantica-hotels,/search/price-graph/month,1
/atlantica-hotels,/search/recommended,5
/atlantica-hotels,/availability/last-available-date,4
/atlantica-hotels,/availability/dates,4
/condian-hotels,/availability/last-available-date,4
/condian-hotels,/availability/dates,4
/condian-hotels,/search/packages,10
/condian-hotels,/search/alternative-flights,12
/condian-hotels,/search/price-graph/month,1
/condian-hotels,/search/recommended,5
/coral-hotels,/search/packages,10
/coral-hotels,/search/alternative-flights,12
/coral-hotels,/search/price-graph/month,1
/coral-hotels,/search/recommended,5
/coral-hotels,/availability/last-available-date,4
/coral-hotels,/availability/dates,4
/fergus-hotels,/availability/last-available-date,4
/fergus-hotels,/availability/dates,4
/fergus-hotels,/search/packages,10
/fergus-hotels,/search/alternative-flights,12
/fergus-hotels,/search/price-graph/month,1
/fergus-hotels,/search/recommended,5
/helios-hotels-and-resorts,/availability/last-available-date,4
/helios-hotels-and-resorts,/availability/dates,4
/helios-hotels-and-resorts,/search/packages,10
/helios-hotels-and-resorts,/search/alternative-flights,12
/helios-hotels-and-resorts,/search/price-graph/month,1
/helios-hotels-and-resorts,/search/recommended,5
/liberty-hotels,/availability/last-available-date,4
/liberty-hotels,/availability/dates,4
/liberty-hotels,/search/packages,10
/liberty-hotels,/search/alternative-flights,12
/liberty-hotels,/search/price-graph/month,1
/liberty-hotels,/search/recommended,5
/atrium-hotels-and-resorts,/availability/last-available-date,4
/atrium-hotels-and-resorts,/availability/dates,4
/atrium-hotels-and-resorts,/search/packages,10
/atrium-hotels-and-resorts,/search/alternative-flights,12
/atrium-hotels-and-resorts,/search/price-graph/month,1
/atrium-hotels-and-resorts,/search/recommended,5
/domes-resorts,/availability/last-available-date,4
/domes-resorts,/availability/dates,4
/domes-resorts,/search/packages,10
/domes-resorts,/search/alternative-flights,12
/domes-resorts,/search/price-graph/month,1
/domes-resorts,/search/recommended,5
/elba-hotels,/availability/last-available-date,4
/elba-hotels,/availability/dates,4
/elba-hotels,/search/packages,10
/elba-hotels,/search/alternative-flights,12
/elba-hotels,/search/price-graph/month,1
/elba-hotels,/search/recommended,5
/sunrise-resorts,/availability/last-available-date,4
/sunrise-resorts,/availability/dates,4
/sunrise-resorts,/search/packages,10
/sunrise-resorts,/search/alternative-flights,12
/sunrise-resorts,/search/price-graph/month,1
/sunrise-resorts,/search/recommended,5
/vibra-hotels,/search/packages,10
/vibra-hotels,/search/alternative-flights,12
/vibra-hotels,/search/price-graph/month,1
/vibra-hotels,/search/recommended,5
/vibra-hotels,/availability/last-available-date,4
/vibra-hotels,/availability/dates,4
/adriatic-luxury-hotels,/availability/last-available-date,4
/adriatic-luxury-hotels,/availability/dates,4
/adriatic-luxury-hotels,/search/packages,10
/adriatic-luxury-hotels,/search/alternative-flights,12
/adriatic-luxury-hotels,/search/price-graph/month,1
/adriatic-luxury-hotels,/search/recommended,5
/lindos-hotels,/search/packages,10
/lindos-hotels,/search/alternative-flights,12
/lindos-hotels,/search/price-graph/month,1
/lindos-hotels,/search/recommended,5
/lindos-hotels,/availability/last-available-date,4
/lindos-hotels,/availability/dates,4
/louis-hotels,/availability/last-available-date,4
/louis-hotels,/availability/dates,4
/louis-hotels,/search/packages,10
/louis-hotels,/search/alternative-flights,12
/louis-hotels,/search/price-graph/month,1
/louis-hotels,/search/recommended,5
/savoy-hotels,/search/packages,10
/savoy-hotels,/search/alternative-flights,12
/savoy-hotels,/search/price-graph/month,1
/savoy-hotels,/search/recommended,5
/savoy-hotels,/availability/last-available-date,4
/savoy-hotels,/availability/dates,4
/barcelo-hotels,/availability/last-available-date,4
/barcelo-hotels,/availability/dates,4
/barcelo-hotels,/search/packages,10
/barcelo-hotels,/search/alternative-flights,12
/barcelo-hotels,/search/price-graph/month,1
/barcelo-hotels,/search/recommended,5
/bahia-principe,/search/packages,10
/bahia-principe,/search/alternative-flights,12
/bahia-principe,/search/price-graph/month,1
/bahia-principe,/search/recommended,5
/bahia-principe,/availability/last-available-date,4
/bahia-principe,/availability/dates,4
/barut-hotels,/search/packages,10
/barut-hotels,/search/alternative-flights,12
/barut-hotels,/search/price-graph/month,1
/barut-hotels,/search/recommended,5
/barut-hotels,/availability/last-available-date,4
/barut-hotels,/availability/dates,4
/be-live,/availability/last-available-date,4
/be-live,/availability/dates,4
/be-live,/search/packages,10
/be-live,/search/alternative-flights,12
/be-live,/search/price-graph/month,1
/be-live,/search/recommended,5
/best-hotels,/availability/last-available-date,4
/best-hotels,/availability/dates,4
/best-hotels,/search/packages,10
/best-hotels,/search/alternative-flights,12
/best-hotels,/search/price-graph/month,1
/best-hotels,/search/recommended,5
/eftalia-hotels,/availability/last-available-date,4
/eftalia-hotels,/availability/dates,4
/eftalia-hotels,/search/packages,10
/eftalia-hotels,/search/alternative-flights,12
/eftalia-hotels,/search/price-graph/month,1
/eftalia-hotels,/search/recommended,5
/globales-hotels,/availability/last-available-date,4
/globales-hotels,/availability/dates,4
/globales-hotels,/search/packages,10
/globales-hotels,/search/alternative-flights,12
/globales-hotels,/search/price-graph/month,1
/globales-hotels,/search/recommended,5
/grecotel-hotels,/search/packages,10
/grecotel-hotels,/search/alternative-flights,12
/grecotel-hotels,/search/price-graph/month,1
/grecotel-hotels,/search/recommended,5
/grecotel-hotels,/availability/last-available-date,4
/grecotel-hotels,/availability/dates,4
/h-hotels,/availability/last-available-date,4
/h-hotels,/availability/dates,4
/h-hotels,/search/packages,10
/h-hotels,/search/alternative-flights,12
/h-hotels,/search/price-graph/month,1
/h-hotels,/search/recommended,5
/hyatt-inclusive-collection,/search/packages,10
/hyatt-inclusive-collection,/search/alternative-flights,12
/hyatt-inclusive-collection,/search/price-graph/month,1
/hyatt-inclusive-collection,/search/recommended,5
/hyatt-inclusive-collection,/availability/last-available-date,4
/hyatt-inclusive-collection,/availability/dates,4
/magic-costa-blanca,/availability/last-available-date,4
/magic-costa-blanca,/availability/dates,4
/magic-costa-blanca,/search/packages,10
/magic-costa-blanca,/search/alternative-flights,12
/magic-costa-blanca,/search/price-graph/month,1
/magic-costa-blanca,/search/recommended,5
/medplaya-hotels,/search/packages,10
/medplaya-hotels,/search/alternative-flights,12
/medplaya-hotels,/search/price-graph/month,1
/medplaya-hotels,/search/recommended,5
/medplaya-hotels,/availability/last-available-date,4
/medplaya-hotels,/availability/dates,4
/mitsis,/search/packages,10
/mitsis,/search/alternative-flights,12
/mitsis,/search/price-graph/month,1
/mitsis,/search/recommended,5
/mitsis,/availability/last-available-date,4
/mitsis,/availability/dates,4
/palladium,/search/packages,10
/palladium,/search/alternative-flights,12
/palladium,/search/price-graph/month,1
/palladium,/search/recommended,5
/palladium,/availability/last-available-date,4
/palladium,/availability/dates,4
/pickalbatros,/availability/last-available-date,4
/pickalbatros,/availability/dates,4
/pickalbatros,/search/packages,10
/pickalbatros,/search/alternative-flights,12
/pickalbatros,/search/price-graph/month,1
/pickalbatros,/search/recommended,5
/riu-hotels,/availability/last-available-date,4
/riu-hotels,/availability/dates,4
/riu-hotels,/search/packages,10
/riu-hotels,/search/alternative-flights,12
/riu-hotels,/search/price-graph/month,1
/riu-hotels,/search/recommended,5
/servatur,/search/packages,10
/servatur,/search/alternative-flights,12
/servatur,/search/price-graph/month,1
/servatur,/search/recommended,5
/servatur,/availability/last-available-date,4
/servatur,/availability/dates,4
/spring-hotels,/availability/last-available-date,4
/spring-hotels,/availability/dates,4
/spring-hotels,/search/packages,10
/spring-hotels,/search/alternative-flights,12
/spring-hotels,/search/price-graph/month,1
/spring-hotels,/search/recommended,5
/stella-hotels,/availability/last-available-date,4
/stella-hotels,/availability/dates,4
/stella-hotels,/search/packages,10
/stella-hotels,/search/alternative-flights,12
/stella-hotels,/search/price-graph/month,1
/stella-hotels,/search/recommended,5
/thb-hotels,/availability/last-available-date,4
/thb-hotels,/availability/dates,4
/thb-hotels,/search/packages,10
/thb-hotels,/search/alternative-flights,12
/thb-hotels,/search/price-graph/month,1
/thb-hotels,/search/recommended,5
/tsokkos-hotels,/search/packages,10
/tsokkos-hotels,/search/alternative-flights,12
/tsokkos-hotels,/search/price-graph/month,1
/tsokkos-hotels,/search/recommended,5
/tsokkos-hotels,/availability/last-available-date,4
/tsokkos-hotels,/availability/dates,4
/ukino-hotels,/search/packages,10
/ukino-hotels,/search/alternative-flights,12
/ukino-hotels,/search/price-graph/month,1
/ukino-hotels,/search/recommended,5
/ukino-hotels,/availability/last-available-date,4
/ukino-hotels,/availability/dates,4
/portaventura-hotels,/search/packages,10
/portaventura-hotels,/search/alternative-flights,12
/portaventura-hotels,/search/price-graph/month,1
/portaventura-hotels,/search/recommended,5
/portaventura-hotels,/availability/last-available-date,4
/portaventura-hotels,/availability/dates,4
/voyage-hotels,/search/packages,10
/voyage-hotels,/search/alternative-flights,12
/voyage-hotels,/search/price-graph/month,1
/voyage-hotels,/search/recommended,5
/voyage-hotels,/availability/last-available-date,4
/voyage-hotels,/availability/dates,4
/h10-hotels,/availability/last-available-date,4
/h10-hotels,/availability/dates,4
/h10-hotels,/search/packages,10
/h10-hotels,/search/alternative-flights,12
/h10-hotels,/search/price-graph/month,1
/h10-hotels,/search/recommended,5
/iberostar-eco-hotels,/search/packages,10
/iberostar-eco-hotels,/search/alternative-flights,12
/iberostar-eco-hotels,/search/price-graph/month,1
/iberostar-eco-hotels,/search/recommended,5
/iberostar-eco-hotels,/availability/last-available-date,4
/iberostar-eco-hotels,/availability/dates,4
/iberostar-hotels,/availability/last-available-date,4
/iberostar-hotels,/availability/dates,4
/iberostar-hotels,/search/packages,10
/iberostar-hotels,/search/alternative-flights,12
/iberostar-hotels,/search/price-graph/month,1
/iberostar-hotels,/search/recommended,5
/jaz-hotels,/search/packages,10
/jaz-hotels,/search/alternative-flights,12
/jaz-hotels,/search/price-graph/month,1
/jaz-hotels,/search/recommended,5
/jaz-hotels,/availability/last-available-date,4
/jaz-hotels,/availability/dates,4
/kaya-hotels,/availability/last-available-date,4
/kaya-hotels,/availability/dates,4
/kaya-hotels,/search/packages,10
/kaya-hotels,/search/alternative-flights,12
/kaya-hotels,/search/price-graph/month,1
/kaya-hotels,/search/recommended,5
/marbella-collection-hotels,/availability/last-available-date,4
/marbella-collection-hotels,/availability/dates,4
/marbella-collection-hotels,/search/packages,10
/marbella-collection-hotels,/search/alternative-flights,12
/marbella-collection-hotels,/search/price-graph/month,1
/marbella-collection-hotels,/search/recommended,5
/baron-hotels,/availability/last-available-date,4
/baron-hotels,/availability/dates,4
/baron-hotels,/search/packages,10
/baron-hotels,/search/alternative-flights,12
/baron-hotels,/search/price-graph/month,1
/baron-hotels,/search/recommended,5
/lopesan-hotels,/search/packages,10
/lopesan-hotels,/search/alternative-flights,12
/lopesan-hotels,/search/price-graph/month,1
/lopesan-hotels,/search/recommended,5
/lopesan-hotels,/availability/last-available-date,4
/lopesan-hotels,/availability/dates,4
/paloma-hotels,/search/packages,10
/paloma-hotels,/search/alternative-flights,12
/paloma-hotels,/search/price-graph/month,1
/paloma-hotels,/search/recommended,5
/paloma-hotels,/availability/last-available-date,4
/paloma-hotels,/availability/dates,4
/pestana-resorts,/availability/last-available-date,4
/pestana-resorts,/availability/dates,4
/pestana-resorts,/search/packages,10
/pestana-resorts,/search/alternative-flights,12
/pestana-resorts,/search/price-graph/month,1
/pestana-resorts,/search/recommended,5
/grecian-hotels,/search/packages,10
/grecian-hotels,/search/alternative-flights,12
/grecian-hotels,/search/price-graph/month,1
/grecian-hotels,/search/recommended,5
/grecian-hotels,/availability/last-available-date,4
/grecian-hotels,/availability/dates,4
/innside-by-melia-hotels,/availability/last-available-date,4
/innside-by-melia-hotels,/availability/dates,4
/innside-by-melia-hotels,/search/packages,10
/innside-by-melia-hotels,/search/alternative-flights,12
/innside-by-melia-hotels,/search/price-graph/month,1
/innside-by-melia-hotels,/search/recommended,5
/melia-hotels,/availability/last-available-date,4
/melia-hotels,/availability/dates,4
/melia-hotels,/search/packages,10
/melia-hotels,/search/alternative-flights,12
/melia-hotels,/search/price-graph/month,1
/melia-hotels,/search/recommended,5
/rixos-hotels,/search/packages,10
/rixos-hotels,/search/alternative-flights,12
/rixos-hotels,/search/price-graph/month,1
/rixos-hotels,/search/recommended,5
/rixos-hotels,/availability/last-available-date,4
/rixos-hotels,/availability/dates,4
/sol-hotels,/availability/last-available-date,4
/sol-hotels,/availability/dates,4
/sol-hotels,/search/packages,10
/sol-hotels,/search/alternative-flights,12
/sol-hotels,/search/price-graph/month,1
/sol-hotels,/search/recommended,5
/seaden-resorts,/search/packages,10
/seaden-resorts,/search/alternative-flights,12
/seaden-resorts,/search/price-graph/month,1
/seaden-resorts,/search/recommended,5
/seaden-resorts,/availability/last-available-date,4
/seaden-resorts,/availability/dates,4
/zafiro-hotels,/search/packages,10
/zafiro-hotels,/search/alternative-flights,12
/zafiro-hotels,/search/price-graph/month,1
/zafiro-hotels,/search/recommended,5
/zafiro-hotels,/availability/last-available-date,4
/zafiro-hotels,/availability/dates,4
/jetflix,/search/packages,10
/jetflix,/search/alternative-flights,12
/jetflix,/search/price-graph/month,1
/jetflix,/search/recommended,5
/jetflix,/availability/last-available-date,4
/jetflix,/availability/dates,4
/favourite-hotels,/search/packages,10
/favourite-hotels,/search/alternative-flights,12
/favourite-hotels,/search/price-graph/month,1
/favourite-hotels,/search/recommended,5
/favourite-hotels,/availability/last-available-date,4
/favourite-hotels,/availability/dates,4
/city-breaks/from-belfast,/search/packages,10
/city-breaks/from-belfast,/search/alternative-flights,12
/city-breaks/from-belfast,/search/price-graph/month,1
/city-breaks/from-belfast,/search/recommended,5
/city-breaks/from-belfast,/availability/last-available-date,4
/city-breaks/from-belfast,/availability/dates,4
/city-breaks/from-bristol,/search/packages,10
/city-breaks/from-bristol,/search/alternative-flights,12
/city-breaks/from-bristol,/search/price-graph/month,1
/city-breaks/from-bristol,/search/recommended,5
/city-breaks/from-bristol,/availability/last-available-date,4
/city-breaks/from-bristol,/availability/dates,4
/city-breaks/from-edinburgh,/availability/last-available-date,4
/city-breaks/from-edinburgh,/availability/dates,4
/city-breaks/from-edinburgh,/search/packages,10
/city-breaks/from-edinburgh,/search/alternative-flights,12
/city-breaks/from-edinburgh,/search/price-graph/month,1
/city-breaks/from-edinburgh,/search/recommended,5
/city-breaks/from-glasgow,/search/packages,10
/city-breaks/from-glasgow,/search/alternative-flights,12
/city-breaks/from-glasgow,/search/price-graph/month,1
/city-breaks/from-glasgow,/search/recommended,5
/city-breaks/from-glasgow,/availability/last-available-date,4
/city-breaks/from-glasgow,/availability/dates,4
/city-breaks/from-liverpool,/availability/last-available-date,4
/city-breaks/from-liverpool,/availability/dates,4
/city-breaks/from-liverpool,/search/packages,10
/city-breaks/from-liverpool,/search/alternative-flights,12
/city-breaks/from-liverpool,/search/price-graph/month,1
/city-breaks/from-liverpool,/search/recommended,5
/city-breaks/from-london,/availability/last-available-date,4
/city-breaks/from-london,/availability/dates,4
/city-breaks/from-london,/search/packages,10
/city-breaks/from-london,/search/alternative-flights,12
/city-breaks/from-london,/search/price-graph/month,1
/city-breaks/from-london,/search/recommended,5
/city-breaks/from-london-gatwick,/search/packages,10
/city-breaks/from-london-gatwick,/search/alternative-flights,12
/city-breaks/from-london-gatwick,/search/price-graph/month,1
/city-breaks/from-london-gatwick,/search/recommended,5
/city-breaks/from-london-gatwick,/availability/last-available-date,4
/city-breaks/from-london-gatwick,/availability/dates,4
/city-breaks/from-london-luton,/availability/last-available-date,4
/city-breaks/from-london-luton,/availability/dates,4
/city-breaks/from-london-luton,/search/packages,10
/city-breaks/from-london-luton,/search/alternative-flights,12
/city-breaks/from-london-luton,/search/price-graph/month,1
/city-breaks/from-london-luton,/search/recommended,5
/city-breaks/from-london-southend,/search/packages,10
/city-breaks/from-london-southend,/search/alternative-flights,12
/city-breaks/from-london-southend,/search/price-graph/month,1
/city-breaks/from-london-southend,/search/recommended,5
/city-breaks/from-london-southend,/availability/last-available-date,4
/city-breaks/from-london-southend,/availability/dates,4
/city-breaks/from-london-stansted,/search/packages,10
/city-breaks/from-london-stansted,/search/alternative-flights,12
/city-breaks/from-london-stansted,/search/price-graph/month,1
/city-breaks/from-london-stansted,/search/recommended,5
/city-breaks/from-london-stansted,/availability/last-available-date,4
/city-breaks/from-london-stansted,/availability/dates,4
/city-breaks/from-manchester,/availability/last-available-date,4
/city-breaks/from-manchester,/availability/dates,4
/city-breaks/from-manchester,/search/packages,10
/city-breaks/from-manchester,/search/alternative-flights,12
/city-breaks/from-manchester,/search/price-graph/month,1
/city-breaks/from-manchester,/search/recommended,5
/city-breaks/from-newcastle,/availability/last-available-date,4
/city-breaks/from-newcastle,/availability/dates,4
/city-breaks/from-newcastle,/search/packages,10
/city-breaks/from-newcastle,/search/alternative-flights,12
/city-breaks/from-newcastle,/search/price-graph/month,1
/city-breaks/from-newcastle,/search/recommended,5
/five-star-city-holidays,/search/packages,10
/five-star-city-holidays,/search/alternative-flights,12
/five-star-city-holidays,/search/price-graph/month,1
/five-star-city-holidays,/search/recommended,5
/five-star-city-holidays,/availability/last-available-date,4
/five-star-city-holidays,/availability/dates,4
/five-star-holidays,/availability/last-available-date,4
/five-star-holidays,/availability/dates,4
/five-star-holidays,/search/packages,10
/five-star-holidays,/search/alternative-flights,12
/five-star-holidays,/search/price-graph/month,1
/five-star-holidays,/search/recommended,5
/five-star-holidays,/help-centre/faq/save,1
/five-star-holidays/from-belfast,/search/packages,10
/five-star-holidays/from-belfast,/search/alternative-flights,12
/five-star-holidays/from-belfast,/search/price-graph/month,1
/five-star-holidays/from-belfast,/search/recommended,5
/five-star-holidays/from-belfast,/availability/last-available-date,4
/five-star-holidays/from-belfast,/availability/dates,4
/five-star-holidays/from-bristol,/search/packages,10
/five-star-holidays/from-bristol,/search/alternative-flights,12
/five-star-holidays/from-bristol,/search/price-graph/month,1
/five-star-holidays/from-bristol,/search/recommended,5
/five-star-holidays/from-bristol,/availability/last-available-date,4
/five-star-holidays/from-bristol,/availability/dates,4
/five-star-holidays/from-edinburgh,/availability/last-available-date,4
/five-star-holidays/from-edinburgh,/availability/dates,4
/five-star-holidays/from-edinburgh,/search/packages,10
/five-star-holidays/from-edinburgh,/search/alternative-flights,12
/five-star-holidays/from-edinburgh,/search/price-graph/month,1
/five-star-holidays/from-edinburgh,/search/recommended,5
/five-star-holidays/from-glasgow,/search/packages,10
/five-star-holidays/from-glasgow,/search/alternative-flights,12
/five-star-holidays/from-glasgow,/search/price-graph/month,1
/five-star-holidays/from-glasgow,/search/recommended,5
/five-star-holidays/from-glasgow,/availability/last-available-date,4
/five-star-holidays/from-glasgow,/availability/dates,4
/five-star-holidays/from-liverpool,/availability/last-available-date,4
/five-star-holidays/from-liverpool,/availability/dates,4
/five-star-holidays/from-liverpool,/search/packages,10
/five-star-holidays/from-liverpool,/search/alternative-flights,12
/five-star-holidays/from-liverpool,/search/price-graph/month,1
/five-star-holidays/from-liverpool,/search/recommended,5
/five-star-holidays/from-london,/availability/last-available-date,4
/five-star-holidays/from-london,/availability/dates,4
/five-star-holidays/from-london,/search/packages,10
/five-star-holidays/from-london,/search/alternative-flights,12
/five-star-holidays/from-london,/search/price-graph/month,1
/five-star-holidays/from-london,/search/recommended,5
/five-star-holidays/from-london-gatwick,/search/packages,10
/five-star-holidays/from-london-gatwick,/search/alternative-flights,12
/five-star-holidays/from-london-gatwick,/search/price-graph/month,1
/five-star-holidays/from-london-gatwick,/search/recommended,5
/five-star-holidays/from-london-gatwick,/availability/last-available-date,4
/five-star-holidays/from-london-gatwick,/availability/dates,4
/five-star-holidays/from-london-luton,/availability/last-available-date,4
/five-star-holidays/from-london-luton,/availability/dates,4
/five-star-holidays/from-london-luton,/search/packages,10
/five-star-holidays/from-london-luton,/search/alternative-flights,12
/five-star-holidays/from-london-luton,/search/price-graph/month,1
/five-star-holidays/from-london-luton,/search/recommended,5
/five-star-holidays/from-london-southend,/search/packages,10
/five-star-holidays/from-london-southend,/search/alternative-flights,12
/five-star-holidays/from-london-southend,/search/price-graph/month,1
/five-star-holidays/from-london-southend,/search/recommended,5
/five-star-holidays/from-london-southend,/availability/last-available-date,4
/five-star-holidays/from-london-southend,/availability/dates,4
/five-star-holidays/from-london-stansted,/search/packages,10
/five-star-holidays/from-london-stansted,/search/alternative-flights,12
/five-star-holidays/from-london-stansted,/search/price-graph/month,1
/five-star-holidays/from-london-stansted,/search/recommended,5
/five-star-holidays/from-london-stansted,/availability/last-available-date,4
/five-star-holidays/from-london-stansted,/availability/dates,4
/five-star-holidays/from-manchester,/availability/last-available-date,4
/five-star-holidays/from-manchester,/availability/dates,4
/five-star-holidays/from-manchester,/search/packages,10
/five-star-holidays/from-manchester,/search/alternative-flights,12
/five-star-holidays/from-manchester,/search/price-graph/month,1
/five-star-holidays/from-manchester,/search/recommended,5
/five-star-holidays/from-newcastle,/availability/last-available-date,4
/five-star-holidays/from-newcastle,/availability/dates,4
/five-star-holidays/from-newcastle,/search/packages,10
/five-star-holidays/from-newcastle,/search/alternative-flights,12
/five-star-holidays/from-newcastle,/search/price-graph/month,1
/five-star-holidays/from-newcastle,/search/recommended,5
/four-star-holidays,/help-centre/faq/save,1
/four-star-holidays,/search/packages,10
/four-star-holidays,/search/alternative-flights,12
/four-star-holidays,/search/price-graph/month,1
/four-star-holidays,/search/recommended,5
/four-star-holidays,/availability/last-available-date,4
/four-star-holidays,/availability/dates,4
/all-inclusive-holidays-from-gatwick,/search/packages,10
/all-inclusive-holidays-from-gatwick,/search/alternative-flights,12
/all-inclusive-holidays-from-gatwick,/search/price-graph/month,1
/all-inclusive-holidays-from-gatwick,/search/recommended,5
/all-inclusive-holidays-from-gatwick,/availability/last-available-date,4
/all-inclusive-holidays-from-gatwick,/availability/dates,4
/city-breaks-from-gatwick,/availability/last-available-date,4
/city-breaks-from-gatwick,/availability/dates,4
/city-breaks-from-gatwick,/search/packages,10
/city-breaks-from-gatwick,/search/alternative-flights,12
/city-breaks-from-gatwick,/search/price-graph/month,1
/city-breaks-from-gatwick,/search/recommended,5
/el-gouna-holidays,/availability/last-available-date,4
/el-gouna-holidays,/availability/dates,4
/el-gouna-holidays,/search/packages,10
/el-gouna-holidays,/search/alternative-flights,12
/el-gouna-holidays,/search/price-graph/month,1
/el-gouna-holidays,/search/recommended,5
/south-aegean-islands,/availability/last-available-date,4
/south-aegean-islands,/availability/dates,4
/south-aegean-islands,/search/packages,10
/south-aegean-islands,/search/alternative-flights,12
/south-aegean-islands,/search/price-graph/month,1
/south-aegean-islands,/search/recommended,5
/deals/disney-deals,/search/packages,10
/deals/disney-deals,/search/alternative-flights,12
/deals/disney-deals,/search/price-graph/month,1
/deals/disney-deals,/search/recommended,5
/deals/disney-deals,/availability/last-available-date,4
/deals/disney-deals,/availability/dates,4
/deals/deals-of-the-week,/availability/last-available-date,4
/deals/deals-of-the-week,/availability/dates,4
/deals/deals-of-the-week,/search/packages,10
/deals/deals-of-the-week,/search/alternative-flights,12
/deals/deals-of-the-week,/search/price-graph/month,1
/deals/deals-of-the-week,/search/recommended,5
/deals/discounted-holidays,/availability/last-available-date,4
/deals/discounted-holidays,/availability/dates,4
/deals/discounted-holidays,/search/packages,10
/deals/discounted-holidays,/search/alternative-flights,12
/deals/discounted-holidays,/search/price-graph/month,1
/deals/discounted-holidays,/search/recommended,5
/deals/long-stay-holidays,/search/packages,10
/deals/long-stay-holidays,/search/alternative-flights,12
/deals/long-stay-holidays,/search/price-graph/month,1
/deals/long-stay-holidays,/search/recommended,5
/deals/long-stay-holidays,/availability/last-available-date,4
/deals/long-stay-holidays,/availability/dates,4
/deals/solo-holiday-deals,/availability/last-available-date,4
/deals/solo-holiday-deals,/availability/dates,4
/deals/solo-holiday-deals,/search/packages,10
/deals/solo-holiday-deals,/search/alternative-flights,12
/deals/solo-holiday-deals,/search/price-graph/month,1
/deals/solo-holiday-deals,/search/recommended,5
/deals/certified-sustainable-hotels,/search/packages,10
/deals/certified-sustainable-hotels,/search/alternative-flights,12
/deals/certified-sustainable-hotels,/search/price-graph/month,1
/deals/certified-sustainable-hotels,/search/recommended,5
/deals/certified-sustainable-hotels,/availability/last-available-date,4
/deals/certified-sustainable-hotels,/availability/dates,4
/deals/group-holiday-deals,/availability/last-available-date,4
/deals/group-holiday-deals,/availability/dates,4
/deals/group-holiday-deals,/search/packages,10
/deals/group-holiday-deals,/search/alternative-flights,12
/deals/group-holiday-deals,/search/price-graph/month,1
/deals/group-holiday-deals,/search/recommended,5
/deals/all-inclusive-holiday-deals,/help-centre/faq/save,1
/deals/all-inclusive-holiday-deals,/search/packages,10
/deals/all-inclusive-holiday-deals,/search/alternative-flights,12
/deals/all-inclusive-holiday-deals,/search/price-graph/month,1
/deals/all-inclusive-holiday-deals,/search/recommended,5
/deals/all-inclusive-holiday-deals,/availability/last-available-date,4
/deals/all-inclusive-holiday-deals,/availability/dates,4
/deals/all-inclusive-holiday-deals-ch,/availability/last-available-date,4
/deals/all-inclusive-holiday-deals-ch,/availability/dates,4
/deals/all-inclusive-holiday-deals-ch,/search/packages,10
/deals/all-inclusive-holiday-deals-ch,/search/alternative-flights,12
/deals/all-inclusive-holiday-deals-ch,/search/price-graph/month,1
/deals/all-inclusive-holiday-deals-ch,/search/recommended,5
/deals/christmas-holidays,/search/packages,10
/deals/christmas-holidays,/search/alternative-flights,12
/deals/christmas-holidays,/search/price-graph/month,1
/deals/christmas-holidays,/search/recommended,5
/deals/christmas-holidays,/availability/last-available-date,4
/deals/christmas-holidays,/availability/dates,4
/deals/beach-holiday-deals,/help-centre/faq/save,1
/deals/beach-holiday-deals,/search/packages,10
/deals/beach-holiday-deals,/search/alternative-flights,12
/deals/beach-holiday-deals,/search/price-graph/month,1
/deals/beach-holiday-deals,/search/recommended,5
/deals/beach-holiday-deals,/availability/last-available-date,4
/deals/beach-holiday-deals,/availability/dates,4
/deals/beach-sale,/search/packages,10
/deals/beach-sale,/search/alternative-flights,12
/deals/beach-sale,/search/price-graph/month,1
/deals/beach-sale,/search/recommended,5
/deals/beach-sale,/availability/last-available-date,4
/deals/beach-sale,/availability/dates,4
/deals/cheap-beach-breaks,/availability/last-available-date,4
/deals/cheap-beach-breaks,/availability/dates,4
/deals/cheap-beach-breaks,/search/packages,10
/deals/cheap-beach-breaks,/search/alternative-flights,12
/deals/cheap-beach-breaks,/search/price-graph/month,1
/deals/cheap-beach-breaks,/search/recommended,5
/deals/summer-beach-deals,/search/packages,10
/deals/summer-beach-deals,/search/alternative-flights,12
/deals/summer-beach-deals,/search/price-graph/month,1
/deals/summer-beach-deals,/search/recommended,5
/deals/summer-beach-deals,/availability/last-available-date,4
/deals/summer-beach-deals,/availability/dates,4
/deals/bed-and-breakfast-holidays,/help-centre/faq/save,1
/deals/bed-and-breakfast-holidays,/search/packages,10
/deals/bed-and-breakfast-holidays,/search/alternative-flights,12
/deals/bed-and-breakfast-holidays,/search/price-graph/month,1
/deals/bed-and-breakfast-holidays,/search/recommended,5
/deals/bed-and-breakfast-holidays,/availability/last-available-date,4
/deals/bed-and-breakfast-holidays,/availability/dates,4
/deals/black-friday-holidays,/availability/last-available-date,4
/deals/black-friday-holidays,/availability/dates,4
/deals/black-friday-holidays,/help-centre/faq/save,1
/deals/black-friday-holidays,/search/packages,10
/deals/black-friday-holidays,/search/alternative-flights,12
/deals/black-friday-holidays,/search/price-graph/month,1
/deals/black-friday-holidays,/search/recommended,5
/deals/city-hotels,/availability/last-available-date,4
/deals/city-hotels,/availability/dates,4
/deals/city-hotels,/search/packages,10
/deals/city-hotels,/search/alternative-flights,12
/deals/city-hotels,/search/price-graph/month,1
/deals/city-hotels,/search/recommended,5
/deals/beach-hotel-offers,/availability/last-available-date,4
/deals/beach-hotel-offers,/availability/dates,4
/deals/beach-hotel-offers,/search/packages,10
/deals/beach-hotel-offers,/search/alternative-flights,12
/deals/beach-hotel-offers,/search/price-graph/month,1
/deals/beach-hotel-offers,/search/recommended,5
/deals/amsterdam-deals,/search/packages,10
/deals/amsterdam-deals,/search/alternative-flights,12
/deals/amsterdam-deals,/search/price-graph/month,1
/deals/amsterdam-deals,/search/recommended,5
/deals/amsterdam-deals,/availability/last-available-date,4
/deals/amsterdam-deals,/availability/dates,4
/deals/amsterdam-deals,/help-centre/faq/save,1
/deals/our-top-10-cities,/search/packages,10
/deals/our-top-10-cities,/search/alternative-flights,12
/deals/our-top-10-cities,/search/price-graph/month,1
/deals/our-top-10-cities,/search/recommended,5
/deals/our-top-10-cities,/availability/last-available-date,4
/deals/our-top-10-cities,/availability/dates,4
/deals/paris-deals,/availability/last-available-date,4
/deals/paris-deals,/availability/dates,4
/deals/paris-deals,/search/packages,10
/deals/paris-deals,/search/alternative-flights,12
/deals/paris-deals,/search/price-graph/month,1
/deals/paris-deals,/search/recommended,5
/deals/paris-deals,/help-centre/faq/save,1
/deals/cyprus-deals,/availability/last-available-date,4
/deals/cyprus-deals,/availability/dates,4
/deals/cyprus-deals,/search/packages,10
/deals/cyprus-deals,/search/alternative-flights,12
/deals/cyprus-deals,/search/price-graph/month,1
/deals/cyprus-deals,/search/recommended,5
/deals/egypt-holiday-deals,/search/packages,10
/deals/egypt-holiday-deals,/search/alternative-flights,12
/deals/egypt-holiday-deals,/search/price-graph/month,1
/deals/egypt-holiday-deals,/search/recommended,5
/deals/egypt-holiday-deals,/help-centre/faq/save,1
/deals/egypt-holiday-deals,/availability/last-available-date,4
/deals/egypt-holiday-deals,/availability/dates,4
/deals/cheap-city-breaks,/availability/last-available-date,4
/deals/cheap-city-breaks,/availability/dates,4
/deals/cheap-city-breaks,/search/packages,10
/deals/cheap-city-breaks,/search/alternative-flights,12
/deals/cheap-city-breaks,/search/price-graph/month,1
/deals/cheap-city-breaks,/search/recommended,5
/deals/city-promotions,/availability/last-available-date,4
/deals/city-promotions,/availability/dates,4
/deals/city-promotions,/search/packages,10
/deals/city-promotions,/search/alternative-flights,12
/deals/city-promotions,/search/price-graph/month,1
/deals/city-promotions,/search/recommended,5
/deals/city-sale,/availability/last-available-date,4
/deals/city-sale,/availability/dates,4
/deals/city-sale,/search/packages,10
/deals/city-sale,/search/alternative-flights,12
/deals/city-sale,/search/price-graph/month,1
/deals/city-sale,/search/recommended,5
/deals/uk-city-breaks,/availability/last-available-date,4
/deals/uk-city-breaks,/availability/dates,4
/deals/uk-city-breaks,/search/packages,10
/deals/uk-city-breaks,/search/alternative-flights,12
/deals/uk-city-breaks,/search/price-graph/month,1
/deals/uk-city-breaks,/search/recommended,5
/deals/greece-deals,/search/packages,10
/deals/greece-deals,/search/alternative-flights,12
/deals/greece-deals,/search/price-graph/month,1
/deals/greece-deals,/search/recommended,5
/deals/greece-deals,/help-centre/faq/save,2
/deals/greece-deals,/availability/last-available-date,4
/deals/greece-deals,/availability/dates,4
/deals/holiday-deals-from-london-gatwick,/search/packages,10
/deals/holiday-deals-from-london-gatwick,/search/alternative-flights,12
/deals/holiday-deals-from-london-gatwick,/search/price-graph/month,1
/deals/holiday-deals-from-london-gatwick,/search/recommended,5
/deals/holiday-deals-from-london-gatwick,/availability/last-available-date,4
/deals/holiday-deals-from-london-gatwick,/availability/dates,4
/deals/holidays-under-200pp,/availability/last-available-date,4
/deals/holidays-under-200pp,/availability/dates,4
/deals/holidays-under-200pp,/search/packages,10
/deals/holidays-under-200pp,/search/alternative-flights,12
/deals/holidays-under-200pp,/search/price-graph/month,1
/deals/holidays-under-200pp,/search/recommended,5
/deals/holidays-under-300pp,/search/packages,10
/deals/holidays-under-300pp,/search/alternative-flights,12
/deals/holidays-under-300pp,/search/price-graph/month,1
/deals/holidays-under-300pp,/search/recommended,5
/deals/holidays-under-300pp,/availability/last-available-date,4
/deals/holidays-under-300pp,/availability/dates,4
/deals/holidays-under-400pp,/search/packages,10
/deals/holidays-under-400pp,/search/alternative-flights,12
/deals/holidays-under-400pp,/search/price-graph/month,1
/deals/holidays-under-400pp,/search/recommended,5
/deals/holidays-under-400pp,/availability/last-available-date,4
/deals/holidays-under-400pp,/availability/dates,4
/deals/holidays-under-500pp,/search/packages,10
/deals/holidays-under-500pp,/search/alternative-flights,12
/deals/holidays-under-500pp,/search/price-graph/month,1
/deals/holidays-under-500pp,/search/recommended,5
/deals/holidays-under-500pp,/availability/last-available-date,4
/deals/holidays-under-500pp,/availability/dates,4
/deals/italy-holiday-deals,/availability/last-available-date,4
/deals/italy-holiday-deals,/availability/dates,4
/deals/italy-holiday-deals,/search/packages,10
/deals/italy-holiday-deals,/search/alternative-flights,12
/deals/italy-holiday-deals,/search/price-graph/month,1
/deals/italy-holiday-deals,/search/recommended,5
/deals/italy-holiday-deals,/help-centre/faq/save,1
/deals/lakes-holiday-deals,/search/packages,10
/deals/lakes-holiday-deals,/search/alternative-flights,12
/deals/lakes-holiday-deals,/search/price-graph/month,1
/deals/lakes-holiday-deals,/search/recommended,5
/deals/lakes-holiday-deals,/availability/last-available-date,4
/deals/lakes-holiday-deals,/availability/dates,4
/deals/lakes-holiday-deals,/help-centre/faq/save,1
/deals/malta-deals,/help-centre/faq/save,1
/deals/malta-deals,/search/packages,10
/deals/malta-deals,/search/alternative-flights,12
/deals/malta-deals,/search/price-graph/month,1
/deals/malta-deals,/search/recommended,5
/deals/malta-deals,/availability/last-available-date,4
/deals/malta-deals,/availability/dates,4
/deals/next-winter,/search/packages,10
/deals/next-winter,/search/alternative-flights,12
/deals/next-winter,/search/price-graph/month,1
/deals/next-winter,/search/recommended,5
/deals/next-winter,/availability/last-available-date,4
/deals/next-winter,/availability/dates,4
/deals/portugal-deals,/help-centre/faq/save,1
/deals/portugal-deals,/search/packages,10
/deals/portugal-deals,/search/alternative-flights,12
/deals/portugal-deals,/search/price-graph/month,1
/deals/portugal-deals,/search/recommended,5
/deals/portugal-deals,/availability/last-available-date,4
/deals/portugal-deals,/availability/dates,4
/deals/promotions,/search/packages,10
/deals/promotions,/search/alternative-flights,12
/deals/promotions,/search/price-graph/month,1
/deals/promotions,/search/recommended,5
/deals/promotions,/availability/last-available-date,4
/deals/promotions,/availability/dates,4
/deals/school-holiday-deals,/help-centre/faq/save,1
/deals/school-holiday-deals,/search/packages,10
/deals/school-holiday-deals,/search/alternative-flights,12
/deals/school-holiday-deals,/search/price-graph/month,1
/deals/school-holiday-deals,/search/recommended,5
/deals/school-holiday-deals,/availability/last-available-date,4
/deals/school-holiday-deals,/availability/dates,4
/deals/short-break-deals,/availability/last-available-date,4
/deals/short-break-deals,/availability/dates,4
/deals/short-break-deals,/help-centre/faq/save,1
/deals/short-break-deals,/search/packages,10
/deals/short-break-deals,/search/alternative-flights,12
/deals/short-break-deals,/search/price-graph/month,1
/deals/short-break-deals,/search/recommended,5
/deals/spain-deals,/availability/last-available-date,4
/deals/spain-deals,/availability/dates,4
/deals/spain-deals,/search/packages,10
/deals/spain-deals,/search/alternative-flights,12
/deals/spain-deals,/search/price-graph/month,1
/deals/spain-deals,/search/recommended,5
/deals/beach-city-breaks,/availability/last-available-date,4
/deals/beach-city-breaks,/availability/dates,4
/deals/beach-city-breaks,/search/packages,10
/deals/beach-city-breaks,/search/alternative-flights,12
/deals/beach-city-breaks,/search/price-graph/month,1
/deals/beach-city-breaks,/search/recommended,5
/deals/summer-city-breaks,/availability/last-available-date,4
/deals/summer-city-breaks,/availability/dates,4
/deals/summer-city-breaks,/search/packages,10
/deals/summer-city-breaks,/search/alternative-flights,12
/deals/summer-city-breaks,/search/price-graph/month,1
/deals/summer-city-breaks,/search/recommended,5
/deals/summer-city-breaks,/help-centre/faq/save,1
/deals/turkey-deals,/help-centre/faq/save,1
/deals/turkey-deals,/search/packages,10
/deals/turkey-deals,/search/alternative-flights,12
/deals/turkey-deals,/search/price-graph/month,1
/deals/turkey-deals,/search/recommended,5
/deals/turkey-deals,/availability/last-available-date,4
/deals/turkey-deals,/availability/dates,4
/deals/waterpark-holiday-deals,/search/packages,10
/deals/waterpark-holiday-deals,/search/alternative-flights,12
/deals/waterpark-holiday-deals,/search/price-graph/month,1
/deals/waterpark-holiday-deals,/search/recommended,5
/deals/waterpark-holiday-deals,/help-centre/faq/save,1
/deals/waterpark-holiday-deals,/availability/last-available-date,4
/deals/waterpark-holiday-deals,/availability/dates,4
/deals/self-catering-holidays,/availability/last-available-date,4
/deals/self-catering-holidays,/availability/dates,4
/deals/self-catering-holidays,/help-centre/faq/save,1
/deals/self-catering-holidays,/search/packages,10
/deals/self-catering-holidays,/search/alternative-flights,12
/deals/self-catering-holidays,/search/price-graph/month,1
/deals/self-catering-holidays,/search/recommended,5
/deals/spa-holidays,/help-centre/faq/save,1
/deals/spa-holidays,/search/packages,10
/deals/spa-holidays,/search/alternative-flights,12
/deals/spa-holidays,/search/price-graph/month,1
/deals/spa-holidays,/search/recommended,5
/deals/spa-holidays,/availability/last-available-date,4
/deals/spa-holidays,/availability/dates,4
/deals/christmas-market-holidays,/search/packages,10
/deals/christmas-market-holidays,/search/alternative-flights,12
/deals/christmas-market-holidays,/search/price-graph/month,1
/deals/christmas-market-holidays,/search/recommended,5
/deals/christmas-market-holidays,/help-centre/faq/save,1
/deals/christmas-market-holidays,/availability/last-available-date,4
/deals/christmas-market-holidays,/availability/dates,4
/deals/christmas-market-holidays/to-amsterdam,/search/packages,10
/deals/christmas-market-holidays/to-amsterdam,/search/alternative-flights,12
/deals/christmas-market-holidays/to-amsterdam,/search/price-graph/month,1
/deals/christmas-market-holidays/to-amsterdam,/search/recommended,5
/deals/christmas-market-holidays/to-amsterdam,/availability/last-available-date,4
/deals/christmas-market-holidays/to-amsterdam,/availability/dates,4
/deals/christmas-market-holidays/to-berlin,/search/packages,10
/deals/christmas-market-holidays/to-berlin,/search/alternative-flights,12
/deals/christmas-market-holidays/to-berlin,/search/price-graph/month,1
/deals/christmas-market-holidays/to-berlin,/search/recommended,5
/deals/christmas-market-holidays/to-berlin,/availability/last-available-date,4
/deals/christmas-market-holidays/to-berlin,/availability/dates,4
/deals/christmas-market-holidays/to-budapest,/search/packages,10
/deals/christmas-market-holidays/to-budapest,/search/alternative-flights,12
/deals/christmas-market-holidays/to-budapest,/search/price-graph/month,1
/deals/christmas-market-holidays/to-budapest,/search/recommended,5
/deals/christmas-market-holidays/to-budapest,/availability/last-available-date,4
/deals/christmas-market-holidays/to-budapest,/availability/dates,4
/deals/christmas-market-holidays/to-copenhagen,/search/packages,10
/deals/christmas-market-holidays/to-copenhagen,/search/alternative-flights,12
/deals/christmas-market-holidays/to-copenhagen,/search/price-graph/month,1
/deals/christmas-market-holidays/to-copenhagen,/search/recommended,5
/deals/christmas-market-holidays/to-copenhagen,/availability/last-available-date,4
/deals/christmas-market-holidays/to-copenhagen,/availability/dates,4
/deals/christmas-market-holidays/to-munich,/search/packages,10
/deals/christmas-market-holidays/to-munich,/search/alternative-flights,12
/deals/christmas-market-holidays/to-munich,/search/price-graph/month,1
/deals/christmas-market-holidays/to-munich,/search/recommended,5
/deals/christmas-market-holidays/to-munich,/availability/last-available-date,4
/deals/christmas-market-holidays/to-munich,/availability/dates,4
/deals/christmas-market-holidays/to-prague,/search/packages,10
/deals/christmas-market-holidays/to-prague,/search/alternative-flights,12
/deals/christmas-market-holidays/to-prague,/search/price-graph/month,1
/deals/christmas-market-holidays/to-prague,/search/recommended,5
/deals/christmas-market-holidays/to-prague,/availability/last-available-date,4
/deals/christmas-market-holidays/to-prague,/availability/dates,4
/deals/christmas-market-holidays/to-vienna,/availability/last-available-date,4
/deals/christmas-market-holidays/to-vienna,/availability/dates,4
/deals/christmas-market-holidays/to-vienna,/search/packages,10
/deals/christmas-market-holidays/to-vienna,/search/alternative-flights,12
/deals/christmas-market-holidays/to-vienna,/search/price-graph/month,1
/deals/christmas-market-holidays/to-vienna,/search/recommended,5
/deals/luxury-beach-holiday-deals,/search/packages,10
/deals/luxury-beach-holiday-deals,/search/alternative-flights,12
/deals/luxury-beach-holiday-deals,/search/price-graph/month,1
/deals/luxury-beach-holiday-deals,/search/recommended,5
/deals/luxury-beach-holiday-deals,/availability/last-available-date,4
/deals/luxury-beach-holiday-deals,/availability/dates,4
/deals/luxury-beach-holiday-deals,/help-centre/faq/save,1
/deals/luxury-city-break-deals,/availability/last-available-date,4
/deals/luxury-city-break-deals,/availability/dates,4
/deals/luxury-city-break-deals,/help-centre/faq/save,1
/deals/luxury-city-break-deals,/search/packages,10
/deals/luxury-city-break-deals,/search/alternative-flights,12
/deals/luxury-city-break-deals,/search/price-graph/month,1
/deals/luxury-city-break-deals,/search/recommended,5
/deals/easter-deals,/search/packages,10
/deals/easter-deals,/search/alternative-flights,12
/deals/easter-deals,/search/price-graph/month,1
/deals/easter-deals,/search/recommended,5
/deals/easter-deals,/help-centre/faq/save,1
/deals/easter-deals,/availability/last-available-date,4
/deals/easter-deals,/availability/dates,4
/deals/easter-deals/from-belfast,/search/packages,10
/deals/easter-deals/from-belfast,/search/alternative-flights,12
/deals/easter-deals/from-belfast,/search/price-graph/month,1
/deals/easter-deals/from-belfast,/search/recommended,5
/deals/easter-deals/from-belfast,/availability/last-available-date,4
/deals/easter-deals/from-belfast,/availability/dates,4
/deals/easter-deals/from-bristol,/search/packages,10
/deals/easter-deals/from-bristol,/search/alternative-flights,12
/deals/easter-deals/from-bristol,/search/price-graph/month,1
/deals/easter-deals/from-bristol,/search/recommended,5
/deals/easter-deals/from-bristol,/availability/last-available-date,4
/deals/easter-deals/from-bristol,/availability/dates,4
/deals/easter-deals/from-edinburgh,/availability/last-available-date,4
/deals/easter-deals/from-edinburgh,/availability/dates,4
/deals/easter-deals/from-edinburgh,/search/packages,10
/deals/easter-deals/from-edinburgh,/search/alternative-flights,12
/deals/easter-deals/from-edinburgh,/search/price-graph/month,1
/deals/easter-deals/from-edinburgh,/search/recommended,5
/deals/easter-deals/from-glasgow,/search/packages,10
/deals/easter-deals/from-glasgow,/search/alternative-flights,12
/deals/easter-deals/from-glasgow,/search/price-graph/month,1
/deals/easter-deals/from-glasgow,/search/recommended,5
/deals/easter-deals/from-glasgow,/availability/last-available-date,4
/deals/easter-deals/from-glasgow,/availability/dates,4
/deals/easter-deals/from-liverpool,/availability/last-available-date,4
/deals/easter-deals/from-liverpool,/availability/dates,4
/deals/easter-deals/from-liverpool,/search/packages,10
/deals/easter-deals/from-liverpool,/search/alternative-flights,12
/deals/easter-deals/from-liverpool,/search/price-graph/month,1
/deals/easter-deals/from-liverpool,/search/recommended,5
/deals/easter-deals/from-london,/availability/last-available-date,4
/deals/easter-deals/from-london,/availability/dates,4
/deals/easter-deals/from-london,/search/packages,10
/deals/easter-deals/from-london,/search/alternative-flights,12
/deals/easter-deals/from-london,/search/price-graph/month,1
/deals/easter-deals/from-london,/search/recommended,5
/deals/easter-deals/from-london-gatwick,/search/packages,10
/deals/easter-deals/from-london-gatwick,/search/alternative-flights,12
/deals/easter-deals/from-london-gatwick,/search/price-graph/month,1
/deals/easter-deals/from-london-gatwick,/search/recommended,5
/deals/easter-deals/from-london-gatwick,/availability/last-available-date,4
/deals/easter-deals/from-london-gatwick,/availability/dates,4
/deals/easter-deals/from-london-luton,/availability/last-available-date,4
/deals/easter-deals/from-london-luton,/availability/dates,4
/deals/easter-deals/from-london-luton,/search/packages,10
/deals/easter-deals/from-london-luton,/search/alternative-flights,12
/deals/easter-deals/from-london-luton,/search/price-graph/month,1
/deals/easter-deals/from-london-luton,/search/recommended,5
/deals/easter-deals/from-london-southend,/search/packages,10
/deals/easter-deals/from-london-southend,/search/alternative-flights,12
/deals/easter-deals/from-london-southend,/search/price-graph/month,1
/deals/easter-deals/from-london-southend,/search/recommended,5
/deals/easter-deals/from-london-southend,/availability/last-available-date,4
/deals/easter-deals/from-london-southend,/availability/dates,4
/deals/easter-deals/from-london-stansted,/search/packages,10
/deals/easter-deals/from-london-stansted,/search/alternative-flights,12
/deals/easter-deals/from-london-stansted,/search/price-graph/month,1
/deals/easter-deals/from-london-stansted,/search/recommended,5
/deals/easter-deals/from-london-stansted,/availability/last-available-date,4
/deals/easter-deals/from-london-stansted,/availability/dates,4
/deals/easter-deals/from-manchester,/availability/last-available-date,4
/deals/easter-deals/from-manchester,/availability/dates,4
/deals/easter-deals/from-manchester,/search/packages,10
/deals/easter-deals/from-manchester,/search/alternative-flights,12
/deals/easter-deals/from-manchester,/search/price-graph/month,1
/deals/easter-deals/from-manchester,/search/recommended,5
/deals/easter-deals/from-newcastle,/availability/last-available-date,4
/deals/easter-deals/from-newcastle,/availability/dates,4
/deals/easter-deals/from-newcastle,/search/packages,10
/deals/easter-deals/from-newcastle,/search/alternative-flights,12
/deals/easter-deals/from-newcastle,/search/price-graph/month,1
/deals/easter-deals/from-newcastle,/search/recommended,5
/deals/next-summer,/search/packages,10
/deals/next-summer,/search/alternative-flights,12
/deals/next-summer,/search/price-graph/month,1
/deals/next-summer,/search/recommended,5
/deals/next-summer,/availability/last-available-date,4
/deals/next-summer,/availability/dates,4
/deals/may-school-holidays,/search/packages,10
/deals/may-school-holidays,/search/alternative-flights,12
/deals/may-school-holidays,/search/price-graph/month,1
/deals/may-school-holidays,/search/recommended,5
/deals/may-school-holidays,/availability/last-available-date,4
/deals/may-school-holidays,/availability/dates,4
/deals/october-school-holidays,/search/packages,10
/deals/october-school-holidays,/search/alternative-flights,12
/deals/october-school-holidays,/search/price-graph/month,1
/deals/october-school-holidays,/search/recommended,5
/deals/october-school-holidays,/availability/last-available-date,4
/deals/october-school-holidays,/availability/dates,4
/deals/october-school-holidays,/help-centre/faq/save,1
/deals/adults-holiday-deals,/availability/last-available-date,4
/deals/adults-holiday-deals,/availability/dates,4
/deals/adults-holiday-deals,/search/packages,10
/deals/adults-holiday-deals,/search/alternative-flights,12
/deals/adults-holiday-deals,/search/price-graph/month,1
/deals/adults-holiday-deals,/search/recommended,5
/deals/adults-holiday-deals,/help-centre/faq/save,1
/deals/family-holiday-deals,/help-centre/faq/save,1
/deals/family-holiday-deals,/availability/last-available-date,4
/deals/family-holiday-deals,/availability/dates,4
/deals/family-holiday-deals,/search/packages,10
/deals/family-holiday-deals,/search/alternative-flights,12
/deals/family-holiday-deals,/search/price-graph/month,1
/deals/family-holiday-deals,/search/recommended,5
/deals/balearic-islands,/availability/last-available-date,4
/deals/balearic-islands,/availability/dates,4
/deals/balearic-islands,/search/packages,10
/deals/balearic-islands,/search/alternative-flights,12
/deals/balearic-islands,/search/price-graph/month,1
/deals/balearic-islands,/search/recommended,5
/deals/balearic-islands,/help-centre/faq/save,1
/deals/free-child-places,/help-centre/faq/save,1
/deals/free-child-places,/search/packages,10
/deals/free-child-places,/search/alternative-flights,12
/deals/free-child-places,/search/price-graph/month,1
/deals/free-child-places,/search/recommended,5
/deals/free-child-places,/availability/last-available-date,4
/deals/free-child-places,/availability/dates,4
/deals/canary-islands,/search/packages,10
/deals/canary-islands,/search/alternative-flights,12
/deals/canary-islands,/search/price-graph/month,1
/deals/canary-islands,/search/recommended,5
/deals/canary-islands,/help-centre/faq/save,1
/deals/canary-islands,/availability/last-available-date,4
/deals/canary-islands,/availability/dates,4
/deals/tenerife-holiday-deals,/availability/last-available-date,4
/deals/tenerife-holiday-deals,/availability/dates,4
/deals/tenerife-holiday-deals,/search/packages,10
/deals/tenerife-holiday-deals,/search/alternative-flights,12
/deals/tenerife-holiday-deals,/search/price-graph/month,1
/deals/tenerife-holiday-deals,/search/recommended,5
/deals/last-minute-city-breaks,/search/packages,10
/deals/last-minute-city-breaks,/search/alternative-flights,12
/deals/last-minute-city-breaks,/search/price-graph/month,1
/deals/last-minute-city-breaks,/search/recommended,5
/deals/last-minute-city-breaks,/help-centre/faq/save,1
/deals/last-minute-city-breaks,/availability/last-available-date,4
/deals/last-minute-city-breaks,/availability/dates,4
/deals/last-minute-beach-holidays,/help-centre/faq/save,1
/deals/last-minute-beach-holidays,/search/packages,10
/deals/last-minute-beach-holidays,/search/alternative-flights,12
/deals/last-minute-beach-holidays,/search/price-graph/month,1
/deals/last-minute-beach-holidays,/search/recommended,5
/deals/last-minute-beach-holidays,/availability/last-available-date,4
/deals/last-minute-beach-holidays,/availability/dates,4
/deals/last-minute-holiday-deals,/search/packages,10
/deals/last-minute-holiday-deals,/search/alternative-flights,12
/deals/last-minute-holiday-deals,/search/price-graph/month,1
/deals/last-minute-holiday-deals,/search/recommended,5
/deals/last-minute-holiday-deals,/availability/last-available-date,4
/deals/last-minute-holiday-deals,/availability/dates,4
/deals/last-minute-holiday-deals,/help-centre/faq/save,1
/deals/single-parent-holiday-deals,/search/packages,10
/deals/single-parent-holiday-deals,/search/alternative-flights,12
/deals/single-parent-holiday-deals,/search/price-graph/month,1
/deals/single-parent-holiday-deals,/search/recommended,5
/deals/single-parent-holiday-deals,/availability/last-available-date,4
/deals/single-parent-holiday-deals,/availability/dates,4
/deals/autumn-holidays,/search/packages,10
/deals/autumn-holidays,/search/alternative-flights,12
/deals/autumn-holidays,/search/price-graph/month,1
/deals/autumn-holidays,/search/recommended,5
/deals/autumn-holidays,/availability/last-available-date,4
/deals/autumn-holidays,/availability/dates,4
/deals/spring-holidays,/availability/last-available-date,4
/deals/spring-holidays,/availability/dates,4
/deals/spring-holidays,/search/packages,10
/deals/spring-holidays,/search/alternative-flights,12
/deals/spring-holidays,/search/price-graph/month,1
/deals/spring-holidays,/search/recommended,5
/deals/summer-holidays,/help-centre/faq/save,1
/deals/summer-holidays,/availability/last-available-date,4
/deals/summer-holidays,/availability/dates,4
/deals/summer-holidays,/search/packages,10
/deals/summer-holidays,/search/alternative-flights,12
/deals/summer-holidays,/search/price-graph/month,1
/deals/summer-holidays,/search/recommended,5
/deals/winter-city-breaks,/availability/last-available-date,4
/deals/winter-city-breaks,/availability/dates,4
/deals/winter-city-breaks,/search/packages,10
/deals/winter-city-breaks,/search/alternative-flights,12
/deals/winter-city-breaks,/search/price-graph/month,1
/deals/winter-city-breaks,/search/recommended,5
/deals/winter-city-breaks,/help-centre/faq/save,1
/deals/winter-beach-holidays,/search/packages,10
/deals/winter-beach-holidays,/search/alternative-flights,12
/deals/winter-beach-holidays,/search/price-graph/month,1
/deals/winter-beach-holidays,/search/recommended,5
/deals/winter-beach-holidays,/availability/last-available-date,4
/deals/winter-beach-holidays,/availability/dates,4
/deals/winter-holidays,/help-centre/faq/save,1
/deals/winter-holidays,/availability/last-available-date,4
/deals/winter-holidays,/availability/dates,4
/deals/winter-holidays,/search/packages,10
/deals/winter-holidays,/search/alternative-flights,12
/deals/winter-holidays,/search/price-graph/month,1
/deals/winter-holidays,/search/recommended,5
/deals/free-child-places-2024,/availability/last-available-date,4
/deals/free-child-places-2024,/availability/dates,4
/deals/free-child-places-2024,/search/packages,10
/deals/free-child-places-2024,/search/alternative-flights,12
/deals/free-child-places-2024,/search/price-graph/month,1
/deals/free-child-places-2024,/search/recommended,5
/deals/city-break-deals,/availability/last-available-date,4
/deals/city-break-deals,/availability/dates,4
/deals/city-break-deals,/search/packages,10
/deals/city-break-deals,/search/alternative-flights,12
/deals/city-break-deals,/search/price-graph/month,1
/deals/city-break-deals,/search/recommended,5
/deals/city-break-deals/from-belfast,/search/packages,10
/deals/city-break-deals/from-belfast,/search/alternative-flights,12
/deals/city-break-deals/from-belfast,/search/price-graph/month,1
/deals/city-break-deals/from-belfast,/search/recommended,5
/deals/city-break-deals/from-belfast,/availability/last-available-date,4
/deals/city-break-deals/from-belfast,/availability/dates,4
/deals/city-break-deals/from-bristol,/search/packages,10
/deals/city-break-deals/from-bristol,/search/alternative-flights,12
/deals/city-break-deals/from-bristol,/search/price-graph/month,1
/deals/city-break-deals/from-bristol,/search/recommended,5
/deals/city-break-deals/from-bristol,/availability/last-available-date,4
/deals/city-break-deals/from-bristol,/availability/dates,4
/deals/city-break-deals/from-edinburgh,/availability/last-available-date,4
/deals/city-break-deals/from-edinburgh,/availability/dates,4
/deals/city-break-deals/from-edinburgh,/search/packages,10
/deals/city-break-deals/from-edinburgh,/search/alternative-flights,12
/deals/city-break-deals/from-edinburgh,/search/price-graph/month,1
/deals/city-break-deals/from-edinburgh,/search/recommended,5
/deals/city-break-deals/from-glasgow,/search/packages,10
/deals/city-break-deals/from-glasgow,/search/alternative-flights,12
/deals/city-break-deals/from-glasgow,/search/price-graph/month,1
/deals/city-break-deals/from-glasgow,/search/recommended,5
/deals/city-break-deals/from-glasgow,/availability/last-available-date,4
/deals/city-break-deals/from-glasgow,/availability/dates,4
/deals/city-break-deals/from-liverpool,/availability/last-available-date,4
/deals/city-break-deals/from-liverpool,/availability/dates,4
/deals/city-break-deals/from-liverpool,/search/packages,10
/deals/city-break-deals/from-liverpool,/search/alternative-flights,12
/deals/city-break-deals/from-liverpool,/search/price-graph/month,1
/deals/city-break-deals/from-liverpool,/search/recommended,5
/deals/city-break-deals/from-london,/availability/last-available-date,4
/deals/city-break-deals/from-london,/availability/dates,4
/deals/city-break-deals/from-london,/search/packages,10
/deals/city-break-deals/from-london,/search/alternative-flights,12
/deals/city-break-deals/from-london,/search/price-graph/month,1
/deals/city-break-deals/from-london,/search/recommended,5
/deals/city-break-deals/from-london-gatwick,/search/packages,10
/deals/city-break-deals/from-london-gatwick,/search/alternative-flights,12
/deals/city-break-deals/from-london-gatwick,/search/price-graph/month,1
/deals/city-break-deals/from-london-gatwick,/search/recommended,5
/deals/city-break-deals/from-london-gatwick,/availability/last-available-date,4
/deals/city-break-deals/from-london-gatwick,/availability/dates,4
/deals/city-break-deals/from-london-luton,/availability/last-available-date,4
/deals/city-break-deals/from-london-luton,/availability/dates,4
/deals/city-break-deals/from-london-luton,/search/packages,10
/deals/city-break-deals/from-london-luton,/search/alternative-flights,12
/deals/city-break-deals/from-london-luton,/search/price-graph/month,1
/deals/city-break-deals/from-london-luton,/search/recommended,5
/deals/city-break-deals/from-london-southend,/search/packages,10
/deals/city-break-deals/from-london-southend,/search/alternative-flights,12
/deals/city-break-deals/from-london-southend,/search/price-graph/month,1
/deals/city-break-deals/from-london-southend,/search/recommended,5
/deals/city-break-deals/from-london-southend,/availability/last-available-date,4
/deals/city-break-deals/from-london-southend,/availability/dates,4
/deals/city-break-deals/from-london-stansted,/search/packages,10
/deals/city-break-deals/from-london-stansted,/search/alternative-flights,12
/deals/city-break-deals/from-london-stansted,/search/price-graph/month,1
/deals/city-break-deals/from-london-stansted,/search/recommended,5
/deals/city-break-deals/from-london-stansted,/availability/last-available-date,4
/deals/city-break-deals/from-london-stansted,/availability/dates,4
/deals/city-break-deals/from-manchester,/availability/last-available-date,4
/deals/city-break-deals/from-manchester,/availability/dates,4
/deals/city-break-deals/from-manchester,/search/packages,10
/deals/city-break-deals/from-manchester,/search/alternative-flights,12
/deals/city-break-deals/from-manchester,/search/price-graph/month,1
/deals/city-break-deals/from-manchester,/search/recommended,5
/deals/city-break-deals/from-newcastle,/availability/last-available-date,4
/deals/city-break-deals/from-newcastle,/availability/dates,4
/deals/city-break-deals/from-newcastle,/search/packages,10
/deals/city-break-deals/from-newcastle,/search/alternative-flights,12
/deals/city-break-deals/from-newcastle,/search/price-graph/month,1
/deals/city-break-deals/from-newcastle,/search/recommended,5
/deals/all-inclusive-deals,/search/packages,10
/deals/all-inclusive-deals,/search/alternative-flights,12
/deals/all-inclusive-deals,/search/price-graph/month,1
/deals/all-inclusive-deals,/search/recommended,5
/deals/all-inclusive-deals,/availability/last-available-date,4
/deals/all-inclusive-deals,/availability/dates,4
/deals/all-inclusive-deals/from-newcastle,/availability/last-available-date,4
/deals/all-inclusive-deals/from-newcastle,/availability/dates,4
/deals/all-inclusive-deals/from-newcastle,/search/packages,10
/deals/all-inclusive-deals/from-newcastle,/search/alternative-flights,12
/deals/all-inclusive-deals/from-newcastle,/search/price-graph/month,1
/deals/all-inclusive-deals/from-newcastle,/search/recommended,5
/deals/all-inclusive-deals/from-manchester,/availability/last-available-date,4
/deals/all-inclusive-deals/from-manchester,/availability/dates,4
/deals/all-inclusive-deals/from-manchester,/search/packages,10
/deals/all-inclusive-deals/from-manchester,/search/alternative-flights,12
/deals/all-inclusive-deals/from-manchester,/search/price-graph/month,1
/deals/all-inclusive-deals/from-manchester,/search/recommended,5
/deals/all-inclusive-deals/from-london,/availability/last-available-date,4
/deals/all-inclusive-deals/from-london,/availability/dates,4
/deals/all-inclusive-deals/from-london,/search/packages,10
/deals/all-inclusive-deals/from-london,/search/alternative-flights,12
/deals/all-inclusive-deals/from-london,/search/price-graph/month,1
/deals/all-inclusive-deals/from-london,/search/recommended,5
/deals/all-inclusive-deals/from-london-stansted,/search/packages,10
/deals/all-inclusive-deals/from-london-stansted,/search/alternative-flights,12
/deals/all-inclusive-deals/from-london-stansted,/search/price-graph/month,1
/deals/all-inclusive-deals/from-london-stansted,/search/recommended,5
/deals/all-inclusive-deals/from-london-stansted,/availability/last-available-date,4
/deals/all-inclusive-deals/from-london-stansted,/availability/dates,4
/deals/all-inclusive-deals/from-london-southend,/search/packages,10
/deals/all-inclusive-deals/from-london-southend,/search/alternative-flights,12
/deals/all-inclusive-deals/from-london-southend,/search/price-graph/month,1
/deals/all-inclusive-deals/from-london-southend,/search/recommended,5
/deals/all-inclusive-deals/from-london-southend,/availability/last-available-date,4
/deals/all-inclusive-deals/from-london-southend,/availability/dates,4
/deals/all-inclusive-deals/from-london-luton,/availability/last-available-date,4
/deals/all-inclusive-deals/from-london-luton,/availability/dates,4
/deals/all-inclusive-deals/from-london-luton,/search/packages,10
/deals/all-inclusive-deals/from-london-luton,/search/alternative-flights,12
/deals/all-inclusive-deals/from-london-luton,/search/price-graph/month,1
/deals/all-inclusive-deals/from-london-luton,/search/recommended,5
/deals/all-inclusive-deals/from-london-gatwick,/search/packages,10
/deals/all-inclusive-deals/from-london-gatwick,/search/alternative-flights,12
/deals/all-inclusive-deals/from-london-gatwick,/search/price-graph/month,1
/deals/all-inclusive-deals/from-london-gatwick,/search/recommended,5
/deals/all-inclusive-deals/from-london-gatwick,/availability/last-available-date,4
/deals/all-inclusive-deals/from-london-gatwick,/availability/dates,4
/deals/all-inclusive-deals/from-liverpool,/availability/last-available-date,4
/deals/all-inclusive-deals/from-liverpool,/availability/dates,4
/deals/all-inclusive-deals/from-liverpool,/search/packages,10
/deals/all-inclusive-deals/from-liverpool,/search/alternative-flights,12
/deals/all-inclusive-deals/from-liverpool,/search/price-graph/month,1
/deals/all-inclusive-deals/from-liverpool,/search/recommended,5
/deals/all-inclusive-deals/from-glasgow,/search/packages,10
/deals/all-inclusive-deals/from-glasgow,/search/alternative-flights,12
/deals/all-inclusive-deals/from-glasgow,/search/price-graph/month,1
/deals/all-inclusive-deals/from-glasgow,/search/recommended,5
/deals/all-inclusive-deals/from-glasgow,/availability/last-available-date,4
/deals/all-inclusive-deals/from-glasgow,/availability/dates,4
/deals/all-inclusive-deals/from-edinburgh,/availability/last-available-date,4
/deals/all-inclusive-deals/from-edinburgh,/availability/dates,4
/deals/all-inclusive-deals/from-edinburgh,/search/packages,10
/deals/all-inclusive-deals/from-edinburgh,/search/alternative-flights,12
/deals/all-inclusive-deals/from-edinburgh,/search/price-graph/month,1
/deals/all-inclusive-deals/from-edinburgh,/search/recommended,5
/deals/all-inclusive-deals/from-bristol,/search/packages,10
/deals/all-inclusive-deals/from-bristol,/search/alternative-flights,12
/deals/all-inclusive-deals/from-bristol,/search/price-graph/month,1
/deals/all-inclusive-deals/from-bristol,/search/recommended,5
/deals/all-inclusive-deals/from-bristol,/availability/last-available-date,4
/deals/all-inclusive-deals/from-bristol,/availability/dates,4
/deals/all-inclusive-deals/from-belfast,/search/packages,10
/deals/all-inclusive-deals/from-belfast,/search/alternative-flights,12
/deals/all-inclusive-deals/from-belfast,/search/price-graph/month,1
/deals/all-inclusive-deals/from-belfast,/search/recommended,5
/deals/all-inclusive-deals/from-belfast,/availability/last-available-date,4
/deals/all-inclusive-deals/from-belfast,/availability/dates,4
/deals/summer-family-holidays,/availability/last-available-date,4
/deals/summer-family-holidays,/availability/dates,4
/deals/summer-family-holidays,/search/packages,10
/deals/summer-family-holidays,/search/alternative-flights,12
/deals/summer-family-holidays,/search/price-graph/month,1
/deals/summer-family-holidays,/search/recommended,5
/deals/august-bank-holidays,/availability/last-available-date,4
/deals/august-bank-holidays,/availability/dates,4
/deals/august-bank-holidays,/search/packages,10
/deals/august-bank-holidays,/search/alternative-flights,12
/deals/august-bank-holidays,/search/price-graph/month,1
/deals/august-bank-holidays,/search/recommended,5
/deals/from-belfast,/search/packages,10
/deals/from-belfast,/search/alternative-flights,12
/deals/from-belfast,/search/price-graph/month,1
/deals/from-belfast,/search/recommended,5
/deals/from-belfast,/availability/last-available-date,4
/deals/from-belfast,/availability/dates,4
/deals/from-london-southend,/search/packages,10
/deals/from-london-southend,/search/alternative-flights,12
/deals/from-london-southend,/search/price-graph/month,1
/deals/from-london-southend,/search/recommended,5
/deals/from-london-southend,/availability/last-available-date,4
/deals/from-london-southend,/availability/dates,4
/deals/from-bristol,/search/packages,10
/deals/from-bristol,/search/alternative-flights,12
/deals/from-bristol,/search/price-graph/month,1
/deals/from-bristol,/search/recommended,5
/deals/from-bristol,/availability/last-available-date,4
/deals/from-bristol,/availability/dates,4
/deals/from-edinburgh,/availability/last-available-date,4
/deals/from-edinburgh,/availability/dates,4
/deals/from-edinburgh,/search/packages,10
/deals/from-edinburgh,/search/alternative-flights,12
/deals/from-edinburgh,/search/price-graph/month,1
/deals/from-edinburgh,/search/recommended,5
/deals/from-glasgow,/search/packages,10
/deals/from-glasgow,/search/alternative-flights,12
/deals/from-glasgow,/search/price-graph/month,1
/deals/from-glasgow,/search/recommended,5
/deals/from-glasgow,/availability/last-available-date,4
/deals/from-glasgow,/availability/dates,4
/deals/from-liverpool,/availability/last-available-date,4
/deals/from-liverpool,/availability/dates,4
/deals/from-liverpool,/search/packages,10
/deals/from-liverpool,/search/alternative-flights,12
/deals/from-liverpool,/search/price-graph/month,1
/deals/from-liverpool,/search/recommended,5
/deals/from-london,/availability/last-available-date,4
/deals/from-london,/availability/dates,4
/deals/from-london,/search/packages,10
/deals/from-london,/search/alternative-flights,12
/deals/from-london,/search/price-graph/month,1
/deals/from-london,/search/recommended,5
/deals/from-london-gatwick,/search/packages,10
/deals/from-london-gatwick,/search/alternative-flights,12
/deals/from-london-gatwick,/search/price-graph/month,1
/deals/from-london-gatwick,/search/recommended,5
/deals/from-london-gatwick,/availability/last-available-date,4
/deals/from-london-gatwick,/availability/dates,4
/deals/from-london-luton,/availability/last-available-date,4
/deals/from-london-luton,/availability/dates,4
/deals/from-london-luton,/search/packages,10
/deals/from-london-luton,/search/alternative-flights,12
/deals/from-london-luton,/search/price-graph/month,1
/deals/from-london-luton,/search/recommended,5
/deals/from-london-stansted,/search/packages,10
/deals/from-london-stansted,/search/alternative-flights,12
/deals/from-london-stansted,/search/price-graph/month,1
/deals/from-london-stansted,/search/recommended,5
/deals/from-london-stansted,/availability/last-available-date,4
/deals/from-london-stansted,/availability/dates,4
/deals/from-newcastle,/availability/last-available-date,4
/deals/from-newcastle,/availability/dates,4
/deals/from-newcastle,/search/packages,10
/deals/from-newcastle,/search/alternative-flights,12
/deals/from-newcastle,/search/price-graph/month,1
/deals/from-newcastle,/search/recommended,5
/deals/from-manchester,/availability/last-available-date,4
/deals/from-manchester,/availability/dates,4
/deals/from-manchester,/search/packages,10
/deals/from-manchester,/search/alternative-flights,12
/deals/from-manchester,/search/price-graph/month,1
/deals/from-manchester,/search/recommended,5
/holidays-in-january,/availability/last-available-date,4
/holidays-in-january,/availability/dates,4
/holidays-in-january,/help-centre/faq/save,1
/holidays-in-january,/search/packages,10
/holidays-in-january,/search/alternative-flights,12
/holidays-in-january,/search/price-graph/month,1
/holidays-in-january,/search/recommended,5
/holidays-in-february,/search/packages,10
/holidays-in-february,/search/alternative-flights,12
/holidays-in-february,/search/price-graph/month,1
/holidays-in-february,/search/recommended,5
/holidays-in-february,/help-centre/faq/save,1
/holidays-in-february,/availability/last-available-date,4
/holidays-in-february,/availability/dates,4
/holidays-in-march,/search/packages,10
/holidays-in-march,/search/alternative-flights,12
/holidays-in-march,/search/price-graph/month,1
/holidays-in-march,/search/recommended,5
/holidays-in-march,/availability/last-available-date,4
/holidays-in-march,/availability/dates,4
/holidays-in-march,/help-centre/faq/save,1
/holidays-in-april,/availability/last-available-date,4
/holidays-in-april,/availability/dates,4
/holidays-in-april,/search/packages,10
/holidays-in-april,/search/alternative-flights,12
/holidays-in-april,/search/price-graph/month,1
/holidays-in-april,/search/recommended,5
/holidays-in-april,/help-centre/faq/save,1
/holidays-in-may,/help-centre/faq/save,1
/holidays-in-may,/availability/last-available-date,4
/holidays-in-may,/availability/dates,4
/holidays-in-may,/search/packages,10
/holidays-in-may,/search/alternative-flights,12
/holidays-in-may,/search/price-graph/month,1
/holidays-in-may,/search/recommended,5
/holidays-in-june,/help-centre/faq/save,1
/holidays-in-june,/availability/last-available-date,4
/holidays-in-june,/availability/dates,4
/holidays-in-june,/search/packages,10
/holidays-in-june,/search/alternative-flights,12
/holidays-in-june,/search/price-graph/month,1
/holidays-in-june,/search/recommended,5
/holidays-in-july,/search/packages,10
/holidays-in-july,/search/alternative-flights,12
/holidays-in-july,/search/price-graph/month,1
/holidays-in-july,/search/recommended,5
/holidays-in-july,/help-centre/faq/save,1
/holidays-in-july,/availability/last-available-date,4
/holidays-in-july,/availability/dates,4
/holidays-in-august,/help-centre/faq/save,1
/holidays-in-august,/search/packages,10
/holidays-in-august,/search/alternative-flights,12
/holidays-in-august,/search/price-graph/month,1
/holidays-in-august,/search/recommended,5
/holidays-in-august,/availability/last-available-date,4
/holidays-in-august,/availability/dates,4
/holidays-in-september,/search/packages,10
/holidays-in-september,/search/alternative-flights,12
/holidays-in-september,/search/price-graph/month,1
/holidays-in-september,/search/recommended,5
/holidays-in-september,/help-centre/faq/save,1
/holidays-in-september,/availability/last-available-date,4
/holidays-in-september,/availability/dates,4
/holidays-in-october,/search/packages,10
/holidays-in-october,/search/alternative-flights,12
/holidays-in-october,/search/price-graph/month,1
/holidays-in-october,/search/recommended,5
/holidays-in-october,/availability/last-available-date,4
/holidays-in-october,/availability/dates,4
/holidays-in-october,/help-centre/faq/save,1
/holidays-in-november,/availability/last-available-date,4
/holidays-in-november,/availability/dates,4
/holidays-in-november,/search/packages,10
/holidays-in-november,/search/alternative-flights,12
/holidays-in-november,/search/price-graph/month,1
/holidays-in-november,/search/recommended,5
/holidays-in-november,/help-centre/faq/save,1
/holidays-in-december,/availability/last-available-date,4
/holidays-in-december,/availability/dates,4
/holidays-in-december,/search/packages,10
/holidays-in-december,/search/alternative-flights,12
/holidays-in-december,/search/price-graph/month,1
/holidays-in-december,/search/recommended,5
/holidays-in-december,/help-centre/faq/save,1
/holidays-from-liverpool,/search/packages,10
/holidays-from-liverpool,/search/alternative-flights,12
/holidays-from-liverpool,/search/price-graph/month,1
/holidays-from-liverpool,/search/recommended,5
/holidays-from-liverpool,/availability/last-available-date,4
/holidays-from-liverpool,/availability/dates,4
/holidays-from-manchester,/search/packages,10
/holidays-from-manchester,/search/alternative-flights,12
/holidays-from-manchester,/search/price-graph/month,1
/holidays-from-manchester,/search/recommended,5
/holidays-from-manchester,/availability/last-available-date,4
/holidays-from-manchester,/availability/dates,4
/holidays-from-southampton,/availability/last-available-date,4
/holidays-from-southampton,/availability/dates,4
/holidays-from-southampton,/search/packages,10
/holidays-from-southampton,/search/alternative-flights,12
/holidays-from-southampton,/search/price-graph/month,1
/holidays-from-southampton,/search/recommended,5
/holidays-from-belfast,/availability/last-available-date,4
/holidays-from-belfast,/availability/dates,4
/holidays-from-belfast,/search/packages,10
/holidays-from-belfast,/search/alternative-flights,12
/holidays-from-belfast,/search/price-graph/month,1
/holidays-from-belfast,/search/recommended,5
/holidays-from-bristol,/availability/last-available-date,4
/holidays-from-bristol,/availability/dates,4
/holidays-from-bristol,/search/packages,10
/holidays-from-bristol,/search/alternative-flights,12
/holidays-from-bristol,/search/price-graph/month,1
/holidays-from-bristol,/search/recommended,5
/holidays-from-glasgow,/availability/last-available-date,4
/holidays-from-glasgow,/availability/dates,4
/holidays-from-glasgow,/search/packages,10
/holidays-from-glasgow,/search/alternative-flights,12
/holidays-from-glasgow,/search/price-graph/month,1
/holidays-from-glasgow,/search/recommended,5
/holidays-from-edinburgh,/search/packages,10
/holidays-from-edinburgh,/search/alternative-flights,12
/holidays-from-edinburgh,/search/price-graph/month,1
/holidays-from-edinburgh,/search/recommended,5
/holidays-from-edinburgh,/availability/last-available-date,4
/holidays-from-edinburgh,/availability/dates,4
/holidays-from-london,/search/packages,10
/holidays-from-london,/search/alternative-flights,12
/holidays-from-london,/search/price-graph/month,1
/holidays-from-london,/search/recommended,5
/holidays-from-london,/availability/last-available-date,4
/holidays-from-london,/availability/dates,4
/holidays-from-birmingham,/availability/last-available-date,4
/holidays-from-birmingham,/availability/dates,4
/holidays-from-birmingham,/search/packages,10
/holidays-from-birmingham,/search/alternative-flights,12
/holidays-from-birmingham,/search/price-graph/month,1
/holidays-from-birmingham,/search/recommended,5
/holidays-from-london-luton,/search/packages,10
/holidays-from-london-luton,/search/alternative-flights,12
/holidays-from-london-luton,/search/price-graph/month,1
/holidays-from-london-luton,/search/recommended,5
/holidays-from-london-luton,/availability/last-available-date,4
/holidays-from-london-luton,/availability/dates,4
/holidays-from-london-southend,/search/packages,10
/holidays-from-london-southend,/search/alternative-flights,12
/holidays-from-london-southend,/search/price-graph/month,1
/holidays-from-london-southend,/search/recommended,5
/holidays-from-london-southend,/availability/last-available-date,4
/holidays-from-london-southend,/availability/dates,4
/holidays-from-newcastle,/availability/last-available-date,4
/holidays-from-newcastle,/availability/dates,4
/holidays-from-newcastle,/search/packages,10
/holidays-from-newcastle,/search/alternative-flights,12
/holidays-from-newcastle,/search/price-graph/month,1
/holidays-from-newcastle,/search/recommended,5
/holidays-from-london-stansted,/availability/last-available-date,4
/holidays-from-london-stansted,/availability/dates,4
/holidays-from-london-stansted,/search/packages,10
/holidays-from-london-stansted,/search/alternative-flights,12
/holidays-from-london-stansted,/search/price-graph/month,1
/holidays-from-london-stansted,/search/recommended,5
/offers,/search/packages,10
/offers,/search/alternative-flights,12
/offers,/search/price-graph/month,1
/offers,/search/recommended,5
/offers,/availability/last-available-date,4
/offers,/availability/dates,4
/offers/from-london-southend,/search/packages,10
/offers/from-london-southend,/search/alternative-flights,12
/offers/from-london-southend,/search/price-graph/month,1
/offers/from-london-southend,/search/recommended,5
/offers/from-london-southend,/availability/last-available-date,4
/offers/from-london-southend,/availability/dates,4
/offers/from-newcastle,/availability/last-available-date,4
/offers/from-newcastle,/availability/dates,4
/offers/from-newcastle,/search/packages,10
/offers/from-newcastle,/search/alternative-flights,12
/offers/from-newcastle,/search/price-graph/month,1
/offers/from-newcastle,/search/recommended,5
/offers/black-friday-deals,/availability/last-available-date,4
/offers/black-friday-deals,/availability/dates,4
/offers/black-friday-deals,/search/packages,10
/offers/black-friday-deals,/search/alternative-flights,12
/offers/black-friday-deals,/search/price-graph/month,1
/offers/black-friday-deals,/search/recommended,5
/offers/city-hotel-deals,/availability/last-available-date,4
/offers/city-hotel-deals,/availability/dates,4
/offers/city-hotel-deals,/search/packages,10
/offers/city-hotel-deals,/search/alternative-flights,12
/offers/city-hotel-deals,/search/price-graph/month,1
/offers/city-hotel-deals,/search/recommended,5
/offers/cyprus-deals,/availability/last-available-date,4
/offers/cyprus-deals,/availability/dates,4
/offers/cyprus-deals,/search/packages,10
/offers/cyprus-deals,/search/alternative-flights,12
/offers/cyprus-deals,/search/price-graph/month,1
/offers/cyprus-deals,/search/recommended,5
/offers/favourite-hotels,/availability/last-available-date,4
/offers/favourite-hotels,/availability/dates,4
/offers/favourite-hotels,/search/packages,10
/offers/favourite-hotels,/search/alternative-flights,12
/offers/favourite-hotels,/search/price-graph/month,1
/offers/favourite-hotels,/search/recommended,5
/offers/from-belfast,/search/packages,10
/offers/from-belfast,/search/alternative-flights,12
/offers/from-belfast,/search/price-graph/month,1
/offers/from-belfast,/search/recommended,5
/offers/from-belfast,/availability/last-available-date,4
/offers/from-belfast,/availability/dates,4
/offers/greece-deals,/search/packages,10
/offers/greece-deals,/search/alternative-flights,12
/offers/greece-deals,/search/price-graph/month,1
/offers/greece-deals,/search/recommended,5
/offers/greece-deals,/help-centre/faq/save,2
/offers/greece-deals,/availability/last-available-date,4
/offers/greece-deals,/availability/dates,4
/offers/hotel-deals,/search/packages,10
/offers/hotel-deals,/search/alternative-flights,12
/offers/hotel-deals,/search/price-graph/month,1
/offers/hotel-deals,/search/recommended,5
/offers/hotel-deals,/availability/last-available-date,4
/offers/hotel-deals,/availability/dates,4
/offers/malta-deals,/help-centre/faq/save,1
/offers/malta-deals,/search/packages,10
/offers/malta-deals,/search/alternative-flights,12
/offers/malta-deals,/search/price-graph/month,1
/offers/malta-deals,/search/recommended,5
/offers/malta-deals,/availability/last-available-date,4
/offers/malta-deals,/availability/dates,4
/offers/portugal-deals,/help-centre/faq/save,1
/offers/portugal-deals,/search/packages,10
/offers/portugal-deals,/search/alternative-flights,12
/offers/portugal-deals,/search/price-graph/month,1
/offers/portugal-deals,/search/recommended,5
/offers/portugal-deals,/availability/last-available-date,4
/offers/portugal-deals,/availability/dates,4
/offers/spain-deals,/availability/last-available-date,4
/offers/spain-deals,/availability/dates,4
/offers/spain-deals,/search/packages,10
/offers/spain-deals,/search/alternative-flights,12
/offers/spain-deals,/search/price-graph/month,1
/offers/spain-deals,/search/recommended,5
/offers/turkey-deals,/help-centre/faq/save,1
/offers/turkey-deals,/search/packages,10
/offers/turkey-deals,/search/alternative-flights,12
/offers/turkey-deals,/search/price-graph/month,1
/offers/turkey-deals,/search/recommended,5
/offers/turkey-deals,/availability/last-available-date,4
/offers/turkey-deals,/availability/dates,4
/offers/from-bristol,/search/packages,10
/offers/from-bristol,/search/alternative-flights,12
/offers/from-bristol,/search/price-graph/month,1
/offers/from-bristol,/search/recommended,5
/offers/from-bristol,/availability/last-available-date,4
/offers/from-bristol,/availability/dates,4
/offers/from-edinburgh,/availability/last-available-date,4
/offers/from-edinburgh,/availability/dates,4
/offers/from-edinburgh,/search/packages,10
/offers/from-edinburgh,/search/alternative-flights,12
/offers/from-edinburgh,/search/price-graph/month,1
/offers/from-edinburgh,/search/recommended,5
/offers/from-glasgow,/search/packages,10
/offers/from-glasgow,/search/alternative-flights,12
/offers/from-glasgow,/search/price-graph/month,1
/offers/from-glasgow,/search/recommended,5
/offers/from-glasgow,/availability/last-available-date,4
/offers/from-glasgow,/availability/dates,4
/offers/from-liverpool,/availability/last-available-date,4
/offers/from-liverpool,/availability/dates,4
/offers/from-liverpool,/search/packages,10
/offers/from-liverpool,/search/alternative-flights,12
/offers/from-liverpool,/search/price-graph/month,1
/offers/from-liverpool,/search/recommended,5
/offers/from-london,/availability/last-available-date,4
/offers/from-london,/availability/dates,4
/offers/from-london,/search/packages,10
/offers/from-london,/search/alternative-flights,12
/offers/from-london,/search/price-graph/month,1
/offers/from-london,/search/recommended,5
/offers/from-london-gatwick,/search/packages,10
/offers/from-london-gatwick,/search/alternative-flights,12
/offers/from-london-gatwick,/search/price-graph/month,1
/offers/from-london-gatwick,/search/recommended,5
/offers/from-london-gatwick,/availability/last-available-date,4
/offers/from-london-gatwick,/availability/dates,4
/offers/from-london-luton,/availability/last-available-date,4
/offers/from-london-luton,/availability/dates,4
/offers/from-london-luton,/search/packages,10
/offers/from-london-luton,/search/alternative-flights,12
/offers/from-london-luton,/search/price-graph/month,1
/offers/from-london-luton,/search/recommended,5
/offers/from-london-stansted,/search/packages,10
/offers/from-london-stansted,/search/alternative-flights,12
/offers/from-london-stansted,/search/price-graph/month,1
/offers/from-london-stansted,/search/recommended,5
/offers/from-london-stansted,/availability/last-available-date,4
/offers/from-london-stansted,/availability/dates,4
/offers/from-manchester,/availability/last-available-date,4
/offers/from-manchester,/availability/dates,4
/offers/from-manchester,/search/packages,10
/offers/from-manchester,/search/alternative-flights,12
/offers/from-manchester,/search/price-graph/month,1
/offers/from-manchester,/search/recommended,5
/offers/balearic-islands,/availability/last-available-date,4
/offers/balearic-islands,/availability/dates,4
/offers/balearic-islands,/search/packages,10
/offers/balearic-islands,/search/alternative-flights,12
/offers/balearic-islands,/search/price-graph/month,1
/offers/balearic-islands,/search/recommended,5
/offers/balearic-islands,/help-centre/faq/save,1
/offers/canary-islands,/search/packages,10
/offers/canary-islands,/search/alternative-flights,12
/offers/canary-islands,/search/price-graph/month,1
/offers/canary-islands,/search/recommended,5
/offers/canary-islands,/help-centre/faq/save,1
/offers/canary-islands,/availability/last-available-date,4
/offers/canary-islands,/availability/dates,4
/all-inclusive-holidays/from-newcastle,/availability/last-available-date,4
/all-inclusive-holidays/from-newcastle,/availability/dates,4
/all-inclusive-holidays/from-newcastle,/search/packages,10
/all-inclusive-holidays/from-newcastle,/search/alternative-flights,12
/all-inclusive-holidays/from-newcastle,/search/price-graph/month,1
/all-inclusive-holidays/from-newcastle,/search/recommended,5
/all-inclusive-holidays/from-manchester,/availability/last-available-date,4
/all-inclusive-holidays/from-manchester,/availability/dates,4
/all-inclusive-holidays/from-manchester,/search/packages,10
/all-inclusive-holidays/from-manchester,/search/alternative-flights,12
/all-inclusive-holidays/from-manchester,/search/price-graph/month,1
/all-inclusive-holidays/from-manchester,/search/recommended,5
/all-inclusive-holidays/from-london,/availability/last-available-date,4
/all-inclusive-holidays/from-london,/availability/dates,4
/all-inclusive-holidays/from-london,/search/packages,10
/all-inclusive-holidays/from-london,/search/alternative-flights,12
/all-inclusive-holidays/from-london,/search/price-graph/month,1
/all-inclusive-holidays/from-london,/search/recommended,5
/all-inclusive-holidays/from-london-stansted,/search/packages,10
/all-inclusive-holidays/from-london-stansted,/search/alternative-flights,12
/all-inclusive-holidays/from-london-stansted,/search/price-graph/month,1
/all-inclusive-holidays/from-london-stansted,/search/recommended,5
/all-inclusive-holidays/from-london-stansted,/availability/last-available-date,4
/all-inclusive-holidays/from-london-stansted,/availability/dates,4
/all-inclusive-holidays/from-london-southend,/search/packages,10
/all-inclusive-holidays/from-london-southend,/search/alternative-flights,12
/all-inclusive-holidays/from-london-southend,/search/price-graph/month,1
/all-inclusive-holidays/from-london-southend,/search/recommended,5
/all-inclusive-holidays/from-london-southend,/availability/last-available-date,4
/all-inclusive-holidays/from-london-southend,/availability/dates,4
/all-inclusive-holidays/from-london-luton,/availability/last-available-date,4
/all-inclusive-holidays/from-london-luton,/availability/dates,4
/all-inclusive-holidays/from-london-luton,/search/packages,10
/all-inclusive-holidays/from-london-luton,/search/alternative-flights,12
/all-inclusive-holidays/from-london-luton,/search/price-graph/month,1
/all-inclusive-holidays/from-london-luton,/search/recommended,5
/all-inclusive-holidays/from-london-gatwick,/search/packages,10
/all-inclusive-holidays/from-london-gatwick,/search/alternative-flights,12
/all-inclusive-holidays/from-london-gatwick,/search/price-graph/month,1
/all-inclusive-holidays/from-london-gatwick,/search/recommended,5
/all-inclusive-holidays/from-london-gatwick,/availability/last-available-date,4
/all-inclusive-holidays/from-london-gatwick,/availability/dates,4
/all-inclusive-holidays/from-liverpool,/availability/last-available-date,4
/all-inclusive-holidays/from-liverpool,/availability/dates,4
/all-inclusive-holidays/from-liverpool,/search/packages,10
/all-inclusive-holidays/from-liverpool,/search/alternative-flights,12
/all-inclusive-holidays/from-liverpool,/search/price-graph/month,1
/all-inclusive-holidays/from-liverpool,/search/recommended,5
/all-inclusive-holidays/from-glasgow,/search/packages,10
/all-inclusive-holidays/from-glasgow,/search/alternative-flights,12
/all-inclusive-holidays/from-glasgow,/search/price-graph/month,1
/all-inclusive-holidays/from-glasgow,/search/recommended,5
/all-inclusive-holidays/from-glasgow,/availability/last-available-date,4
/all-inclusive-holidays/from-glasgow,/availability/dates,4
/all-inclusive-holidays/from-edinburgh,/availability/last-available-date,4
/all-inclusive-holidays/from-edinburgh,/availability/dates,4
/all-inclusive-holidays/from-edinburgh,/search/packages,10
/all-inclusive-holidays/from-edinburgh,/search/alternative-flights,12
/all-inclusive-holidays/from-edinburgh,/search/price-graph/month,1
/all-inclusive-holidays/from-edinburgh,/search/recommended,5
/all-inclusive-holidays/from-bristol,/search/packages,10
/all-inclusive-holidays/from-bristol,/search/alternative-flights,12
/all-inclusive-holidays/from-bristol,/search/price-graph/month,1
/all-inclusive-holidays/from-bristol,/search/recommended,5
/all-inclusive-holidays/from-bristol,/availability/last-available-date,4
/all-inclusive-holidays/from-bristol,/availability/dates,4
/all-inclusive-holidays/from-belfast,/search/packages,10
/all-inclusive-holidays/from-belfast,/search/alternative-flights,12
/all-inclusive-holidays/from-belfast,/search/price-graph/month,1
/all-inclusive-holidays/from-belfast,/search/recommended,5
/all-inclusive-holidays/from-belfast,/availability/last-available-date,4
/all-inclusive-holidays/from-belfast,/availability/dates,4
/free-child-places,/help-centre/faq/save,1
/free-child-places,/search/packages,10
/free-child-places,/search/alternative-flights,12
/free-child-places,/search/price-graph/month,1
/free-child-places,/search/recommended,5
/free-child-places,/availability/last-available-date,4
/free-child-places,/availability/dates,4
/free-child-places-from-belfast,/availability/last-available-date,4
/free-child-places-from-belfast,/availability/dates,4
/free-child-places-from-belfast,/search/packages,10
/free-child-places-from-belfast,/search/alternative-flights,12
/free-child-places-from-belfast,/search/price-graph/month,1
/free-child-places-from-belfast,/search/recommended,5
/free-child-places-from-newcastle,/availability/last-available-date,4
/free-child-places-from-newcastle,/availability/dates,4
/free-child-places-from-newcastle,/search/packages,10
/free-child-places-from-newcastle,/search/alternative-flights,12
/free-child-places-from-newcastle,/search/price-graph/month,1
/free-child-places-from-newcastle,/search/recommended,5
/free-child-places-from-bristol,/availability/last-available-date,4
/free-child-places-from-bristol,/availability/dates,4
/free-child-places-from-bristol,/search/packages,10
/free-child-places-from-bristol,/search/alternative-flights,12
/free-child-places-from-bristol,/search/price-graph/month,1
/free-child-places-from-bristol,/search/recommended,5
/free-child-places-from-edinburgh,/availability/last-available-date,4
/free-child-places-from-edinburgh,/availability/dates,4
/free-child-places-from-edinburgh,/search/packages,10
/free-child-places-from-edinburgh,/search/alternative-flights,12
/free-child-places-from-edinburgh,/search/price-graph/month,1
/free-child-places-from-edinburgh,/search/recommended,5
/free-child-places-from-glasgow,/search/packages,10
/free-child-places-from-glasgow,/search/alternative-flights,12
/free-child-places-from-glasgow,/search/price-graph/month,1
/free-child-places-from-glasgow,/search/recommended,5
/free-child-places-from-glasgow,/availability/last-available-date,4
/free-child-places-from-glasgow,/availability/dates,4
/free-child-places-from-london-gatwick,/search/packages,10
/free-child-places-from-london-gatwick,/search/alternative-flights,12
/free-child-places-from-london-gatwick,/search/price-graph/month,1
/free-child-places-from-london-gatwick,/search/recommended,5
/free-child-places-from-london-gatwick,/availability/last-available-date,4
/free-child-places-from-london-gatwick,/availability/dates,4
/free-child-places-from-liverpool,/search/packages,10
/free-child-places-from-liverpool,/search/alternative-flights,12
/free-child-places-from-liverpool,/search/price-graph/month,1
/free-child-places-from-liverpool,/search/recommended,5
/free-child-places-from-liverpool,/availability/last-available-date,4
/free-child-places-from-liverpool,/availability/dates,4
/free-child-places-from-london-luton,/search/packages,10
/free-child-places-from-london-luton,/search/alternative-flights,12
/free-child-places-from-london-luton,/search/price-graph/month,1
/free-child-places-from-london-luton,/search/recommended,5
/free-child-places-from-london-luton,/availability/last-available-date,4
/free-child-places-from-london-luton,/availability/dates,4
/free-child-places-from-london-southend,/availability/last-available-date,4
/free-child-places-from-london-southend,/availability/dates,4
/free-child-places-from-london-southend,/search/packages,10
/free-child-places-from-london-southend,/search/alternative-flights,12
/free-child-places-from-london-southend,/search/price-graph/month,1
/free-child-places-from-london-southend,/search/recommended,5
/free-child-places-from-london-stansted,/availability/last-available-date,4
/free-child-places-from-london-stansted,/availability/dates,4
/free-child-places-from-london-stansted,/search/packages,10
/free-child-places-from-london-stansted,/search/alternative-flights,12
/free-child-places-from-london-stansted,/search/price-graph/month,1
/free-child-places-from-london-stansted,/search/recommended,5
/free-child-places-from-manchester,/search/packages,10
/free-child-places-from-manchester,/search/alternative-flights,12
/free-child-places-from-manchester,/search/price-graph/month,1
/free-child-places-from-manchester,/search/recommended,5
/free-child-places-from-manchester,/availability/last-available-date,4
/free-child-places-from-manchester,/availability/dates,4
/holidays-from-gatwick,/search/packages,10
/holidays-from-gatwick,/search/alternative-flights,12
/holidays-from-gatwick,/search/price-graph/month,1
/holidays-from-gatwick,/search/recommended,5
/holidays-from-gatwick,/availability/last-available-date,4
/holidays-from-gatwick,/availability/dates,4
/green-list-holiday-destinations,/availability/last-available-date,4
/green-list-holiday-destinations,/availability/dates,4
/green-list-holiday-destinations,/search/packages,10
/green-list-holiday-destinations,/search/alternative-flights,12
/green-list-holiday-destinations,/search/price-graph/month,1
/green-list-holiday-destinations,/search/recommended,5
/christmas-holidays,/search/packages,10
/christmas-holidays,/search/alternative-flights,12
/christmas-holidays,/search/price-graph/month,1
/christmas-holidays,/search/recommended,5
/christmas-holidays,/availability/last-available-date,4
/christmas-holidays,/availability/dates,4
/copy-of-green-list-holiday-destinations,/availability/last-available-date,4
/copy-of-green-list-holiday-destinations,/availability/dates,4
/copy-of-green-list-holiday-destinations,/search/packages,10
/copy-of-green-list-holiday-destinations,/search/alternative-flights,12
/copy-of-green-list-holiday-destinations,/search/price-graph/month,1
/copy-of-green-list-holiday-destinations,/search/recommended,5
/bed-and-breakfast-holidays,/help-centre/faq/save,1
/bed-and-breakfast-holidays,/search/packages,10
/bed-and-breakfast-holidays,/search/alternative-flights,12
/bed-and-breakfast-holidays,/search/price-graph/month,1
/bed-and-breakfast-holidays,/search/recommended,5
/bed-and-breakfast-holidays,/availability/last-available-date,4
/bed-and-breakfast-holidays,/availability/dates,4
/boutique-holidays,/availability/last-available-date,4
/boutique-holidays,/availability/dates,4
/boutique-holidays,/search/packages,10
/boutique-holidays,/search/alternative-flights,12
/boutique-holidays,/search/price-graph/month,1
/boutique-holidays,/search/recommended,5
/october-school-holidays,/search/packages,10
/october-school-holidays,/search/alternative-flights,12
/october-school-holidays,/search/price-graph/month,1
/october-school-holidays,/search/recommended,5
/october-school-holidays,/availability/last-available-date,4
/october-school-holidays,/availability/dates,4
/october-school-holidays,/help-centre/faq/save,1
/easter-holidays,/availability/last-available-date,4
/easter-holidays,/availability/dates,4
/easter-holidays,/search/packages,10
/easter-holidays,/search/alternative-flights,12
/easter-holidays,/search/price-graph/month,1
/easter-holidays,/search/recommended,5
/easter-holidays/from-belfast,/search/packages,10
/easter-holidays/from-belfast,/search/alternative-flights,12
/easter-holidays/from-belfast,/search/price-graph/month,1
/easter-holidays/from-belfast,/search/recommended,5
/easter-holidays/from-belfast,/availability/last-available-date,4
/easter-holidays/from-belfast,/availability/dates,4
/easter-holidays/from-bristol,/search/packages,10
/easter-holidays/from-bristol,/search/alternative-flights,12
/easter-holidays/from-bristol,/search/price-graph/month,1
/easter-holidays/from-bristol,/search/recommended,5
/easter-holidays/from-bristol,/availability/last-available-date,4
/easter-holidays/from-bristol,/availability/dates,4
/easter-holidays/from-edinburgh,/availability/last-available-date,4
/easter-holidays/from-edinburgh,/availability/dates,4
/easter-holidays/from-edinburgh,/search/packages,10
/easter-holidays/from-edinburgh,/search/alternative-flights,12
/easter-holidays/from-edinburgh,/search/price-graph/month,1
/easter-holidays/from-edinburgh,/search/recommended,5
/easter-holidays/from-glasgow,/search/packages,10
/easter-holidays/from-glasgow,/search/alternative-flights,12
/easter-holidays/from-glasgow,/search/price-graph/month,1
/easter-holidays/from-glasgow,/search/recommended,5
/easter-holidays/from-glasgow,/availability/last-available-date,4
/easter-holidays/from-glasgow,/availability/dates,4
/easter-holidays/from-liverpool,/availability/last-available-date,4
/easter-holidays/from-liverpool,/availability/dates,4
/easter-holidays/from-liverpool,/search/packages,10
/easter-holidays/from-liverpool,/search/alternative-flights,12
/easter-holidays/from-liverpool,/search/price-graph/month,1
/easter-holidays/from-liverpool,/search/recommended,5
/easter-holidays/from-london,/availability/last-available-date,4
/easter-holidays/from-london,/availability/dates,4
/easter-holidays/from-london,/search/packages,10
/easter-holidays/from-london,/search/alternative-flights,12
/easter-holidays/from-london,/search/price-graph/month,1
/easter-holidays/from-london,/search/recommended,5
/easter-holidays/from-london-gatwick,/search/packages,10
/easter-holidays/from-london-gatwick,/search/alternative-flights,12
/easter-holidays/from-london-gatwick,/search/price-graph/month,1
/easter-holidays/from-london-gatwick,/search/recommended,5
/easter-holidays/from-london-gatwick,/availability/last-available-date,4
/easter-holidays/from-london-gatwick,/availability/dates,4
/easter-holidays/from-london-luton,/availability/last-available-date,4
/easter-holidays/from-london-luton,/availability/dates,4
/easter-holidays/from-london-luton,/search/packages,10
/easter-holidays/from-london-luton,/search/alternative-flights,12
/easter-holidays/from-london-luton,/search/price-graph/month,1
/easter-holidays/from-london-luton,/search/recommended,5
/easter-holidays/from-london-southend,/search/packages,10
/easter-holidays/from-london-southend,/search/alternative-flights,12
/easter-holidays/from-london-southend,/search/price-graph/month,1
/easter-holidays/from-london-southend,/search/recommended,5
/easter-holidays/from-london-southend,/availability/last-available-date,4
/easter-holidays/from-london-southend,/availability/dates,4
/easter-holidays/from-london-stansted,/search/packages,10
/easter-holidays/from-london-stansted,/search/alternative-flights,12
/easter-holidays/from-london-stansted,/search/price-graph/month,1
/easter-holidays/from-london-stansted,/search/recommended,5
/easter-holidays/from-london-stansted,/availability/last-available-date,4
/easter-holidays/from-london-stansted,/availability/dates,4
/easter-holidays/from-manchester,/availability/last-available-date,4
/easter-holidays/from-manchester,/availability/dates,4
/easter-holidays/from-manchester,/search/packages,10
/easter-holidays/from-manchester,/search/alternative-flights,12
/easter-holidays/from-manchester,/search/price-graph/month,1
/easter-holidays/from-manchester,/search/recommended,5
/easter-holidays/from-newcastle,/availability/last-available-date,4
/easter-holidays/from-newcastle,/availability/dates,4
/easter-holidays/from-newcastle,/search/packages,10
/easter-holidays/from-newcastle,/search/alternative-flights,12
/easter-holidays/from-newcastle,/search/price-graph/month,1
/easter-holidays/from-newcastle,/search/recommended,5
/half-term-holidays,/availability/last-available-date,4
/half-term-holidays,/availability/dates,4
/half-term-holidays,/search/packages,10
/half-term-holidays,/search/alternative-flights,12
/half-term-holidays,/search/price-graph/month,1
/half-term-holidays,/search/recommended,5
/christmas-market-breaks,/search/packages,10
/christmas-market-breaks,/search/alternative-flights,12
/christmas-market-breaks,/search/price-graph/month,1
/christmas-market-breaks,/search/recommended,5
/christmas-market-breaks,/availability/last-available-date,4
/christmas-market-breaks,/availability/dates,4
/christmas-market-breaks/to-amsterdam,/search/packages,10
/christmas-market-breaks/to-amsterdam,/search/alternative-flights,12
/christmas-market-breaks/to-amsterdam,/search/price-graph/month,1
/christmas-market-breaks/to-amsterdam,/search/recommended,5
/christmas-market-breaks/to-amsterdam,/availability/last-available-date,4
/christmas-market-breaks/to-amsterdam,/availability/dates,4
/christmas-market-breaks/to-berlin,/search/packages,10
/christmas-market-breaks/to-berlin,/search/alternative-flights,12
/christmas-market-breaks/to-berlin,/search/price-graph/month,1
/christmas-market-breaks/to-berlin,/search/recommended,5
/christmas-market-breaks/to-berlin,/availability/last-available-date,4
/christmas-market-breaks/to-berlin,/availability/dates,4
/christmas-market-breaks/to-budapest,/search/packages,10
/christmas-market-breaks/to-budapest,/search/alternative-flights,12
/christmas-market-breaks/to-budapest,/search/price-graph/month,1
/christmas-market-breaks/to-budapest,/search/recommended,5
/christmas-market-breaks/to-budapest,/availability/last-available-date,4
/christmas-market-breaks/to-budapest,/availability/dates,4
/christmas-market-breaks/to-copenhagen,/search/packages,10
/christmas-market-breaks/to-copenhagen,/search/alternative-flights,12
/christmas-market-breaks/to-copenhagen,/search/price-graph/month,1
/christmas-market-breaks/to-copenhagen,/search/recommended,5
/christmas-market-breaks/to-copenhagen,/availability/last-available-date,4
/christmas-market-breaks/to-copenhagen,/availability/dates,4
/christmas-market-breaks/to-munich,/search/packages,10
/christmas-market-breaks/to-munich,/search/alternative-flights,12
/christmas-market-breaks/to-munich,/search/price-graph/month,1
/christmas-market-breaks/to-munich,/search/recommended,5
/christmas-market-breaks/to-munich,/availability/last-available-date,4
/christmas-market-breaks/to-munich,/availability/dates,4
/christmas-market-breaks/to-prague,/search/packages,10
/christmas-market-breaks/to-prague,/search/alternative-flights,12
/christmas-market-breaks/to-prague,/search/price-graph/month,1
/christmas-market-breaks/to-prague,/search/recommended,5
/christmas-market-breaks/to-prague,/availability/last-available-date,4
/christmas-market-breaks/to-prague,/availability/dates,4
/christmas-market-breaks/to-vienna,/availability/last-available-date,4
/christmas-market-breaks/to-vienna,/availability/dates,4
/christmas-market-breaks/to-vienna,/search/packages,10
/christmas-market-breaks/to-vienna,/search/alternative-flights,12
/christmas-market-breaks/to-vienna,/search/price-graph/month,1
/christmas-market-breaks/to-vienna,/search/recommended,5
/summer-city-breaks,/availability/last-available-date,4
/summer-city-breaks,/availability/dates,4
/summer-city-breaks,/search/packages,10
/summer-city-breaks,/search/alternative-flights,12
/summer-city-breaks,/search/price-graph/month,1
/summer-city-breaks,/search/recommended,5
/summer-city-breaks,/help-centre/faq/save,1
/short-beach-breaks,/availability/last-available-date,4
/short-beach-breaks,/availability/dates,4
/short-beach-breaks,/search/packages,10
/short-beach-breaks,/search/alternative-flights,12
/short-beach-breaks,/search/price-graph/month,1
/short-beach-breaks,/search/recommended,5
/winter-holidays-2022,/search/packages,10
/winter-holidays-2022,/search/alternative-flights,12
/winter-holidays-2022,/search/price-graph/month,1
/winter-holidays-2022,/search/recommended,5
/winter-holidays-2022,/availability/last-available-date,4
/winter-holidays-2022,/availability/dates,4
/undiscovered-holidays,/search/packages,10
/undiscovered-holidays,/search/alternative-flights,12
/undiscovered-holidays,/search/price-graph/month,1
/undiscovered-holidays,/search/recommended,5
/undiscovered-holidays,/availability/last-available-date,4
/undiscovered-holidays,/availability/dates,4
/last-minute-beach-holidays,/help-centre/faq/save,1
/last-minute-beach-holidays,/search/packages,10
/last-minute-beach-holidays,/search/alternative-flights,12
/last-minute-beach-holidays,/search/price-graph/month,1
/last-minute-beach-holidays,/search/recommended,5
/last-minute-beach-holidays,/availability/last-available-date,4
/last-minute-beach-holidays,/availability/dates,4
/portugal-deals,/help-centre/faq/save,1
/portugal-deals,/search/packages,10
/portugal-deals,/search/alternative-flights,12
/portugal-deals,/search/price-graph/month,1
/portugal-deals,/search/recommended,5
/portugal-deals,/availability/last-available-date,4
/portugal-deals,/availability/dates,4
/summer-2021-holidays,/availability/last-available-date,4
/summer-2021-holidays,/availability/dates,4
/summer-2021-holidays,/search/packages,10
/summer-2021-holidays,/search/alternative-flights,12
/summer-2021-holidays,/search/price-graph/month,1
/summer-2021-holidays,/search/recommended,5
/summer-2022-holidays,/availability/last-available-date,4
/summer-2022-holidays,/availability/dates,4
/summer-2022-holidays,/search/packages,10
/summer-2022-holidays,/search/alternative-flights,12
/summer-2022-holidays,/search/price-graph/month,1
/summer-2022-holidays,/search/recommended,5
/summer-holidays,/help-centre/faq/save,1
/summer-holidays,/availability/last-available-date,4
/summer-holidays,/availability/dates,4
/summer-holidays,/search/packages,10
/summer-holidays,/search/alternative-flights,12
/summer-holidays,/search/price-graph/month,1
/summer-holidays,/search/recommended,5
/summer-holidays/from-belfast,/search/packages,10
/summer-holidays/from-belfast,/search/alternative-flights,12
/summer-holidays/from-belfast,/search/price-graph/month,1
/summer-holidays/from-belfast,/search/recommended,5
/summer-holidays/from-belfast,/availability/last-available-date,4
/summer-holidays/from-belfast,/availability/dates,4
/summer-holidays/from-bristol,/search/packages,10
/summer-holidays/from-bristol,/search/alternative-flights,12
/summer-holidays/from-bristol,/search/price-graph/month,1
/summer-holidays/from-bristol,/search/recommended,5
/summer-holidays/from-bristol,/availability/last-available-date,4
/summer-holidays/from-bristol,/availability/dates,4
/summer-holidays/from-edinburgh,/availability/last-available-date,4
/summer-holidays/from-edinburgh,/availability/dates,4
/summer-holidays/from-edinburgh,/search/packages,10
/summer-holidays/from-edinburgh,/search/alternative-flights,12
/summer-holidays/from-edinburgh,/search/price-graph/month,1
/summer-holidays/from-edinburgh,/search/recommended,5
/summer-holidays/from-glasgow,/search/packages,10
/summer-holidays/from-glasgow,/search/alternative-flights,12
/summer-holidays/from-glasgow,/search/price-graph/month,1
/summer-holidays/from-glasgow,/search/recommended,5
/summer-holidays/from-glasgow,/availability/last-available-date,4
/summer-holidays/from-glasgow,/availability/dates,4
/summer-holidays/from-liverpool,/availability/last-available-date,4
/summer-holidays/from-liverpool,/availability/dates,4
/summer-holidays/from-liverpool,/search/packages,10
/summer-holidays/from-liverpool,/search/alternative-flights,12
/summer-holidays/from-liverpool,/search/price-graph/month,1
/summer-holidays/from-liverpool,/search/recommended,5
/summer-holidays/from-london,/availability/last-available-date,4
/summer-holidays/from-london,/availability/dates,4
/summer-holidays/from-london,/search/packages,10
/summer-holidays/from-london,/search/alternative-flights,12
/summer-holidays/from-london,/search/price-graph/month,1
/summer-holidays/from-london,/search/recommended,5
/summer-holidays/from-london-gatwick,/search/packages,10
/summer-holidays/from-london-gatwick,/search/alternative-flights,12
/summer-holidays/from-london-gatwick,/search/price-graph/month,1
/summer-holidays/from-london-gatwick,/search/recommended,5
/summer-holidays/from-london-gatwick,/availability/last-available-date,4
/summer-holidays/from-london-gatwick,/availability/dates,4
/summer-holidays/from-london-luton,/availability/last-available-date,4
/summer-holidays/from-london-luton,/availability/dates,4
/summer-holidays/from-london-luton,/search/packages,10
/summer-holidays/from-london-luton,/search/alternative-flights,12
/summer-holidays/from-london-luton,/search/price-graph/month,1
/summer-holidays/from-london-luton,/search/recommended,5
/summer-holidays/from-london-southend,/search/packages,10
/summer-holidays/from-london-southend,/search/alternative-flights,12
/summer-holidays/from-london-southend,/search/price-graph/month,1
/summer-holidays/from-london-southend,/search/recommended,5
/summer-holidays/from-london-southend,/availability/last-available-date,4
/summer-holidays/from-london-southend,/availability/dates,4
/summer-holidays/from-london-stansted,/search/packages,10
/summer-holidays/from-london-stansted,/search/alternative-flights,12
/summer-holidays/from-london-stansted,/search/price-graph/month,1
/summer-holidays/from-london-stansted,/search/recommended,5
/summer-holidays/from-london-stansted,/availability/last-available-date,4
/summer-holidays/from-london-stansted,/availability/dates,4
/summer-holidays/from-manchester,/availability/last-available-date,4
/summer-holidays/from-manchester,/availability/dates,4
/summer-holidays/from-manchester,/search/packages,10
/summer-holidays/from-manchester,/search/alternative-flights,12
/summer-holidays/from-manchester,/search/price-graph/month,1
/summer-holidays/from-manchester,/search/recommended,5
/summer-holidays/from-newcastle,/availability/last-available-date,4
/summer-holidays/from-newcastle,/availability/dates,4
/summer-holidays/from-newcastle,/search/packages,10
/summer-holidays/from-newcastle,/search/alternative-flights,12
/summer-holidays/from-newcastle,/search/price-graph/month,1
/summer-holidays/from-newcastle,/search/recommended,5
/summer-family-holidays,/availability/last-available-date,4
/summer-family-holidays,/availability/dates,4
/summer-family-holidays,/search/packages,10
/summer-family-holidays,/search/alternative-flights,12
/summer-family-holidays,/search/price-graph/month,1
/summer-family-holidays,/search/recommended,5
/august-bank-holiday,/search/packages,10
/august-bank-holiday,/search/alternative-flights,12
/august-bank-holiday,/search/price-graph/month,1
/august-bank-holiday,/search/recommended,5
/august-bank-holiday,/availability/last-available-date,4
/august-bank-holiday,/availability/dates,4
/winter-city-breaks,/availability/last-available-date,4
/winter-city-breaks,/availability/dates,4
/winter-city-breaks,/search/packages,10
/winter-city-breaks,/search/alternative-flights,12
/winter-city-breaks,/search/price-graph/month,1
/winter-city-breaks,/search/recommended,5
/winter-city-breaks,/help-centre/faq/save,1
/winter-holidays,/help-centre/faq/save,1
/winter-holidays,/availability/last-available-date,4
/winter-holidays,/availability/dates,4
/winter-holidays,/search/packages,10
/winter-holidays,/search/alternative-flights,12
/winter-holidays,/search/price-graph/month,1
/winter-holidays,/search/recommended,5
/period-driven-promo-page,/search/packages,10
/period-driven-promo-page,/search/alternative-flights,12
/period-driven-promo-page,/search/price-graph/month,1
/period-driven-promo-page,/search/recommended,5
/period-driven-promo-page,/availability/last-available-date,4
/period-driven-promo-page,/availability/dates,4
/informations/trade-covid-19-testing,/help-centre/faq/save,7
/informations/trade-group-holidays,/availability/from,12
/informations/trade-group-holidays,/price,24
/informations/trade-group-holidays,/destinations/search,48
/informations/trade-group-holidays,/help-centre/faq/save,2
/informations/trade-rebook-terms,/search/packages,24
/informations/trade-rebook-terms,/availability/last-available-date,12
/informations/trade-rebook-terms,/availability/dates,8
/informations/trade-rebook-terms,/content/filter-facilities,3
/informations/trade-rebook-terms,/destinations/search,3
/informations/trade-rebook-terms,envPublic.CMS_API/tracking/user-search,4
/informations/protection-de-l'insolvabilite,/help-centre/faq/save,1
/informations/customer-safety-and-wellbeing/before-you-travel,/help-centre/faq/save,1
/informations/customer-safety-and-wellbeing/before-you-travel,/search/alternative-flights,12
/informations/customer-safety-and-wellbeing/before-you-travel,/search/recommended,5
/informations/customer-safety-and-wellbeing/before-you-travel,/search/packages,10
/informations/customer-safety-and-wellbeing/before-you-travel,/search/price-graph/month,1
/informations/customer-safety-and-wellbeing/on-holiday,/help-centre/faq/save,1
/informations/customer-safety-and-wellbeing/on-holiday,/search/alternative-flights,12
/informations/customer-safety-and-wellbeing/on-holiday,/search/recommended,5
/informations/customer-safety-and-wellbeing/on-holiday,/search/packages,10
/informations/customer-safety-and-wellbeing/on-holiday,/search/price-graph/month,1
/informations/customer-safety-and-wellbeing/out-and-about,/help-centre/faq/save,1
/informations/customer-safety-and-wellbeing/out-and-about,/search/alternative-flights,12
/informations/customer-safety-and-wellbeing/out-and-about,/search/recommended,5
/informations/customer-safety-and-wellbeing/out-and-about,/search/packages,10
/informations/customer-safety-and-wellbeing/out-and-about,/search/price-graph/month,1
/informations/customer-safety-and-wellbeing/food-and-drink,/search/alternative-flights,12
/informations/customer-safety-and-wellbeing/food-and-drink,/search/recommended,5
/informations/customer-safety-and-wellbeing/food-and-drink,/search/packages,10
/informations/customer-safety-and-wellbeing/food-and-drink,/search/price-graph/month,1
/informations/customer-safety-and-wellbeing/food-and-drink,/help-centre/faq/save,1
/informations/customer-safety-and-wellbeing/swimming-and-at-the-beach,/help-centre/faq/save,1
/informations/customer-safety-and-wellbeing/swimming-and-at-the-beach,/search/alternative-flights,12
/informations/customer-safety-and-wellbeing/swimming-and-at-the-beach,/search/recommended,5
/informations/customer-safety-and-wellbeing/swimming-and-at-the-beach,/search/packages,10
/informations/customer-safety-and-wellbeing/swimming-and-at-the-beach,/search/price-graph/month,1
/informations/customer-safety-and-wellbeing/your-hotel,/help-centre/faq/save,1
/informations/customer-safety-and-wellbeing/your-hotel,/search/alternative-flights,12
/informations/customer-safety-and-wellbeing/your-hotel,/search/recommended,5
/informations/customer-safety-and-wellbeing/your-hotel,/search/packages,10
/informations/customer-safety-and-wellbeing/your-hotel,/search/price-graph/month,1
/informations/customer-safety-and-wellbeing/choosing-your-holiday,/help-centre/faq/save,1
/informations/customer-safety-and-wellbeing/choosing-your-holiday,/search/alternative-flights,12
/informations/customer-safety-and-wellbeing/choosing-your-holiday,/search/recommended,5
/informations/customer-safety-and-wellbeing/choosing-your-holiday,/search/packages,10
/informations/customer-safety-and-wellbeing/choosing-your-holiday,/search/price-graph/month,1
/informations/customer-safety-and-wellbeing/at-the-airport,/help-centre/faq/save,1
/informations/customer-safety-and-wellbeing/at-the-airport,/search/alternative-flights,12
/informations/customer-safety-and-wellbeing/at-the-airport,/search/recommended,5
/informations/customer-safety-and-wellbeing/at-the-airport,/search/packages,10
/informations/customer-safety-and-wellbeing/at-the-airport,/search/price-graph/month,1
/informations/customer-safety-and-wellbeing/coming-home,/help-centre/faq/save,1
/informations/customer-safety-and-wellbeing/coming-home,/search/alternative-flights,12
/informations/customer-safety-and-wellbeing/coming-home,/search/recommended,5
/informations/customer-safety-and-wellbeing/coming-home,/search/packages,10
/informations/customer-safety-and-wellbeing/coming-home,/search/price-graph/month,1
/informations/sécurité-et-bien-être-des-clients,/search/alternative-flights,12
/informations/sécurité-et-bien-être-des-clients,/search/recommended,5
/informations/sécurité-et-bien-être-des-clients,/search/packages,10
/informations/sécurité-et-bien-être-des-clients,/search/price-graph/month,1
/informations/sécurité-et-bien-être-des-clients,/availability/from,2
/informations/sécurité-et-bien-être-des-clients,/price,4
/informations/sécurité-et-bien-être-des-clients,/destinations/search,8
/informations/sécurité-et-bien-être-des-clients/before-you-travel,/help-centre/faq/save,1
/informations/sécurité-et-bien-être-des-clients/before-you-travel,/search/alternative-flights,12
/informations/sécurité-et-bien-être-des-clients/before-you-travel,/search/recommended,5
/informations/sécurité-et-bien-être-des-clients/before-you-travel,/search/packages,10
/informations/sécurité-et-bien-être-des-clients/before-you-travel,/search/price-graph/month,1
/informations/sécurité-et-bien-être-des-clients/on-holiday,/help-centre/faq/save,1
/informations/sécurité-et-bien-être-des-clients/on-holiday,/search/alternative-flights,12
/informations/sécurité-et-bien-être-des-clients/on-holiday,/search/recommended,5
/informations/sécurité-et-bien-être-des-clients/on-holiday,/search/packages,10
/informations/sécurité-et-bien-être-des-clients/on-holiday,/search/price-graph/month,1
/informations/sécurité-et-bien-être-des-clients/out-and-about,/help-centre/faq/save,1
/informations/sécurité-et-bien-être-des-clients/out-and-about,/search/alternative-flights,12
/informations/sécurité-et-bien-être-des-clients/out-and-about,/search/recommended,5
/informations/sécurité-et-bien-être-des-clients/out-and-about,/search/packages,10
/informations/sécurité-et-bien-être-des-clients/out-and-about,/search/price-graph/month,1
/informations/sécurité-et-bien-être-des-clients/food-and-drink,/search/alternative-flights,12
/informations/sécurité-et-bien-être-des-clients/food-and-drink,/search/recommended,5
/informations/sécurité-et-bien-être-des-clients/food-and-drink,/search/packages,10
/informations/sécurité-et-bien-être-des-clients/food-and-drink,/search/price-graph/month,1
/informations/sécurité-et-bien-être-des-clients/food-and-drink,/help-centre/faq/save,1
/informations/sécurité-et-bien-être-des-clients/swimming-and-at-the-beach,/help-centre/faq/save,1
/informations/sécurité-et-bien-être-des-clients/swimming-and-at-the-beach,/search/alternative-flights,12
/informations/sécurité-et-bien-être-des-clients/swimming-and-at-the-beach,/search/recommended,5
/informations/sécurité-et-bien-être-des-clients/swimming-and-at-the-beach,/search/packages,10
/informations/sécurité-et-bien-être-des-clients/swimming-and-at-the-beach,/search/price-graph/month,1
/informations/sécurité-et-bien-être-des-clients/your-hotel,/help-centre/faq/save,1
/informations/sécurité-et-bien-être-des-clients/your-hotel,/search/alternative-flights,12
/informations/sécurité-et-bien-être-des-clients/your-hotel,/search/recommended,5
/informations/sécurité-et-bien-être-des-clients/your-hotel,/search/packages,10
/informations/sécurité-et-bien-être-des-clients/your-hotel,/search/price-graph/month,1
/informations/sécurité-et-bien-être-des-clients/choosing-your-holiday,/help-centre/faq/save,1
/informations/sécurité-et-bien-être-des-clients/choosing-your-holiday,/search/alternative-flights,12
/informations/sécurité-et-bien-être-des-clients/choosing-your-holiday,/search/recommended,5
/informations/sécurité-et-bien-être-des-clients/choosing-your-holiday,/search/packages,10
/informations/sécurité-et-bien-être-des-clients/choosing-your-holiday,/search/price-graph/month,1
/informations/sécurité-et-bien-être-des-clients/at-the-airport,/help-centre/faq/save,1
/informations/sécurité-et-bien-être-des-clients/at-the-airport,/search/alternative-flights,12
/informations/sécurité-et-bien-être-des-clients/at-the-airport,/search/recommended,5
/informations/sécurité-et-bien-être-des-clients/at-the-airport,/search/packages,10
/informations/sécurité-et-bien-être-des-clients/at-the-airport,/search/price-graph/month,1
/informations/sécurité-et-bien-être-des-clients/coming-home,/help-centre/faq/save,1
/informations/sécurité-et-bien-être-des-clients/coming-home,/search/alternative-flights,12
/informations/sécurité-et-bien-être-des-clients/coming-home,/search/recommended,5
/informations/sécurité-et-bien-être-des-clients/coming-home,/search/packages,10
/informations/sécurité-et-bien-être-des-clients/coming-home,/search/price-graph/month,1
/informations/rebook-terms,/search/packages,24
/informations/rebook-terms,/availability/last-available-date,12
/informations/rebook-terms,/availability/dates,8
/informations/rebook-terms,/content/filter-facilities,3
/informations/rebook-terms,/destinations/search,3
/informations/rebook-terms,envPublic.CMS_API/tracking/user-search,4
/informations/sustainability-about-page,/search/packages,24
/informations/sustainability-about-page,/availability/last-available-date,12
/informations/sustainability-about-page,/availability/dates,8
/informations/sustainability-about-page,/content/filter-facilities,3
/informations/sustainability-about-page,/destinations/search,3
/informations/sustainability-about-page,envPublic.CMS_API/tracking/user-search,4
/informations/pourquoi-réserver-auprès-de-nous,/availability/from,14
/informations/pourquoi-réserver-auprès-de-nous,/price,28
/informations/pourquoi-réserver-auprès-de-nous,/destinations/search,59
/informations/pourquoi-réserver-auprès-de-nous,/search/packages,24
/informations/pourquoi-réserver-auprès-de-nous,/availability/last-available-date,12
/informations/pourquoi-réserver-auprès-de-nous,/availability/dates,8
/informations/pourquoi-réserver-auprès-de-nous,/content/filter-facilities,3
/informations/pourquoi-réserver-auprès-de-nous,envPublic.CMS_API/tracking/user-search,4
/informations/return-transfers,/help-centre/faq/save,1
/informations/amend-offer-standard-terms,/search/packages,24
/informations/amend-offer-standard-terms,/availability/last-available-date,12
/informations/amend-offer-standard-terms,/availability/dates,8
/informations/amend-offer-standard-terms,/content/filter-facilities,3
/informations/amend-offer-standard-terms,/destinations/search,3
/informations/amend-offer-standard-terms,envPublic.CMS_API/tracking/user-search,4
/informations/amend-offer-terms,/search/packages,24
/informations/amend-offer-terms,/availability/last-available-date,12
/informations/amend-offer-terms,/availability/dates,8
/informations/amend-offer-terms,/content/filter-facilities,3
/informations/amend-offer-terms,/destinations/search,3
/informations/amend-offer-terms,envPublic.CMS_API/tracking/user-search,4
/informations/amend-terms,/search/packages,24
/informations/amend-terms,/availability/last-available-date,12
/informations/amend-terms,/availability/dates,8
/informations/amend-terms,/content/filter-facilities,3
/informations/amend-terms,/destinations/search,3
/informations/amend-terms,envPublic.CMS_API/tracking/user-search,4
/informations/booking-conditions,/help-centre/faq/save,6
/informations/booking-conditions,/availability/from,2
/informations/booking-conditions,/price,4
/informations/booking-conditions,/destinations/search,8
/informations/conditions-de-réservation,/help-centre/faq/save,6
/informations/conditions-d'utilisation,/help-centre/faq/save,1
/informations/travel-information,/search/packages,24
/informations/travel-information,/availability/last-available-date,12
/informations/travel-information,/availability/dates,8
/informations/travel-information,/content/filter-facilities,3
/informations/travel-information,/destinations/search,3
/informations/travel-information,envPublic.CMS_API/tracking/user-search,4
/informations/travel-information,/help-centre/faq/save,1
/informations/contact-us,/availability/from,8
/informations/contact-us,/price,16
/informations/contact-us,/destinations/search,32
/vacances-certifiées-éco-responsables,/search/packages,10
/vacances-certifiées-éco-responsables,/search/alternative-flights,12
/vacances-certifiées-éco-responsables,/search/price-graph/month,1
/vacances-certifiées-éco-responsables,/search/recommended,5
/vacances-certifiées-éco-responsables,/availability/last-available-date,4
/vacances-certifiées-éco-responsables,/availability/dates,4
/vacances-de-paques,/search/packages,10
/vacances-de-paques,/search/alternative-flights,12
/vacances-de-paques,/search/price-graph/month,1
/vacances-de-paques,/search/recommended,5
/vacances-de-paques,/help-centre/faq/save,1
/vacances-de-paques,/availability/last-available-date,4
/vacances-de-paques,/availability/dates,4
/vacances-hiver,/availability/last-available-date,4
/vacances-hiver,/availability/dates,4
/vacances-hiver,/search/packages,10
/vacances-hiver,/search/alternative-flights,12
/vacances-hiver,/search/price-graph/month,1
/vacances-hiver,/search/recommended,5
/vacances-printemps,/search/packages,10
/vacances-printemps,/search/alternative-flights,12
/vacances-printemps,/search/price-graph/month,1
/vacances-printemps,/search/recommended,5
/vacances-printemps,/availability/last-available-date,4
/vacances-printemps,/availability/dates,4
/vacances-a-prix-reduit,/availability/last-available-date,4
/vacances-a-prix-reduit,/availability/dates,4
/vacances-a-prix-reduit,/search/packages,10
/vacances-a-prix-reduit,/search/alternative-flights,12
/vacances-a-prix-reduit,/search/price-graph/month,1
/vacances-a-prix-reduit,/search/recommended,5
/vacances-ete,/availability/last-available-date,4
/vacances-ete,/availability/dates,4
/vacances-ete,/search/packages,10
/vacances-ete,/search/alternative-flights,12
/vacances-ete,/search/price-graph/month,1
/vacances-ete,/search/recommended,5
/vacances-automne,/availability/last-available-date,4
/vacances-automne,/availability/dates,4
/vacances-automne,/search/packages,10
/vacances-automne,/search/alternative-flights,12
/vacances-automne,/search/price-graph/month,1
/vacances-automne,/search/recommended,5
/vacances-au-depart-de-geneve,/availability/last-available-date,4
/vacances-au-depart-de-geneve,/availability/dates,4
/vacances-au-depart-de-geneve,/search/packages,10
/vacances-au-depart-de-geneve,/search/alternative-flights,12
/vacances-au-depart-de-geneve,/search/price-graph/month,1
/vacances-au-depart-de-geneve,/search/recommended,5
/vacances-au-depart-de-zurich,/availability/last-available-date,4
/vacances-au-depart-de-zurich,/availability/dates,4
/vacances-au-depart-de-zurich,/search/packages,10
/vacances-au-depart-de-zurich,/search/alternative-flights,12
/vacances-au-depart-de-zurich,/search/price-graph/month,1
/vacances-au-depart-de-zurich,/search/recommended,5
/vacances-au-depart-de-bale,/availability/last-available-date,4
/vacances-au-depart-de-bale,/availability/dates,4
/vacances-au-depart-de-bale,/search/packages,10
/vacances-au-depart-de-bale,/search/alternative-flights,12
/vacances-au-depart-de-bale,/search/price-graph/month,1
/vacances-au-depart-de-bale,/search/recommended,5
/offres-vacances-all-inclusive,/search/packages,10
/offres-vacances-all-inclusive,/search/alternative-flights,12
/offres-vacances-all-inclusive,/search/price-graph/month,1
/offres-vacances-all-inclusive,/search/recommended,5
/offres-vacances-all-inclusive,/availability/last-available-date,4
/offres-vacances-all-inclusive,/availability/dates,4
/offres-vacances-plage,/help-centre/faq/save,1
/offres-vacances-plage,/search/packages,10
/offres-vacances-plage,/search/alternative-flights,12
/offres-vacances-plage,/search/price-graph/month,1
/offres-vacances-plage,/search/recommended,5
/offres-vacances-plage,/availability/last-available-date,4
/offres-vacances-plage,/availability/dates,4
/offres-de-escapades-en-ville,/availability/last-available-date,4
/offres-de-escapades-en-ville,/availability/dates,4
/offres-de-escapades-en-ville,/search/packages,10
/offres-de-escapades-en-ville,/search/alternative-flights,12
/offres-de-escapades-en-ville,/search/price-graph/month,1
/offres-de-escapades-en-ville,/search/recommended,5
/offres-balnéaires-de-dernière-minute,/search/packages,10
/offres-balnéaires-de-dernière-minute,/search/alternative-flights,12
/offres-balnéaires-de-dernière-minute,/search/price-graph/month,1
/offres-balnéaires-de-dernière-minute,/search/recommended,5
/offres-balnéaires-de-dernière-minute,/availability/last-available-date,4
/offres-balnéaires-de-dernière-minute,/availability/dates,4
/escapades-en-ville-de-dernière-minute,/search/packages,10
/escapades-en-ville-de-dernière-minute,/search/alternative-flights,12
/escapades-en-ville-de-dernière-minute,/search/price-graph/month,1
/escapades-en-ville-de-dernière-minute,/search/recommended,5
/escapades-en-ville-de-dernière-minute,/availability/last-available-date,4
/escapades-en-ville-de-dernière-minute,/availability/dates,4
/offres-vacances-en-familie,/help-centre/faq/save,1
/offres-vacances-en-familie,/availability/last-available-date,4
/offres-vacances-en-familie,/availability/dates,4
/offres-vacances-en-familie,/search/packages,10
/offres-vacances-en-familie,/search/alternative-flights,12
/offres-vacances-en-familie,/search/price-graph/month,1
/offres-vacances-en-familie,/search/recommended,5
/lune-de-miel,/search/packages,10
/lune-de-miel,/search/alternative-flights,12
/lune-de-miel,/search/price-graph/month,1
/lune-de-miel,/search/recommended,5
/lune-de-miel,/availability/last-available-date,4
/lune-de-miel,/availability/dates,4
/voyage-enfant-gratuit,/search/packages,10
/voyage-enfant-gratuit,/search/alternative-flights,12
/voyage-enfant-gratuit,/search/price-graph/month,1
/voyage-enfant-gratuit,/search/recommended,5
/voyage-enfant-gratuit,/availability/last-available-date,4
/voyage-enfant-gratuit,/availability/dates,4
/places-enfants-gratuites,/availability/last-available-date,4
/places-enfants-gratuites,/availability/dates,4
/places-enfants-gratuites,/search/packages,10
/places-enfants-gratuites,/search/alternative-flights,12
/places-enfants-gratuites,/search/price-graph/month,1
/places-enfants-gratuites,/search/recommended,5
/vacances-a-moins-de-300-chf,/search/packages,10
/vacances-a-moins-de-300-chf,/search/alternative-flights,12
/vacances-a-moins-de-300-chf,/search/price-graph/month,1
/vacances-a-moins-de-300-chf,/search/recommended,5
/vacances-a-moins-de-300-chf,/availability/last-available-date,4
/vacances-a-moins-de-300-chf,/availability/dates,4
/vacances-a-moins-de-400-chf,/search/packages,10
/vacances-a-moins-de-400-chf,/search/alternative-flights,12
/vacances-a-moins-de-400-chf,/search/price-graph/month,1
/vacances-a-moins-de-400-chf,/search/recommended,5
/vacances-a-moins-de-400-chf,/availability/last-available-date,4
/vacances-a-moins-de-400-chf,/availability/dates,4
/vacances-a-moins-de-500-chf,/search/packages,10
/vacances-a-moins-de-500-chf,/search/alternative-flights,12
/vacances-a-moins-de-500-chf,/search/price-graph/month,1
/vacances-a-moins-de-500-chf,/search/recommended,5
/vacances-a-moins-de-500-chf,/availability/last-available-date,4
/vacances-a-moins-de-500-chf,/availability/dates,4
/promotions,/search/packages,10
/promotions,/search/alternative-flights,12
/promotions,/search/price-graph/month,1
/promotions,/search/recommended,5
/promotions,/availability/last-available-date,4
/promotions,/availability/dates,4
/information/trade-covid-19-testing,/help-centre/faq/save,7
/information/trade-group-holidays,/availability/from,12
/information/trade-group-holidays,/price,24
/information/trade-group-holidays,/destinations/search,48
/information/trade-group-holidays,/help-centre/faq/save,2
/information/trade-rebook-terms,/search/packages,24
/information/trade-rebook-terms,/availability/last-available-date,12
/information/trade-rebook-terms,/availability/dates,8
/information/trade-rebook-terms,/content/filter-facilities,3
/information/trade-rebook-terms,/destinations/search,3
/information/trade-rebook-terms,envPublic.CMS_API/tracking/user-search,4
/information/insolvenzschutz,/help-centre/faq/save,1
/information/customer-safety-and-wellbeing/before-you-travel,/help-centre/faq/save,1
/information/customer-safety-and-wellbeing/before-you-travel,/search/alternative-flights,12
/information/customer-safety-and-wellbeing/before-you-travel,/search/recommended,5
/information/customer-safety-and-wellbeing/before-you-travel,/search/packages,10
/information/customer-safety-and-wellbeing/before-you-travel,/search/price-graph/month,1
/information/customer-safety-and-wellbeing/on-holiday,/help-centre/faq/save,1
/information/customer-safety-and-wellbeing/on-holiday,/search/alternative-flights,12
/information/customer-safety-and-wellbeing/on-holiday,/search/recommended,5
/information/customer-safety-and-wellbeing/on-holiday,/search/packages,10
/information/customer-safety-and-wellbeing/on-holiday,/search/price-graph/month,1
/information/customer-safety-and-wellbeing/out-and-about,/help-centre/faq/save,1
/information/customer-safety-and-wellbeing/out-and-about,/search/alternative-flights,12
/information/customer-safety-and-wellbeing/out-and-about,/search/recommended,5
/information/customer-safety-and-wellbeing/out-and-about,/search/packages,10
/information/customer-safety-and-wellbeing/out-and-about,/search/price-graph/month,1
/information/customer-safety-and-wellbeing/food-and-drink,/search/alternative-flights,12
/information/customer-safety-and-wellbeing/food-and-drink,/search/recommended,5
/information/customer-safety-and-wellbeing/food-and-drink,/search/packages,10
/information/customer-safety-and-wellbeing/food-and-drink,/search/price-graph/month,1
/information/customer-safety-and-wellbeing/food-and-drink,/help-centre/faq/save,1
/information/customer-safety-and-wellbeing/swimming-and-at-the-beach,/help-centre/faq/save,1
/information/customer-safety-and-wellbeing/swimming-and-at-the-beach,/search/alternative-flights,12
/information/customer-safety-and-wellbeing/swimming-and-at-the-beach,/search/recommended,5
/information/customer-safety-and-wellbeing/swimming-and-at-the-beach,/search/packages,10
/information/customer-safety-and-wellbeing/swimming-and-at-the-beach,/search/price-graph/month,1
/information/customer-safety-and-wellbeing/your-hotel,/help-centre/faq/save,1
/information/customer-safety-and-wellbeing/your-hotel,/search/alternative-flights,12
/information/customer-safety-and-wellbeing/your-hotel,/search/recommended,5
/information/customer-safety-and-wellbeing/your-hotel,/search/packages,10
/information/customer-safety-and-wellbeing/your-hotel,/search/price-graph/month,1
/information/customer-safety-and-wellbeing/choosing-your-holiday,/help-centre/faq/save,1
/information/customer-safety-and-wellbeing/choosing-your-holiday,/search/alternative-flights,12
/information/customer-safety-and-wellbeing/choosing-your-holiday,/search/recommended,5
/information/customer-safety-and-wellbeing/choosing-your-holiday,/search/packages,10
/information/customer-safety-and-wellbeing/choosing-your-holiday,/search/price-graph/month,1
/information/customer-safety-and-wellbeing/at-the-airport,/help-centre/faq/save,1
/information/customer-safety-and-wellbeing/at-the-airport,/search/alternative-flights,12
/information/customer-safety-and-wellbeing/at-the-airport,/search/recommended,5
/information/customer-safety-and-wellbeing/at-the-airport,/search/packages,10
/information/customer-safety-and-wellbeing/at-the-airport,/search/price-graph/month,1
/information/customer-safety-and-wellbeing/coming-home,/help-centre/faq/save,1
/information/customer-safety-and-wellbeing/coming-home,/search/alternative-flights,12
/information/customer-safety-and-wellbeing/coming-home,/search/recommended,5
/information/customer-safety-and-wellbeing/coming-home,/search/packages,10
/information/customer-safety-and-wellbeing/coming-home,/search/price-graph/month,1
/information/kundensicherheit-und-wohlbefinden,/search/alternative-flights,12
/information/kundensicherheit-und-wohlbefinden,/search/recommended,5
/information/kundensicherheit-und-wohlbefinden,/search/packages,10
/information/kundensicherheit-und-wohlbefinden,/search/price-graph/month,1
/information/kundensicherheit-und-wohlbefinden,/availability/from,2
/information/kundensicherheit-und-wohlbefinden,/price,4
/information/kundensicherheit-und-wohlbefinden,/destinations/search,8
/information/kundensicherheit-und-wohlbefinden/before-you-travel,/help-centre/faq/save,1
/information/kundensicherheit-und-wohlbefinden/before-you-travel,/search/alternative-flights,12
/information/kundensicherheit-und-wohlbefinden/before-you-travel,/search/recommended,5
/information/kundensicherheit-und-wohlbefinden/before-you-travel,/search/packages,10
/information/kundensicherheit-und-wohlbefinden/before-you-travel,/search/price-graph/month,1
/information/kundensicherheit-und-wohlbefinden/on-holiday,/help-centre/faq/save,1
/information/kundensicherheit-und-wohlbefinden/on-holiday,/search/alternative-flights,12
/information/kundensicherheit-und-wohlbefinden/on-holiday,/search/recommended,5
/information/kundensicherheit-und-wohlbefinden/on-holiday,/search/packages,10
/information/kundensicherheit-und-wohlbefinden/on-holiday,/search/price-graph/month,1
/information/kundensicherheit-und-wohlbefinden/out-and-about,/help-centre/faq/save,1
/information/kundensicherheit-und-wohlbefinden/out-and-about,/search/alternative-flights,12
/information/kundensicherheit-und-wohlbefinden/out-and-about,/search/recommended,5
/information/kundensicherheit-und-wohlbefinden/out-and-about,/search/packages,10
/information/kundensicherheit-und-wohlbefinden/out-and-about,/search/price-graph/month,1
/information/kundensicherheit-und-wohlbefinden/food-and-drink,/search/alternative-flights,12
/information/kundensicherheit-und-wohlbefinden/food-and-drink,/search/recommended,5
/information/kundensicherheit-und-wohlbefinden/food-and-drink,/search/packages,10
/information/kundensicherheit-und-wohlbefinden/food-and-drink,/search/price-graph/month,1
/information/kundensicherheit-und-wohlbefinden/food-and-drink,/help-centre/faq/save,1
/information/kundensicherheit-und-wohlbefinden/swimming-and-at-the-beach,/help-centre/faq/save,1
/information/kundensicherheit-und-wohlbefinden/swimming-and-at-the-beach,/search/alternative-flights,12
/information/kundensicherheit-und-wohlbefinden/swimming-and-at-the-beach,/search/recommended,5
/information/kundensicherheit-und-wohlbefinden/swimming-and-at-the-beach,/search/packages,10
/information/kundensicherheit-und-wohlbefinden/swimming-and-at-the-beach,/search/price-graph/month,1
/information/kundensicherheit-und-wohlbefinden/your-hotel,/help-centre/faq/save,1
/information/kundensicherheit-und-wohlbefinden/your-hotel,/search/alternative-flights,12
/information/kundensicherheit-und-wohlbefinden/your-hotel,/search/recommended,5
/information/kundensicherheit-und-wohlbefinden/your-hotel,/search/packages,10
/information/kundensicherheit-und-wohlbefinden/your-hotel,/search/price-graph/month,1
/information/kundensicherheit-und-wohlbefinden/choosing-your-holiday,/help-centre/faq/save,1
/information/kundensicherheit-und-wohlbefinden/choosing-your-holiday,/search/alternative-flights,12
/information/kundensicherheit-und-wohlbefinden/choosing-your-holiday,/search/recommended,5
/information/kundensicherheit-und-wohlbefinden/choosing-your-holiday,/search/packages,10
/information/kundensicherheit-und-wohlbefinden/choosing-your-holiday,/search/price-graph/month,1
/information/kundensicherheit-und-wohlbefinden/at-the-airport,/help-centre/faq/save,1
/information/kundensicherheit-und-wohlbefinden/at-the-airport,/search/alternative-flights,12
/information/kundensicherheit-und-wohlbefinden/at-the-airport,/search/recommended,5
/information/kundensicherheit-und-wohlbefinden/at-the-airport,/search/packages,10
/information/kundensicherheit-und-wohlbefinden/at-the-airport,/search/price-graph/month,1
/information/kundensicherheit-und-wohlbefinden/coming-home,/help-centre/faq/save,1
/information/kundensicherheit-und-wohlbefinden/coming-home,/search/alternative-flights,12
/information/kundensicherheit-und-wohlbefinden/coming-home,/search/recommended,5
/information/kundensicherheit-und-wohlbefinden/coming-home,/search/packages,10
/information/kundensicherheit-und-wohlbefinden/coming-home,/search/price-graph/month,1
/information/rebook-terms,/search/packages,24
/information/rebook-terms,/availability/last-available-date,12
/information/rebook-terms,/availability/dates,8
/information/rebook-terms,/content/filter-facilities,3
/information/rebook-terms,/destinations/search,3
/information/rebook-terms,envPublic.CMS_API/tracking/user-search,4
/information/sustainability-about-page,/search/packages,24
/information/sustainability-about-page,/availability/last-available-date,12
/information/sustainability-about-page,/availability/dates,8
/information/sustainability-about-page,/content/filter-facilities,3
/information/sustainability-about-page,/destinations/search,3
/information/sustainability-about-page,envPublic.CMS_API/tracking/user-search,4
/information/warum-bei-uns-buchen,/availability/from,14
/information/warum-bei-uns-buchen,/price,28
/information/warum-bei-uns-buchen,/destinations/search,59
/information/warum-bei-uns-buchen,/search/packages,24
/information/warum-bei-uns-buchen,/availability/last-available-date,12
/information/warum-bei-uns-buchen,/availability/dates,8
/information/warum-bei-uns-buchen,/content/filter-facilities,3
/information/warum-bei-uns-buchen,envPublic.CMS_API/tracking/user-search,4
/information/return-transfers,/help-centre/faq/save,1
/information/amend-offer-standard-terms,/search/packages,24
/information/amend-offer-standard-terms,/availability/last-available-date,12
/information/amend-offer-standard-terms,/availability/dates,8
/information/amend-offer-standard-terms,/content/filter-facilities,3
/information/amend-offer-standard-terms,/destinations/search,3
/information/amend-offer-standard-terms,envPublic.CMS_API/tracking/user-search,4
/information/amend-offer-terms,/search/packages,24
/information/amend-offer-terms,/availability/last-available-date,12
/information/amend-offer-terms,/availability/dates,8
/information/amend-offer-terms,/content/filter-facilities,3
/information/amend-offer-terms,/destinations/search,3
/information/amend-offer-terms,envPublic.CMS_API/tracking/user-search,4
/information/amend-terms,/search/packages,24
/information/amend-terms,/availability/last-available-date,12
/information/amend-terms,/availability/dates,8
/information/amend-terms,/content/filter-facilities,3
/information/amend-terms,/destinations/search,3
/information/amend-terms,envPublic.CMS_API/tracking/user-search,4
/information/booking-conditions,/help-centre/faq/save,6
/information/booking-conditions,/availability/from,2
/information/booking-conditions,/price,4
/information/booking-conditions,/destinations/search,8
/information/buchungsbedingungen,/help-centre/faq/save,6
/information/nutzungsbedingungen,/help-centre/faq/save,1
/information/travel-information,/search/packages,24
/information/travel-information,/availability/last-available-date,12
/information/travel-information,/availability/dates,8
/information/travel-information,/content/filter-facilities,3
/information/travel-information,/destinations/search,3
/information/travel-information,envPublic.CMS_API/tracking/user-search,4
/information/travel-information,/help-centre/faq/save,1
/information/contact-us,/availability/from,8
/information/contact-us,/price,16
/information/contact-us,/destinations/search,32
/öko-zertifizierter-urlaub,/search/packages,10
/öko-zertifizierter-urlaub,/search/alternative-flights,12
/öko-zertifizierter-urlaub,/search/price-graph/month,1
/öko-zertifizierter-urlaub,/search/recommended,5
/öko-zertifizierter-urlaub,/availability/last-available-date,4
/öko-zertifizierter-urlaub,/availability/dates,4
/osterferien,/search/packages,10
/osterferien,/search/alternative-flights,12
/osterferien,/search/price-graph/month,1
/osterferien,/search/recommended,5
/osterferien,/help-centre/faq/save,1
/osterferien,/availability/last-available-date,4
/osterferien,/availability/dates,4
/winterferien,/availability/last-available-date,4
/winterferien,/availability/dates,4
/winterferien,/search/packages,10
/winterferien,/search/alternative-flights,12
/winterferien,/search/price-graph/month,1
/winterferien,/search/recommended,5
/fruhlingsferien,/search/packages,10
/fruhlingsferien,/search/alternative-flights,12
/fruhlingsferien,/search/price-graph/month,1
/fruhlingsferien,/search/recommended,5
/fruhlingsferien,/availability/last-available-date,4
/fruhlingsferien,/availability/dates,4
/ermässigte-ferien,/availability/last-available-date,4
/ermässigte-ferien,/availability/dates,4
/ermässigte-ferien,/search/packages,10
/ermässigte-ferien,/search/alternative-flights,12
/ermässigte-ferien,/search/price-graph/month,1
/ermässigte-ferien,/search/recommended,5
/sommerferien,/availability/last-available-date,4
/sommerferien,/availability/dates,4
/sommerferien,/search/packages,10
/sommerferien,/search/alternative-flights,12
/sommerferien,/search/price-graph/month,1
/sommerferien,/search/recommended,5
/herbstferien,/availability/last-available-date,4
/herbstferien,/availability/dates,4
/herbstferien,/search/packages,10
/herbstferien,/search/alternative-flights,12
/herbstferien,/search/price-graph/month,1
/herbstferien,/search/recommended,5
/ferien-ab-genf,/availability/last-available-date,4
/ferien-ab-genf,/availability/dates,4
/ferien-ab-genf,/search/packages,10
/ferien-ab-genf,/search/alternative-flights,12
/ferien-ab-genf,/search/price-graph/month,1
/ferien-ab-genf,/search/recommended,5
/ferien-ab-zurich,/availability/last-available-date,4
/ferien-ab-zurich,/availability/dates,4
/ferien-ab-zurich,/search/packages,10
/ferien-ab-zurich,/search/alternative-flights,12
/ferien-ab-zurich,/search/price-graph/month,1
/ferien-ab-zurich,/search/recommended,5
/ferien-ab-basel,/availability/last-available-date,4
/ferien-ab-basel,/availability/dates,4
/ferien-ab-basel,/search/packages,10
/ferien-ab-basel,/search/alternative-flights,12
/ferien-ab-basel,/search/price-graph/month,1
/ferien-ab-basel,/search/recommended,5
/all-inclusive-angebote,/search/packages,10
/all-inclusive-angebote,/search/alternative-flights,12
/all-inclusive-angebote,/search/price-graph/month,1
/all-inclusive-angebote,/search/recommended,5
/all-inclusive-angebote,/availability/last-available-date,4
/all-inclusive-angebote,/availability/dates,4
/badeferien-angebote,/help-centre/faq/save,1
/badeferien-angebote,/search/packages,10
/badeferien-angebote,/search/alternative-flights,12
/badeferien-angebote,/search/price-graph/month,1
/badeferien-angebote,/search/recommended,5
/badeferien-angebote,/availability/last-available-date,4
/badeferien-angebote,/availability/dates,4
/angebote-für-städtereisen,/availability/last-available-date,4
/angebote-für-städtereisen,/availability/dates,4
/angebote-für-städtereisen,/search/packages,10
/angebote-für-städtereisen,/search/alternative-flights,12
/angebote-für-städtereisen,/search/price-graph/month,1
/angebote-für-städtereisen,/search/recommended,5
/last-minute-strandferien,/search/packages,10
/last-minute-strandferien,/search/alternative-flights,12
/last-minute-strandferien,/search/price-graph/month,1
/last-minute-strandferien,/search/recommended,5
/last-minute-strandferien,/availability/last-available-date,4
/last-minute-strandferien,/availability/dates,4
/last-minute-staedtereisen,/search/packages,10
/last-minute-staedtereisen,/search/alternative-flights,12
/last-minute-staedtereisen,/search/price-graph/month,1
/last-minute-staedtereisen,/search/recommended,5
/last-minute-staedtereisen,/availability/last-available-date,4
/last-minute-staedtereisen,/availability/dates,4
/last-minute-angebote,/availability/last-available-date,4
/last-minute-angebote,/availability/dates,4
/last-minute-angebote,/search/packages,10
/last-minute-angebote,/search/alternative-flights,12
/last-minute-angebote,/search/price-graph/month,1
/last-minute-angebote,/search/recommended,5
/familienurlaube-angebote,/help-centre/faq/save,1
/familienurlaube-angebote,/availability/last-available-date,4
/familienurlaube-angebote,/availability/dates,4
/familienurlaube-angebote,/search/packages,10
/familienurlaube-angebote,/search/alternative-flights,12
/familienurlaube-angebote,/search/price-graph/month,1
/familienurlaube-angebote,/search/recommended,5
/flitterwochen-angebote,/search/packages,10
/flitterwochen-angebote,/search/alternative-flights,12
/flitterwochen-angebote,/search/price-graph/month,1
/flitterwochen-angebote,/search/recommended,5
/flitterwochen-angebote,/availability/last-available-date,4
/flitterwochen-angebote,/availability/dates,4
/ferien-kinder-gratis,/search/packages,10
/ferien-kinder-gratis,/search/alternative-flights,12
/ferien-kinder-gratis,/search/price-graph/month,1
/ferien-kinder-gratis,/search/recommended,5
/ferien-kinder-gratis,/availability/last-available-date,4
/ferien-kinder-gratis,/availability/dates,4
/freie-plaetze-fuer-kinder,/availability/last-available-date,4
/freie-plaetze-fuer-kinder,/availability/dates,4
/freie-plaetze-fuer-kinder,/search/packages,10
/freie-plaetze-fuer-kinder,/search/alternative-flights,12
/freie-plaetze-fuer-kinder,/search/price-graph/month,1
/freie-plaetze-fuer-kinder,/search/recommended,5
/ferien-unter-300-chf,/search/packages,10
/ferien-unter-300-chf,/search/alternative-flights,12
/ferien-unter-300-chf,/search/price-graph/month,1
/ferien-unter-300-chf,/search/recommended,5
/ferien-unter-300-chf,/availability/last-available-date,4
/ferien-unter-300-chf,/availability/dates,4
/ferien-unter-400-chf,/search/packages,10
/ferien-unter-400-chf,/search/alternative-flights,12
/ferien-unter-400-chf,/search/price-graph/month,1
/ferien-unter-400-chf,/search/recommended,5
/ferien-unter-400-chf,/availability/last-available-date,4
/ferien-unter-400-chf,/availability/dates,4
/ferien-unter-500-chf,/search/packages,10
/ferien-unter-500-chf,/search/alternative-flights,12
/ferien-unter-500-chf,/search/price-graph/month,1
/ferien-unter-500-chf,/search/recommended,5
/ferien-unter-500-chf,/availability/last-available-date,4
/ferien-unter-500-chf,/availability/dates,4
/sale,/search/packages,10
/sale,/search/alternative-flights,12
/sale,/search/price-graph/month,1
/sale,/search/recommended,5
/sale,/availability/last-available-date,4
/sale,/availability/dates,4
/informations/securite-et-bien-etre-des-clients,/search/alternative-flights,12
/informations/securite-et-bien-etre-des-clients,/search/recommended,5
/informations/securite-et-bien-etre-des-clients,/search/packages,10
/informations/securite-et-bien-etre-des-clients,/search/price-graph/month,1
/informations/securite-et-bien-etre-des-clients,/availability/from,2
/informations/securite-et-bien-etre-des-clients,/price,4
/informations/securite-et-bien-etre-des-clients,/destinations/search,8
/informations/securite-et-bien-etre-des-clients/avant-de-voyager,/help-centre/faq/save,1
/informations/securite-et-bien-etre-des-clients/avant-de-voyager,/search/alternative-flights,12
/informations/securite-et-bien-etre-des-clients/avant-de-voyager,/search/recommended,5
/informations/securite-et-bien-etre-des-clients/avant-de-voyager,/search/packages,10
/informations/securite-et-bien-etre-des-clients/avant-de-voyager,/search/price-graph/month,1
/informations/securite-et-bien-etre-des-clients/lorsque-vous-etes-en-vacances,/help-centre/faq/save,1
/informations/securite-et-bien-etre-des-clients/lorsque-vous-etes-en-vacances,/search/alternative-flights,12
/informations/securite-et-bien-etre-des-clients/lorsque-vous-etes-en-vacances,/search/recommended,5
/informations/securite-et-bien-etre-des-clients/lorsque-vous-etes-en-vacances,/search/packages,10
/informations/securite-et-bien-etre-des-clients/lorsque-vous-etes-en-vacances,/search/price-graph/month,1
/informations/securite-et-bien-etre-des-clients/sortir-et-se-promener,/help-centre/faq/save,1
/informations/securite-et-bien-etre-des-clients/sortir-et-se-promener,/search/alternative-flights,12
/informations/securite-et-bien-etre-des-clients/sortir-et-se-promener,/search/recommended,5
/informations/securite-et-bien-etre-des-clients/sortir-et-se-promener,/search/packages,10
/informations/securite-et-bien-etre-des-clients/sortir-et-se-promener,/search/price-graph/month,1
/informations/securite-et-bien-etre-des-clients/nourriture-et-boissons,/search/alternative-flights,12
/informations/securite-et-bien-etre-des-clients/nourriture-et-boissons,/search/recommended,5
/informations/securite-et-bien-etre-des-clients/nourriture-et-boissons,/search/packages,10
/informations/securite-et-bien-etre-des-clients/nourriture-et-boissons,/search/price-graph/month,1
/informations/securite-et-bien-etre-des-clients/nourriture-et-boissons,/help-centre/faq/save,1
/informations/securite-et-bien-etre-des-clients/baignade-et-plage,/help-centre/faq/save,1
/informations/securite-et-bien-etre-des-clients/baignade-et-plage,/search/alternative-flights,12
/informations/securite-et-bien-etre-des-clients/baignade-et-plage,/search/recommended,5
/informations/securite-et-bien-etre-des-clients/baignade-et-plage,/search/packages,10
/informations/securite-et-bien-etre-des-clients/baignade-et-plage,/search/price-graph/month,1
/informations/securite-et-bien-etre-des-clients/a-l-hotel,/help-centre/faq/save,1
/informations/securite-et-bien-etre-des-clients/a-l-hotel,/search/alternative-flights,12
/informations/securite-et-bien-etre-des-clients/a-l-hotel,/search/recommended,5
/informations/securite-et-bien-etre-des-clients/a-l-hotel,/search/packages,10
/informations/securite-et-bien-etre-des-clients/a-l-hotel,/search/price-graph/month,1
/informations/securite-et-bien-etre-des-clients/choisir-ses-vacances,/help-centre/faq/save,1
/informations/securite-et-bien-etre-des-clients/choisir-ses-vacances,/search/alternative-flights,12
/informations/securite-et-bien-etre-des-clients/choisir-ses-vacances,/search/recommended,5
/informations/securite-et-bien-etre-des-clients/choisir-ses-vacances,/search/packages,10
/informations/securite-et-bien-etre-des-clients/choisir-ses-vacances,/search/price-graph/month,1
/informations/securite-et-bien-etre-des-clients/a-l-aeroport,/help-centre/faq/save,1
/informations/securite-et-bien-etre-des-clients/a-l-aeroport,/search/alternative-flights,12
/informations/securite-et-bien-etre-des-clients/a-l-aeroport,/search/recommended,5
/informations/securite-et-bien-etre-des-clients/a-l-aeroport,/search/packages,10
/informations/securite-et-bien-etre-des-clients/a-l-aeroport,/search/price-graph/month,1
/informations/securite-et-bien-etre-des-clients/informations-de-base,/help-centre/faq/save,1
/informations/securite-et-bien-etre-des-clients/informations-de-base,/search/alternative-flights,12
/informations/securite-et-bien-etre-des-clients/informations-de-base,/search/recommended,5
/informations/securite-et-bien-etre-des-clients/informations-de-base,/search/packages,10
/informations/securite-et-bien-etre-des-clients/informations-de-base,/search/price-graph/month,1
/informations/pourquoi-reserver-aupres-de-nous,/availability/from,14
/informations/pourquoi-reserver-aupres-de-nous,/price,28
/informations/pourquoi-reserver-aupres-de-nous,/destinations/search,59
/informations/pourquoi-reserver-aupres-de-nous,/search/packages,24
/informations/pourquoi-reserver-aupres-de-nous,/availability/last-available-date,12
/informations/pourquoi-reserver-aupres-de-nous,/availability/dates,8
/informations/pourquoi-reserver-aupres-de-nous,/content/filter-facilities,3
/informations/pourquoi-reserver-aupres-de-nous,envPublic.CMS_API/tracking/user-search,4
/informations/terms-of-use,/help-centre/faq/save,1
/eco-certified-holidays,/search/packages,10
/eco-certified-holidays,/search/alternative-flights,12
/eco-certified-holidays,/search/price-graph/month,1
/eco-certified-holidays,/search/recommended,5
/eco-certified-holidays,/availability/last-available-date,4
/eco-certified-holidays,/availability/dates,4
/vacances-au-depart-de-bordeaux,/availability/last-available-date,4
/vacances-au-depart-de-bordeaux,/availability/dates,4
/vacances-au-depart-de-bordeaux,/search/packages,10
/vacances-au-depart-de-bordeaux,/search/alternative-flights,12
/vacances-au-depart-de-bordeaux,/search/price-graph/month,1
/vacances-au-depart-de-bordeaux,/search/recommended,5
/vacances-au-depart-de-nantes,/search/packages,10
/vacances-au-depart-de-nantes,/search/alternative-flights,12
/vacances-au-depart-de-nantes,/search/price-graph/month,1
/vacances-au-depart-de-nantes,/search/recommended,5
/vacances-au-depart-de-nantes,/availability/last-available-date,4
/vacances-au-depart-de-nantes,/availability/dates,4
/vacances-au-depart-de-nice,/availability/last-available-date,4
/vacances-au-depart-de-nice,/availability/dates,4
/vacances-au-depart-de-nice,/search/packages,10
/vacances-au-depart-de-nice,/search/alternative-flights,12
/vacances-au-depart-de-nice,/search/price-graph/month,1
/vacances-au-depart-de-nice,/search/recommended,5
/vacances-au-depart-de-toulouse,/availability/last-available-date,4
/vacances-au-depart-de-toulouse,/availability/dates,4
/vacances-au-depart-de-toulouse,/search/packages,10
/vacances-au-depart-de-toulouse,/search/alternative-flights,12
/vacances-au-depart-de-toulouse,/search/price-graph/month,1
/vacances-au-depart-de-toulouse,/search/recommended,5
/vacances-au-depart-de-lyon,/availability/last-available-date,4
/vacances-au-depart-de-lyon,/availability/dates,4
/vacances-au-depart-de-lyon,/search/packages,10
/vacances-au-depart-de-lyon,/search/alternative-flights,12
/vacances-au-depart-de-lyon,/search/price-graph/month,1
/vacances-au-depart-de-lyon,/search/recommended,5
/vacances-au-depart-de-marseille,/availability/last-available-date,4
/vacances-au-depart-de-marseille,/availability/dates,4
/vacances-au-depart-de-marseille,/search/packages,10
/vacances-au-depart-de-marseille,/search/alternative-flights,12
/vacances-au-depart-de-marseille,/search/price-graph/month,1
/vacances-au-depart-de-marseille,/search/recommended,5
/vacances-au-depart-de-paris,/availability/last-available-date,4
/vacances-au-depart-de-paris,/availability/dates,4
/vacances-au-depart-de-paris,/search/packages,10
/vacances-au-depart-de-paris,/search/alternative-flights,12
/vacances-au-depart-de-paris,/search/price-graph/month,1
/vacances-au-depart-de-paris,/search/recommended,5
/vacances-de-dernière-minute-à-la-plage,/search/packages,10
/vacances-de-dernière-minute-à-la-plage,/search/alternative-flights,12
/vacances-de-dernière-minute-à-la-plage,/search/price-graph/month,1
/vacances-de-dernière-minute-à-la-plage,/search/recommended,5
/vacances-de-dernière-minute-à-la-plage,/availability/last-available-date,4
/vacances-de-dernière-minute-à-la-plage,/availability/dates,4
/vacances-de-dernière-minute-en-ville,/search/packages,10
/vacances-de-dernière-minute-en-ville,/search/alternative-flights,12
/vacances-de-dernière-minute-en-ville,/search/price-graph/month,1
/vacances-de-dernière-minute-en-ville,/search/recommended,5
/vacances-de-dernière-minute-en-ville,/availability/last-available-date,4
/vacances-de-dernière-minute-en-ville,/availability/dates,4
/jusqu'a-300-euro,/search/packages,10
/jusqu'a-300-euro,/search/alternative-flights,12
/jusqu'a-300-euro,/search/price-graph/month,1
/jusqu'a-300-euro,/search/recommended,5
/jusqu'a-300-euro,/availability/last-available-date,4
/jusqu'a-300-euro,/availability/dates,4
/jusqu'a-400-euro,/search/packages,10
/jusqu'a-400-euro,/search/alternative-flights,12
/jusqu'a-400-euro,/search/price-graph/month,1
/jusqu'a-400-euro,/search/recommended,5
/jusqu'a-400-euro,/availability/last-available-date,4
/jusqu'a-400-euro,/availability/dates,4
/jusqu'a-500-euro,/search/packages,10
/jusqu'a-500-euro,/search/alternative-flights,12
/jusqu'a-500-euro,/search/price-graph/month,1
/jusqu'a-500-euro,/search/recommended,5
/jusqu'a-500-euro,/availability/last-available-date,4
/jusqu'a-500-euro,/availability/dates,4
/offres,/search/packages,10
/offres,/search/alternative-flights,12
/offres,/search/price-graph/month,1
/offres,/search/recommended,5
/offres,/availability/last-available-date,4
/offres,/availability/dates,4
/information/kundensicherheit-und-wohlbefinden/vor-der-reise,/help-centre/faq/save,1
/information/kundensicherheit-und-wohlbefinden/vor-der-reise,/search/alternative-flights,12
/information/kundensicherheit-und-wohlbefinden/vor-der-reise,/search/recommended,5
/information/kundensicherheit-und-wohlbefinden/vor-der-reise,/search/packages,10
/information/kundensicherheit-und-wohlbefinden/vor-der-reise,/search/price-graph/month,1
/information/kundensicherheit-und-wohlbefinden/im-urlaub,/help-centre/faq/save,1
/information/kundensicherheit-und-wohlbefinden/im-urlaub,/search/alternative-flights,12
/information/kundensicherheit-und-wohlbefinden/im-urlaub,/search/recommended,5
/information/kundensicherheit-und-wohlbefinden/im-urlaub,/search/packages,10
/information/kundensicherheit-und-wohlbefinden/im-urlaub,/search/price-graph/month,1
/information/kundensicherheit-und-wohlbefinden/unterwegs,/help-centre/faq/save,1
/information/kundensicherheit-und-wohlbefinden/unterwegs,/search/alternative-flights,12
/information/kundensicherheit-und-wohlbefinden/unterwegs,/search/recommended,5
/information/kundensicherheit-und-wohlbefinden/unterwegs,/search/packages,10
/information/kundensicherheit-und-wohlbefinden/unterwegs,/search/price-graph/month,1
/information/kundensicherheit-und-wohlbefinden/speisen-und-getraenke,/search/alternative-flights,12
/information/kundensicherheit-und-wohlbefinden/speisen-und-getraenke,/search/recommended,5
/information/kundensicherheit-und-wohlbefinden/speisen-und-getraenke,/search/packages,10
/information/kundensicherheit-und-wohlbefinden/speisen-und-getraenke,/search/price-graph/month,1
/information/kundensicherheit-und-wohlbefinden/speisen-und-getraenke,/help-centre/faq/save,1
/information/kundensicherheit-und-wohlbefinden/schwimmen-und-am-strand,/help-centre/faq/save,1
/information/kundensicherheit-und-wohlbefinden/schwimmen-und-am-strand,/search/alternative-flights,12
/information/kundensicherheit-und-wohlbefinden/schwimmen-und-am-strand,/search/recommended,5
/information/kundensicherheit-und-wohlbefinden/schwimmen-und-am-strand,/search/packages,10
/information/kundensicherheit-und-wohlbefinden/schwimmen-und-am-strand,/search/price-graph/month,1
/information/kundensicherheit-und-wohlbefinden/dein-hotel,/help-centre/faq/save,1
/information/kundensicherheit-und-wohlbefinden/dein-hotel,/search/alternative-flights,12
/information/kundensicherheit-und-wohlbefinden/dein-hotel,/search/recommended,5
/information/kundensicherheit-und-wohlbefinden/dein-hotel,/search/packages,10
/information/kundensicherheit-und-wohlbefinden/dein-hotel,/search/price-graph/month,1
/information/kundensicherheit-und-wohlbefinden/die-wahl-deines-urlaubs,/help-centre/faq/save,1
/information/kundensicherheit-und-wohlbefinden/die-wahl-deines-urlaubs,/search/alternative-flights,12
/information/kundensicherheit-und-wohlbefinden/die-wahl-deines-urlaubs,/search/recommended,5
/information/kundensicherheit-und-wohlbefinden/die-wahl-deines-urlaubs,/search/packages,10
/information/kundensicherheit-und-wohlbefinden/die-wahl-deines-urlaubs,/search/price-graph/month,1
/information/kundensicherheit-und-wohlbefinden/am-flughafen,/help-centre/faq/save,1
/information/kundensicherheit-und-wohlbefinden/am-flughafen,/search/alternative-flights,12
/information/kundensicherheit-und-wohlbefinden/am-flughafen,/search/recommended,5
/information/kundensicherheit-und-wohlbefinden/am-flughafen,/search/packages,10
/information/kundensicherheit-und-wohlbefinden/am-flughafen,/search/price-graph/month,1
/information/kundensicherheit-und-wohlbefinden/wichtige-informationen,/help-centre/faq/save,1
/information/kundensicherheit-und-wohlbefinden/wichtige-informationen,/search/alternative-flights,12
/information/kundensicherheit-und-wohlbefinden/wichtige-informationen,/search/recommended,5
/information/kundensicherheit-und-wohlbefinden/wichtige-informationen,/search/packages,10
/information/kundensicherheit-und-wohlbefinden/wichtige-informationen,/search/price-graph/month,1
/information/terms-of-use,/help-centre/faq/save,1
/winterurlaub,/availability/last-available-date,4
/winterurlaub,/availability/dates,4
/winterurlaub,/search/packages,10
/winterurlaub,/search/alternative-flights,12
/winterurlaub,/search/price-graph/month,1
/winterurlaub,/search/recommended,5
/fruehlingsurlaub,/search/packages,10
/fruehlingsurlaub,/search/alternative-flights,12
/fruehlingsurlaub,/search/price-graph/month,1
/fruehlingsurlaub,/search/recommended,5
/fruehlingsurlaub,/availability/last-available-date,4
/fruehlingsurlaub,/availability/dates,4
/ermaessigte-urlaubsangebote,/availability/last-available-date,4
/ermaessigte-urlaubsangebote,/availability/dates,4
/ermaessigte-urlaubsangebote,/search/packages,10
/ermaessigte-urlaubsangebote,/search/alternative-flights,12
/ermaessigte-urlaubsangebote,/search/price-graph/month,1
/ermaessigte-urlaubsangebote,/search/recommended,5
/sommerurlaub,/availability/last-available-date,4
/sommerurlaub,/availability/dates,4
/sommerurlaub,/search/packages,10
/sommerurlaub,/search/alternative-flights,12
/sommerurlaub,/search/price-graph/month,1
/sommerurlaub,/search/recommended,5
/herbsturlaub,/availability/last-available-date,4
/herbsturlaub,/availability/dates,4
/herbsturlaub,/search/packages,10
/herbsturlaub,/search/alternative-flights,12
/herbsturlaub,/search/price-graph/month,1
/herbsturlaub,/search/recommended,5
/urlaub-ab-berlin,/availability/last-available-date,4
/urlaub-ab-berlin,/availability/dates,4
/urlaub-ab-berlin,/search/packages,10
/urlaub-ab-berlin,/search/alternative-flights,12
/urlaub-ab-berlin,/search/price-graph/month,1
/urlaub-ab-berlin,/search/recommended,5
/urlaub-ab-hamburg,/availability/last-available-date,4
/urlaub-ab-hamburg,/availability/dates,4
/urlaub-ab-hamburg,/search/packages,10
/urlaub-ab-hamburg,/search/alternative-flights,12
/urlaub-ab-hamburg,/search/price-graph/month,1
/urlaub-ab-hamburg,/search/recommended,5
/urlaub-ab-muenchen,/availability/last-available-date,4
/urlaub-ab-muenchen,/availability/dates,4
/urlaub-ab-muenchen,/search/packages,10
/urlaub-ab-muenchen,/search/alternative-flights,12
/urlaub-ab-muenchen,/search/price-graph/month,1
/urlaub-ab-muenchen,/search/recommended,5
/strandurlaub-angebote,/help-centre/faq/save,1
/strandurlaub-angebote,/search/packages,10
/strandurlaub-angebote,/search/alternative-flights,12
/strandurlaub-angebote,/search/price-graph/month,1
/strandurlaub-angebote,/search/recommended,5
/strandurlaub-angebote,/availability/last-available-date,4
/strandurlaub-angebote,/availability/dates,4
/last-minute-strandurlaub,/search/packages,10
/last-minute-strandurlaub,/search/alternative-flights,12
/last-minute-strandurlaub,/search/price-graph/month,1
/last-minute-strandurlaub,/search/recommended,5
/last-minute-strandurlaub,/availability/last-available-date,4
/last-minute-strandurlaub,/availability/dates,4
/urlaub-bis-300-euro,/search/packages,10
/urlaub-bis-300-euro,/search/alternative-flights,12
/urlaub-bis-300-euro,/search/price-graph/month,1
/urlaub-bis-300-euro,/search/recommended,5
/urlaub-bis-300-euro,/availability/last-available-date,4
/urlaub-bis-300-euro,/availability/dates,4
/urlaub-bis-400-euro,/search/packages,10
/urlaub-bis-400-euro,/search/alternative-flights,12
/urlaub-bis-400-euro,/search/price-graph/month,1
/urlaub-bis-400-euro,/search/recommended,5
/urlaub-bis-400-euro,/availability/last-available-date,4
/urlaub-bis-400-euro,/availability/dates,4
/urlaub-bis-500-euro,/search/packages,10
/urlaub-bis-500-euro,/search/alternative-flights,12
/urlaub-bis-500-euro,/search/price-graph/month,1
/urlaub-bis-500-euro,/search/recommended,5
/urlaub-bis-500-euro,/availability/last-available-date,4
/urlaub-bis-500-euro,/availability/dates,4
/shortlists,/search/alternative-flights,14
/shortlists,/search/recommended,5
/shortlists,/search/packages,22
/shortlists,/search/price-graph/month,1
/shortlists,/shortlist/delete,3
/shortlists,/price,5
/shortlists,/destinations/search,5
/shortlists-no-results,/search/packages,24
/shortlists-no-results,/availability/last-available-date,12
/shortlists-no-results,/availability/dates,8
/shortlists-no-results,/content/filter-facilities,3
/shortlists-no-results,/destinations/search,11
/shortlists-no-results,envPublic.CMS_API/tracking/user-search,4
/shortlists-no-results,/availability/from,2
/shortlists-no-results,/price,4
/sustainability,/help-centre/faq/save,1
/durabilite,/help-centre/faq/save,1
/nachhaltigkeit,/help-centre/faq/save,1
/mixedresultlist,/availability/from,4
/mixedresultlist,/price,8
/mixedresultlist,/destinations/search,19
/mixedresultlist,/destinations/locationCode/image,9
/mixedresultlist,/search/packages,34
/mixedresultlist,/search/alternative-flights,12
/mixedresultlist,/search/price-graph/month,1
/mixedresultlist,/search/recommended,5
/mixedresultlist,/availability/last-available-date,12
/mixedresultlist,/availability/dates,8
/mixedresultlist,/content/filter-facilities,3
/mixedresultlist,envPublic.CMS_API/tracking/user-search,4
/booking,/booking/validate-package,4
/booking,/booking/commit,1
/booking,/destinations/locationCode/image,8
/booking,/search/alternative-flights,4
/booking,/voucher/validate,1
/booking,/hotel/offers,1
/booking,/search/offers-alterations,1
/booking,/search/flight-extras,1
/booking,/search/extras,2
/booking/change-dates/summary,/destinations/locationCode/image,4
/booking/guest-details,/search/alternative-flights,2
/booking/holiday-credit,/help-centre/faq/save,1
/booking/my_bookings,/search/alternative-flights,2
/booking/my_bookings/pre-travel,/excursions,3
/booking/my_bookings/in-destination,/excursions,3
/booking/redeem-voucher,/help-centre/faq/save,1
/booking/payment,/booking/validate-package,2
/booking/payment,/booking/commit,1
/booking/payment,/search/alternative-flights,2
/booking/my_booking,/destinations/locationCode/image,36
/booking/my_booking,/excursions,3
/booking/my_booking,/booking/validate-package,2
/booking/my_booking,/booking/commit,1
/booking/confirmation,/excursions,3
/booking/confirmation,/destinations/locationCode/image,4
/booking/confirmation,/booking/validate-package,2
/booking/confirmation,/booking/commit,1
/booking/crédit-vacances,/help-centre/faq/save,1
/booking/urlaubsguthaben,/help-centre/faq/save,1
/404-page,/search/alternative-flights,12
/404-page,/search/recommended,5
/404-page,/search/packages,34
/404-page,/search/price-graph/month,1
/404-page,/availability/last-available-date,14
/404-page,/availability/dates,10
/404-page,/content/filter-facilities,3
/404-page,/destinations/search,3
/404-page,envPublic.CMS_API/tracking/user-search,4
/disruption,/availability/from,4
/disruption,/price,8
/disruption,/destinations/search,19
/disruption,/help-centre/faq/save,2
/disruption,/search/packages,24
/disruption,/availability/last-available-date,12
/disruption,/availability/dates,8
/disruption,/content/filter-facilities,3
/disruption,envPublic.CMS_API/tracking/user-search,4
/help,/search/alternative-flights,12
/help,/search/recommended,5
/help,/search/packages,10
/help,/search/price-graph/month,1
/help,/help-centre/faq/save,2
/help/help-on-holiday,/help-centre/faq/save,2
/help/how-to-book-a-holiday,/availability/from,4
/help/how-to-book-a-holiday,/price,8
/help/how-to-book-a-holiday,/destinations/search,19
/help/how-to-book-a-holiday,/search/packages,24
/help/how-to-book-a-holiday,/availability/last-available-date,12
/help/how-to-book-a-holiday,/availability/dates,8
/help/how-to-book-a-holiday,/content/filter-facilities,3
/help/how-to-book-a-holiday,envPublic.CMS_API/tracking/user-search,4
/help/contact-form,/availability/from,14
/help/contact-form,/price,28
/help/contact-form,/destinations/search,56
/help/manage-your-booking,/help-centre/faq/save,2
/help/manage-your-booking,/search/packages,24
/help/manage-your-booking,/availability/last-available-date,12
/help/manage-your-booking,/availability/dates,8
/help/manage-your-booking,/content/filter-facilities,3
/help/manage-your-booking,/destinations/search,3
/help/manage-your-booking,envPublic.CMS_API/tracking/user-search,4
/help/contact-us,/availability/from,8
/help/contact-us,/price,16
/help/contact-us,/destinations/search,32
/aide,/search/alternative-flights,12
/aide,/search/recommended,5
/aide,/search/packages,10
/aide,/search/price-graph/month,1
/aide,/help-centre/faq/save,2
/aide/help-on-holiday,/help-centre/faq/save,2
/aide/comment-réserver-des-vacances,/availability/from,4
/aide/comment-réserver-des-vacances,/price,8
/aide/comment-réserver-des-vacances,/destinations/search,19
/aide/comment-réserver-des-vacances,/search/packages,24
/aide/comment-réserver-des-vacances,/availability/last-available-date,12
/aide/comment-réserver-des-vacances,/availability/dates,8
/aide/comment-réserver-des-vacances,/content/filter-facilities,3
/aide/comment-réserver-des-vacances,envPublic.CMS_API/tracking/user-search,4
/aide/formulaire-de-contact,/availability/from,14
/aide/formulaire-de-contact,/price,28
/aide/formulaire-de-contact,/destinations/search,56
/aide/gerer-votre-reservation,/help-centre/faq/save,2
/aide/gerer-votre-reservation,/search/packages,24
/aide/gerer-votre-reservation,/availability/last-available-date,12
/aide/gerer-votre-reservation,/availability/dates,8
/aide/gerer-votre-reservation,/content/filter-facilities,3
/aide/gerer-votre-reservation,/destinations/search,3
/aide/gerer-votre-reservation,envPublic.CMS_API/tracking/user-search,4
/aide/contact,/availability/from,8
/aide/contact,/price,16
/aide/contact,/destinations/search,32
/hilfe,/search/alternative-flights,12
/hilfe,/search/recommended,5
/hilfe,/search/packages,10
/hilfe,/search/price-graph/month,1
/hilfe,/help-centre/faq/save,2
/hilfe/help-on-holiday,/help-centre/faq/save,2
/hilfe/wie-buche-ich-eine-reise,/availability/from,4
/hilfe/wie-buche-ich-eine-reise,/price,8
/hilfe/wie-buche-ich-eine-reise,/destinations/search,19
/hilfe/wie-buche-ich-eine-reise,/search/packages,24
/hilfe/wie-buche-ich-eine-reise,/availability/last-available-date,12
/hilfe/wie-buche-ich-eine-reise,/availability/dates,8
/hilfe/wie-buche-ich-eine-reise,/content/filter-facilities,3
/hilfe/wie-buche-ich-eine-reise,envPublic.CMS_API/tracking/user-search,4
/hilfe/kontakt-form,/availability/from,14
/hilfe/kontakt-form,/price,28
/hilfe/kontakt-form,/destinations/search,56
/hilfe/buchung-verwalten,/help-centre/faq/save,2
/hilfe/buchung-verwalten,/search/packages,24
/hilfe/buchung-verwalten,/availability/last-available-date,12
/hilfe/buchung-verwalten,/availability/dates,8
/hilfe/buchung-verwalten,/content/filter-facilities,3
/hilfe/buchung-verwalten,/destinations/search,3
/hilfe/buchung-verwalten,envPublic.CMS_API/tracking/user-search,4
/hilfe/kontakt,/availability/from,8
/hilfe/kontakt,/price,16
/hilfe/kontakt,/destinations/search,32
/aide/aide-pour-les-vacances,/help-centre/faq/save,2
/aide/comment-reserver-des-vacances,/availability/from,4
/aide/comment-reserver-des-vacances,/price,8
/aide/comment-reserver-des-vacances,/destinations/search,19
/aide/comment-reserver-des-vacances,/search/packages,24
/aide/comment-reserver-des-vacances,/availability/last-available-date,12
/aide/comment-reserver-des-vacances,/availability/dates,8
/aide/comment-reserver-des-vacances,/content/filter-facilities,3
/aide/comment-reserver-des-vacances,envPublic.CMS_API/tracking/user-search,4
/hilfe/hilfe-im-urlaub,/help-centre/faq/save,2
/iframe-search-pod,/search/packages,24
/iframe-search-pod,/availability/last-available-date,12
/iframe-search-pod,/availability/dates,8
/iframe-search-pod,/content/filter-facilities,3
/iframe-search-pod,/destinations/search,3
/iframe-search-pod,envPublic.CMS_API/tracking/user-search,4
/destinations/spain,/availability/from,4
/destinations/spain,/price,11
/destinations/spain,/destinations/search,28
/destinations/spain,/help-centre/faq/save,2
/destinations/spain,/search/packages,72
/destinations/spain,/availability/last-available-date,36
/destinations/spain,/availability/dates,24
/destinations/spain,/content/filter-facilities,9
/destinations/spain,envPublic.CMS_API/tracking/user-search,12
/destinations/spain,/requested-price,12
/destinations/spain,/hotel/summary/location,5
/destinations/spain,/availability/exists,3
/destinations/spain,/excursions,3
/destinations/spain/cantabria,/excursions,3
/destinations/spain/cantabria,/hotel/summary/location,5
/destinations/spain/cantabria,/availability/exists,3
/destinations/spain/cantabria,/price,3
/destinations/spain/cantabria,/destinations/search,6
/destinations/spain/cantabria,/search/packages,24
/destinations/spain/cantabria,/availability/last-available-date,12
/destinations/spain/cantabria,/availability/dates,8
/destinations/spain/cantabria,/content/filter-facilities,3
/destinations/spain/cantabria,envPublic.CMS_API/tracking/user-search,4
/destinations/spain/cantabria,/help-centre/faq/save,1
/destinations/spain/cantabria/santander,/hotel/summary/location,5
/destinations/spain/cantabria/santander,/excursions,3
/destinations/spain/cantabria/santander,/search/packages,24
/destinations/spain/cantabria/santander,/availability/last-available-date,12
/destinations/spain/cantabria/santander,/availability/dates,8
/destinations/spain/cantabria/santander,/content/filter-facilities,3
/destinations/spain/cantabria/santander,/destinations/search,11
/destinations/spain/cantabria/santander,envPublic.CMS_API/tracking/user-search,4
/destinations/spain/cantabria/santander,/help-centre/faq/save,1
/destinations/spain/cantabria/santander,/availability/from,2
/destinations/spain/cantabria/santander,/price,4
/destinations/spain/tenerife/playa-de-las-americas/cleopatra-palace,/shortlist/hotelStatus/accommodationId,4
/destinations/spain/tenerife/playa-de-las-americas/cleopatra-palace,/price,8
/destinations/spain/tenerife/playa-de-las-americas/cleopatra-palace,/destinations/search,15
/destinations/spain/tenerife/playa-de-las-americas/cleopatra-palace,/availability/from,2
/destinations/spain/tenerife/playa-de-las-americas/cleopatra-palace,https://www.facebook.com/sharer/sharer.php?u=encodeURIComponent(url)&display=page,5
/destinations/spain/tenerife/playa-de-las-americas/cleopatra-palace,https://twitter.com/share?url=encodeURIComponent(url)&title=encodeURIComponent(title),5
/destinations/spain/tenerife/playa-de-las-americas/cleopatra-palace,mailto:?subject=encodeURIComponent(subject)&body=encodeURIComponent(body),5
/destinations/spain/tenerife/playa-de-las-americas/cleopatra-palace,sms:?&body=encodeURIComponent(body),5
/destinations/spain/tenerife/playa-de-las-americas/cleopatra-palace,https://wa.me/?text=encodeURIComponent(body),5
/destinations/spain/tenerife/playa-de-las-americas/cleopatra-palace,"https://hotukdeals.com/social/share?title=encodeURIComponent(title)&url=encodeURIComponent(
            url,
        )&style=vertical&v=2&price=price",5
/destinations/spain/tenerife/playa-de-las-americas/cleopatra-palace,/weather/region,2
/destinations/spain/tenerife/playa-de-las-americas/cleopatra-palace,/hotel/resort-info,3
/destinations/spain/tenerife/playa-de-las-americas/cleopatra-palace,/sitecore/api/ssc/item/encodeURIComponent(itemPath.substr(1))?sc_lang=getCMSLang(lang),1
/destinations/spain/tenerife/playa-de-las-americas/cleopatra-palace,/sitecore/api/ssc/item/itemId?sc_lang=getCMSLang(lang),2
/destinations/spain/tenerife/playa-de-las-americas/cleopatra-palace,/api/utilities/SortItems?sc_lang=getCMSLang(lang),2
/destinations/spain/tenerife/playa-de-las-americas/cleopatra-palace,/search/packages,24
/destinations/spain/tenerife/playa-de-las-americas/cleopatra-palace,/availability/last-available-date,12
/destinations/spain/tenerife/playa-de-las-americas/cleopatra-palace,/availability/dates,8
/destinations/spain/tenerife/playa-de-las-americas/cleopatra-palace,/content/filter-facilities,3
/destinations/spain/tenerife/playa-de-las-americas/cleopatra-palace,envPublic.CMS_API/tracking/user-search,4
/destinations/spain/tenerife/playa-de-las-americas/cleopatra-palace,/hotel/summary/polygon,1
