Page,Language,Rendering,API
/,en,Schema.tsx,n_a
/,en,CustomersFeedback.tsx,n_a
/,en,SubscribeBlock.tsx,n_a
/,en,FullWidthBanner.tsx,n_a
/,en,ExperimentWrapper.tsx,n_a
/,en,FeaturedHotels.tsx,availability/from
/,en,FeaturedHotels.tsx,price
/,en,FeaturedHotels.tsx,destinations/search
/,en,HolidaysUnder.tsx,n_a
/,en,TextBlock.tsx,n_a
/,en,PromoBlocks.tsx,availability/from
/,en,PromoBlocks.tsx,price
/,en,PromoBlocks.tsx,destinations/search
/,en,PartnershipComponent.tsx,price
/,en,PartnershipComponent.tsx,destinations/search
/,en,ConfidenceModuleTransformer.tsx,n_a
/,en,HeroSectionWrapper.tsx,n_a
/,en,HeroCarousel.tsx,n_a
/,en,SearchPod.tsx,destinations/search
/,en,SearchPod.tsx,tracking/user-search
/,en,MerchandisingBanner.tsx,n_a
/,en,HtmlBlock.tsx,n_a
/,en,PersistentInfoBanner.tsx,n_a
/,en,MerchandisingAlertBanner.tsx,n_a
/,fr-CH,Schema.tsx,n_a
/,fr-CH,TextBlock.tsx,n_a
/,fr-CH,FeaturedHotels.tsx,availability/from
/,fr-CH,FeaturedHotels.tsx,price
/,fr-CH,FeaturedHotels.tsx,destinations/search
/,fr-CH,PromoBlocks.tsx,availability/from
/,fr-CH,PromoBlocks.tsx,price
/,fr-CH,PromoBlocks.tsx,destinations/search
/,fr-CH,PartnershipComponent.tsx,price
/,fr-CH,PartnershipComponent.tsx,destinations/search
/,fr-CH,ConfidenceModuleTransformer.tsx,n_a
/,fr-CH,HolidaysUnder.tsx,n_a
/,fr-CH,HeroSectionWrapper.tsx,n_a
/,fr-CH,HeroCarousel.tsx,n_a
/,fr-CH,SearchPod.tsx,destinations/search
/,fr-CH,SearchPod.tsx,tracking/user-search
/,fr-CH,PersistentInfoBanner.tsx,n_a
/,fr-CH,MerchandisingAlertBanner.tsx,n_a
/,de-CH,Schema.tsx,n_a
/,de-CH,TextBlock.tsx,n_a
/,de-CH,FeaturedHotels.tsx,availability/from
/,de-CH,FeaturedHotels.tsx,price
/,de-CH,FeaturedHotels.tsx,destinations/search
/,de-CH,PromoBlocks.tsx,availability/from
/,de-CH,PromoBlocks.tsx,price
/,de-CH,PromoBlocks.tsx,destinations/search
/,de-CH,PartnershipComponent.tsx,price
/,de-CH,PartnershipComponent.tsx,destinations/search
/,de-CH,ConfidenceModuleTransformer.tsx,n_a
/,de-CH,HolidaysUnder.tsx,n_a
/,de-CH,HeroSectionWrapper.tsx,n_a
/,de-CH,HeroCarousel.tsx,n_a
/,de-CH,SearchPod.tsx,destinations/search
/,de-CH,SearchPod.tsx,tracking/user-search
/,de-CH,PersistentInfoBanner.tsx,n_a
/,de-CH,MerchandisingAlertBanner.tsx,n_a
/,fr-FR,ConfidenceModuleTransformer.tsx,n_a
/,fr-FR,SearchPod.tsx,destinations/search
/,fr-FR,SearchPod.tsx,tracking/user-search
/,fr-FR,HeroSectionWrapper.tsx,n_a
/,fr-FR,HeroCarousel.tsx,n_a
/,fr-FR,PersistentInfoBanner.tsx,n_a
/,fr-FR,MerchandisingAlertBanner.tsx,n_a
/,fr-FR,TextBlock.tsx,n_a
/,fr-FR,PromoBlocks.tsx,availability/from
/,fr-FR,PromoBlocks.tsx,price
/,fr-FR,PromoBlocks.tsx,destinations/search
/,fr-FR,PartnershipComponent.tsx,price
/,fr-FR,PartnershipComponent.tsx,destinations/search
/,fr-FR,FeaturedHotels.tsx,availability/from
/,fr-FR,FeaturedHotels.tsx,price
/,fr-FR,FeaturedHotels.tsx,destinations/search
/,fr-FR,Schema.tsx,n_a
/,de-DE,MerchandisingAlertBanner.tsx,n_a
/,de-DE,PersistentInfoBanner.tsx,n_a
/,de-DE,SearchPod.tsx,destinations/search
/,de-DE,SearchPod.tsx,tracking/user-search
/,de-DE,HeroSectionWrapper.tsx,n_a
/,de-DE,HeroCarousel.tsx,n_a
/,de-DE,TextBlock.tsx,n_a
/,de-DE,ConfidenceModuleTransformer.tsx,n_a
/,de-DE,PromoBlocks.tsx,availability/from
/,de-DE,PromoBlocks.tsx,price
/,de-DE,PromoBlocks.tsx,destinations/search
/,de-DE,HolidaysUnder.tsx,n_a
/,de-DE,PartnershipComponent.tsx,price
/,de-DE,PartnershipComponent.tsx,destinations/search
/,de-DE,FeaturedHotels.tsx,availability/from
/,de-DE,FeaturedHotels.tsx,price
/,de-DE,FeaturedHotels.tsx,destinations/search
/,de-DE,Schema.tsx,n_a
/holiday-inspiration,en,EntryQuizTab.tsx,holiday-inspiration/recommended
/holiday-inspiration,en,TravelGroupTab.tsx,holiday-inspiration/recommended
/holiday-inspiration,en,DatePickerTab.tsx,holiday-inspiration/recommended
/holiday-inspiration,en,FinalQuizTab.tsx,n_a
/holiday-inspiration,fr-CH,EntryQuizTab.tsx,holiday-inspiration/recommended
/holiday-inspiration,fr-CH,TravelGroupTab.tsx,holiday-inspiration/recommended
/holiday-inspiration,fr-CH,DatePickerTab.tsx,holiday-inspiration/recommended
/holiday-inspiration,fr-CH,FinalQuizTab.tsx,n_a
/holiday-inspiration,de-CH,EntryQuizTab.tsx,holiday-inspiration/recommended
/holiday-inspiration,de-CH,TravelGroupTab.tsx,holiday-inspiration/recommended
/holiday-inspiration,de-CH,DatePickerTab.tsx,holiday-inspiration/recommended
/holiday-inspiration,de-CH,FinalQuizTab.tsx,n_a
/holiday-inspiration,fr-FR,EntryQuizTab.tsx,holiday-inspiration/recommended
/holiday-inspiration,fr-FR,TravelGroupTab.tsx,holiday-inspiration/recommended
/holiday-inspiration,fr-FR,DatePickerTab.tsx,holiday-inspiration/recommended
/holiday-inspiration,fr-FR,FinalQuizTab.tsx,n_a
/holiday-inspiration,de-DE,EntryQuizTab.tsx,holiday-inspiration/recommended
/holiday-inspiration,de-DE,TravelGroupTab.tsx,holiday-inspiration/recommended
/holiday-inspiration,de-DE,DatePickerTab.tsx,holiday-inspiration/recommended
/holiday-inspiration,de-DE,FinalQuizTab.tsx,n_a
/hotel-details,en,BookingTransitionScreen.tsx,n_a
/hotel-details,en,Chatbot.tsx,n_a
/hotel-details,en,HotelReviewsBooking.tsx,hotel/reviews/${hotelId}
/hotel-details,en,AlternativeFlights.tsx,search/recommended
/hotel-details,en,AlternativeFlights.tsx,search/alternative-flights
/hotel-details,en,AlternativeFlights.tsx,search/extras
/hotel-details,en,AlternativeFlights.tsx,search/offers-alterations
/hotel-details,en,AlternativeFlights.tsx,booking/validate-package
/hotel-details,en,AlternativeFlights.tsx,search/flight-extras
/hotel-details,en,AlternativeFlights.tsx,hotel/offers
/hotel-details,en,ComparePriceModule.tsx,n_a
/hotel-details,en,BoardTypes.tsx,n_a
/hotel-details,en,RoomTypes.tsx,n_a
/hotel-details,en,WeatherDataCarousel.tsx,n_a
/hotel-details,en,HotelLocationBooking.tsx,n_a
/hotel-details,en,ResortInfoBlock.tsx,hotel/resort-info
/hotel-details,en,HotelInfoBooking.tsx,n_a
/hotel-details,en,EcoCertified.tsx,n_a
/hotel-details,en,TabsBooking.tsx,n_a
/hotel-details,en,HotelImageCarouselBooking.tsx,api/utilities/DeleteItems
/hotel-details,en,HotelImageSideBarBooking.tsx,n_a
/hotel-details,en,ShareHolidayButton.tsx,hotukdeals.com/social/share
/hotel-details,en,ShareHolidayButton.tsx,wa.me/
/hotel-details,en,ShareHolidayButton.tsx,`mailto:?subject=${encodeURIComponent(subject)}&body=${encodeURIComponent(body)}`
/hotel-details,en,ShareHolidayButton.tsx,twitter.com/share
/hotel-details,en,ShareHolidayButton.tsx,www.facebook.com/sharer/sharer.php
/hotel-details,en,ShareHolidayButton.tsx,`sms:?&body=${encodeURIComponent(body)}`
/hotel-details,en,HolidayWithConfidence.tsx,n_a
/hotel-details,en,Basket.tsx,n_a
/hotel-details,en,SearchPod.tsx,destinations/search
/hotel-details,en,SearchPod.tsx,tracking/user-search
/hotel-details,en,HtmlBlock.tsx,n_a
/hotel-details,en,PersistentInfoBanner.tsx,n_a
/hotel-details,fr-CH,BookingTransitionScreen.tsx,n_a
/hotel-details,fr-CH,Chatbot.tsx,n_a
/hotel-details,fr-CH,HotelReviewsBooking.tsx,hotel/reviews/${hotelId}
/hotel-details,fr-CH,AlternativeFlights.tsx,search/recommended
/hotel-details,fr-CH,AlternativeFlights.tsx,search/alternative-flights
/hotel-details,fr-CH,AlternativeFlights.tsx,search/extras
/hotel-details,fr-CH,AlternativeFlights.tsx,search/offers-alterations
/hotel-details,fr-CH,AlternativeFlights.tsx,booking/validate-package
/hotel-details,fr-CH,AlternativeFlights.tsx,search/flight-extras
/hotel-details,fr-CH,AlternativeFlights.tsx,hotel/offers
/hotel-details,fr-CH,ComparePriceModule.tsx,n_a
/hotel-details,fr-CH,BoardTypes.tsx,n_a
/hotel-details,fr-CH,RoomTypes.tsx,n_a
/hotel-details,fr-CH,WeatherDataCarousel.tsx,n_a
/hotel-details,fr-CH,HotelLocationBooking.tsx,n_a
/hotel-details,fr-CH,ResortInfoBlock.tsx,hotel/resort-info
/hotel-details,fr-CH,HotelInfoBooking.tsx,n_a
/hotel-details,fr-CH,EcoCertified.tsx,n_a
/hotel-details,fr-CH,TabsBooking.tsx,n_a
/hotel-details,fr-CH,HotelImageCarouselBooking.tsx,api/utilities/DeleteItems
/hotel-details,fr-CH,HotelImageSideBarBooking.tsx,n_a
/hotel-details,fr-CH,ShareHolidayButton.tsx,hotukdeals.com/social/share
/hotel-details,fr-CH,ShareHolidayButton.tsx,wa.me/
/hotel-details,fr-CH,ShareHolidayButton.tsx,`mailto:?subject=${encodeURIComponent(subject)}&body=${encodeURIComponent(body)}`
/hotel-details,fr-CH,ShareHolidayButton.tsx,twitter.com/share
/hotel-details,fr-CH,ShareHolidayButton.tsx,www.facebook.com/sharer/sharer.php
/hotel-details,fr-CH,ShareHolidayButton.tsx,`sms:?&body=${encodeURIComponent(body)}`
/hotel-details,fr-CH,HolidayWithConfidence.tsx,n_a
/hotel-details,fr-CH,Basket.tsx,n_a
/hotel-details,fr-CH,SearchPod.tsx,destinations/search
/hotel-details,fr-CH,SearchPod.tsx,tracking/user-search
/hotel-details,fr-CH,HtmlBlock.tsx,n_a
/hotel-details,fr-CH,PersistentInfoBanner.tsx,n_a
/hotel-details,de-CH,Chatbot.tsx,n_a
/hotel-details,de-CH,HotelReviewsBooking.tsx,hotel/reviews/${hotelId}
/hotel-details,de-CH,AlternativeFlights.tsx,search/recommended
/hotel-details,de-CH,AlternativeFlights.tsx,search/alternative-flights
/hotel-details,de-CH,AlternativeFlights.tsx,search/extras
/hotel-details,de-CH,AlternativeFlights.tsx,search/offers-alterations
/hotel-details,de-CH,AlternativeFlights.tsx,booking/validate-package
/hotel-details,de-CH,AlternativeFlights.tsx,search/flight-extras
/hotel-details,de-CH,AlternativeFlights.tsx,hotel/offers
/hotel-details,de-CH,ComparePriceModule.tsx,n_a
/hotel-details,de-CH,BoardTypes.tsx,n_a
/hotel-details,de-CH,RoomTypes.tsx,n_a
/hotel-details,de-CH,WeatherDataCarousel.tsx,n_a
/hotel-details,de-CH,HotelLocationBooking.tsx,n_a
/hotel-details,de-CH,ResortInfoBlock.tsx,hotel/resort-info
/hotel-details,de-CH,HotelInfoBooking.tsx,n_a
/hotel-details,de-CH,EcoCertified.tsx,n_a
/hotel-details,de-CH,TabsBooking.tsx,n_a
/hotel-details,de-CH,HotelImageCarouselBooking.tsx,api/utilities/DeleteItems
/hotel-details,de-CH,HotelImageSideBarBooking.tsx,n_a
/hotel-details,de-CH,ShareHolidayButton.tsx,hotukdeals.com/social/share
/hotel-details,de-CH,ShareHolidayButton.tsx,wa.me/
/hotel-details,de-CH,ShareHolidayButton.tsx,`mailto:?subject=${encodeURIComponent(subject)}&body=${encodeURIComponent(body)}`
/hotel-details,de-CH,ShareHolidayButton.tsx,twitter.com/share
/hotel-details,de-CH,ShareHolidayButton.tsx,www.facebook.com/sharer/sharer.php
/hotel-details,de-CH,ShareHolidayButton.tsx,`sms:?&body=${encodeURIComponent(body)}`
/hotel-details,de-CH,HolidayWithConfidence.tsx,n_a
/hotel-details,de-CH,Basket.tsx,n_a
/hotel-details,de-CH,SearchPod.tsx,destinations/search
/hotel-details,de-CH,SearchPod.tsx,tracking/user-search
/hotel-details,de-CH,HtmlBlock.tsx,n_a
/hotel-details,de-CH,PersistentInfoBanner.tsx,n_a
/hotel-details,de-CH,BookingTransitionScreen.tsx,n_a
/hotel-details,fr-FR,PersistentInfoBanner.tsx,n_a
/hotel-details,fr-FR,HtmlBlock.tsx,n_a
/hotel-details,fr-FR,SearchPod.tsx,destinations/search
/hotel-details,fr-FR,SearchPod.tsx,tracking/user-search
/hotel-details,fr-FR,Basket.tsx,n_a
/hotel-details,fr-FR,HotelImageCarouselBooking.tsx,api/utilities/DeleteItems
/hotel-details,fr-FR,HotelImageSideBarBooking.tsx,n_a
/hotel-details,fr-FR,ShareHolidayButton.tsx,hotukdeals.com/social/share
/hotel-details,fr-FR,ShareHolidayButton.tsx,wa.me/
/hotel-details,fr-FR,ShareHolidayButton.tsx,`mailto:?subject=${encodeURIComponent(subject)}&body=${encodeURIComponent(body)}`
/hotel-details,fr-FR,ShareHolidayButton.tsx,twitter.com/share
/hotel-details,fr-FR,ShareHolidayButton.tsx,www.facebook.com/sharer/sharer.php
/hotel-details,fr-FR,ShareHolidayButton.tsx,`sms:?&body=${encodeURIComponent(body)}`
/hotel-details,fr-FR,HolidayWithConfidence.tsx,n_a
/hotel-details,fr-FR,TabsBooking.tsx,n_a
/hotel-details,fr-FR,HotelInfoBooking.tsx,n_a
/hotel-details,fr-FR,EcoCertified.tsx,n_a
/hotel-details,fr-FR,ResortInfoBlock.tsx,hotel/resort-info
/hotel-details,fr-FR,HotelLocationBooking.tsx,n_a
/hotel-details,fr-FR,WeatherDataCarousel.tsx,n_a
/hotel-details,fr-FR,BoardTypes.tsx,n_a
/hotel-details,fr-FR,RoomTypes.tsx,n_a
/hotel-details,fr-FR,AlternativeFlights.tsx,search/recommended
/hotel-details,fr-FR,AlternativeFlights.tsx,search/alternative-flights
/hotel-details,fr-FR,AlternativeFlights.tsx,search/extras
/hotel-details,fr-FR,AlternativeFlights.tsx,search/offers-alterations
/hotel-details,fr-FR,AlternativeFlights.tsx,booking/validate-package
/hotel-details,fr-FR,AlternativeFlights.tsx,search/flight-extras
/hotel-details,fr-FR,AlternativeFlights.tsx,hotel/offers
/hotel-details,fr-FR,ComparePriceModule.tsx,n_a
/hotel-details,fr-FR,HotelReviewsBooking.tsx,hotel/reviews/${hotelId}
/hotel-details,fr-FR,Chatbot.tsx,n_a
/hotel-details,fr-FR,BookingTransitionScreen.tsx,n_a
/hotel-details,de-DE,PersistentInfoBanner.tsx,n_a
/hotel-details,de-DE,HtmlBlock.tsx,n_a
/hotel-details,de-DE,SearchPod.tsx,destinations/search
/hotel-details,de-DE,SearchPod.tsx,tracking/user-search
/hotel-details,de-DE,Basket.tsx,n_a
/hotel-details,de-DE,HotelImageCarouselBooking.tsx,api/utilities/DeleteItems
/hotel-details,de-DE,HotelImageSideBarBooking.tsx,n_a
/hotel-details,de-DE,ShareHolidayButton.tsx,hotukdeals.com/social/share
/hotel-details,de-DE,ShareHolidayButton.tsx,wa.me/
/hotel-details,de-DE,ShareHolidayButton.tsx,`mailto:?subject=${encodeURIComponent(subject)}&body=${encodeURIComponent(body)}`
/hotel-details,de-DE,ShareHolidayButton.tsx,twitter.com/share
/hotel-details,de-DE,ShareHolidayButton.tsx,www.facebook.com/sharer/sharer.php
/hotel-details,de-DE,ShareHolidayButton.tsx,`sms:?&body=${encodeURIComponent(body)}`
/hotel-details,de-DE,HolidayWithConfidence.tsx,n_a
/hotel-details,de-DE,TabsBooking.tsx,n_a
/hotel-details,de-DE,HotelInfoBooking.tsx,n_a
/hotel-details,de-DE,EcoCertified.tsx,n_a
/hotel-details,de-DE,ResortInfoBlock.tsx,hotel/resort-info
/hotel-details,de-DE,HotelLocationBooking.tsx,n_a
/hotel-details,de-DE,WeatherDataCarousel.tsx,n_a
/hotel-details,de-DE,BoardTypes.tsx,n_a
/hotel-details,de-DE,RoomTypes.tsx,n_a
/hotel-details,de-DE,AlternativeFlights.tsx,search/recommended
/hotel-details,de-DE,AlternativeFlights.tsx,search/alternative-flights
/hotel-details,de-DE,AlternativeFlights.tsx,search/extras
/hotel-details,de-DE,AlternativeFlights.tsx,search/offers-alterations
/hotel-details,de-DE,AlternativeFlights.tsx,booking/validate-package
/hotel-details,de-DE,AlternativeFlights.tsx,search/flight-extras
/hotel-details,de-DE,AlternativeFlights.tsx,hotel/offers
/hotel-details,de-DE,ComparePriceModule.tsx,n_a
/hotel-details,de-DE,HotelReviewsBooking.tsx,hotel/reviews/${hotelId}
/hotel-details,de-DE,Chatbot.tsx,n_a
/hotel-details,de-DE,BookingTransitionScreen.tsx,n_a
/create-account,en,PersistentInfoBanner.tsx,n_a
/create-account,en,CreateAccount.tsx,n_a
/create-account,fr-CH,PersistentInfoBanner.tsx,n_a
/create-account,fr-CH,CreateAccount.tsx,n_a
/create-account,de-CH,PersistentInfoBanner.tsx,n_a
/create-account,de-CH,CreateAccount.tsx,n_a
/create-account,fr-FR,PersistentInfoBanner.tsx,n_a
/create-account,fr-FR,CreateAccount.tsx,n_a
/create-account,de-DE,PersistentInfoBanner.tsx,n_a
/create-account,de-DE,CreateAccount.tsx,n_a
/deals,en,CustomersFeedback.tsx,n_a
/deals,en,ConfidenceModuleTransformer.tsx,n_a
/deals,en,TextBlock.tsx,n_a
/deals,en,FeaturedHotels.tsx,availability/from
/deals,en,FeaturedHotels.tsx,price
/deals,en,FeaturedHotels.tsx,destinations/search
/deals,en,PromoBlocks.tsx,availability/from
/deals,en,PromoBlocks.tsx,price
/deals,en,PromoBlocks.tsx,destinations/search
/deals,en,PartnershipComponent.tsx,price
/deals,en,PartnershipComponent.tsx,destinations/search
/deals,en,PromoMerchBanner.tsx,n_a
/deals,en,HolidaysUnder.tsx,n_a
/deals,en,DealsPromoTiles.tsx,requested-price
/deals,en,FullWidthBanner.tsx,n_a
/deals,en,SearchPod.tsx,destinations/search
/deals,en,SearchPod.tsx,tracking/user-search
/deals,en,PersistentInfoBanner.tsx,n_a
/deals,en,PromopageSearchPod.tsx,availability/last-available-date
/deals,en,SearchPodFilters.tsx,n_a
/deals,en,SearchResults.tsx,shortlist/delete
/deals,en,SearchResults.tsx,search/recommended
/deals,en,HolidayWithConfidence.tsx,n_a
/deals,en,AlternativeBoardsPopup.tsx,n_a
/deals,en,PersistentInfoBanner.tsx,n_a
/deals,en,PromopageSearchPod.tsx,availability/last-available-date
/deals,en,SearchPodFilters.tsx,n_a
/deals,en,SearchResults.tsx,shortlist/delete
/deals,en,SearchResults.tsx,search/recommended
/deals,en,HolidayWithConfidence.tsx,n_a
/deals,en,TextBlock.tsx,n_a
/deals,en,CustomersFeedback.tsx,n_a
/deals,en,AlternativeBoardsPopup.tsx,n_a
/deals,en,CustomersFeedback.tsx,n_a
/deals,en,ConfidenceModuleTransformer.tsx,n_a
/deals,en,TextBlock.tsx,n_a
/deals,en,FeaturedHotels.tsx,availability/from
/deals,en,FeaturedHotels.tsx,price
/deals,en,FeaturedHotels.tsx,destinations/search
/deals,en,PromoBlocks.tsx,availability/from
/deals,en,PromoBlocks.tsx,price
/deals,en,PromoBlocks.tsx,destinations/search
/deals,en,PartnershipComponent.tsx,price
/deals,en,PartnershipComponent.tsx,destinations/search
/deals,en,PromoMerchBanner.tsx,n_a
/deals,en,HolidaysUnder.tsx,n_a
/deals,en,DealsPromoTiles.tsx,requested-price
/deals,en,FullWidthBanner.tsx,n_a
/deals,en,SearchPod.tsx,destinations/search
/deals,en,SearchPod.tsx,tracking/user-search
/deals,en,PersistentInfoBanner.tsx,n_a
/deals,en,PromopageSearchPod.tsx,availability/last-available-date
/deals,en,SearchPodFilters.tsx,n_a
/deals,en,SearchResults.tsx,shortlist/delete
/deals,en,SearchResults.tsx,search/recommended
/deals,en,HolidayWithConfidence.tsx,n_a
/deals,en,AlternativeBoardsPopup.tsx,n_a
/dynamic-promo-pages/beach-holidays,en,PersistentInfoBanner.tsx,n_a
/dynamic-promo-pages/beach-holidays,en,SearchPod.tsx,destinations/search
/dynamic-promo-pages/beach-holidays,en,SearchPod.tsx,tracking/user-search
/dynamic-promo-pages/beach-holidays,en,DynamicPromoTextBlock.tsx,n_a
/dynamic-promo-pages/beach-holidays,en,SearchPodFilters.tsx,n_a
/dynamic-promo-pages/beach-holidays,en,SearchResults.tsx,shortlist/delete
/dynamic-promo-pages/beach-holidays,en,SearchResults.tsx,search/recommended
/dynamic-promo-pages/beach-holidays,en,AlternativeBoardsPopup.tsx,n_a
/extras,en,SearchPod.tsx,destinations/search
/extras,en,SearchPod.tsx,tracking/user-search
/extras,en,TextBlock.tsx,n_a
/extras,en,PromoBlocks.tsx,availability/from
/extras,en,PromoBlocks.tsx,price
/extras,en,PromoBlocks.tsx,destinations/search
/extras,en,PartnershipComponent.tsx,price
/extras,en,PartnershipComponent.tsx,destinations/search
/Holiday-Types,en,PersistentInfoBanner.tsx,n_a
/Holiday-Types,en,SearchPod.tsx,destinations/search
/Holiday-Types,en,SearchPod.tsx,tracking/user-search
/Holiday-Types,en,PromoMerchBanner.tsx,n_a
/Holiday-Types,en,TextBlock.tsx,n_a
/Holiday-Types,en,FullWidthBanner.tsx,n_a
/Holiday-Types,en,HolidayTypes.tsx,n_a
/Holiday-Types,en,ConfidenceModuleTransformer.tsx,n_a
/adults-holidays,en,PersistentInfoBanner.tsx,n_a
/adults-holidays,en,SearchPod.tsx,destinations/search
/adults-holidays,en,SearchPod.tsx,tracking/user-search
/adults-holidays,en,IntroBlock.tsx,n_a
/adults-holidays,en,TextBlock.tsx,n_a
/adults-holidays,en,InformationTiles.tsx,n_a
/adults-holidays,en,DealsDestinations.tsx,requested-price
/adults-holidays,en,GenericRecommendedHotels.tsx,search/recommended
/adults-holidays,en,QuestionAndAnswer.tsx,help-centre/faq/save
/adults-holidays,en,CardsWithLinks.tsx,price
/adults-holidays,en,CardsWithLinks.tsx,destinations/search
/couples-holidays,en,PersistentInfoBanner.tsx,n_a
/couples-holidays,en,SearchPod.tsx,destinations/search
/couples-holidays,en,SearchPod.tsx,tracking/user-search
/couples-holidays,en,IntroBlock.tsx,n_a
/couples-holidays,en,InformationTiles.tsx,n_a
/couples-holidays,en,TextBlock.tsx,n_a
/couples-holidays,en,PromoBlocks.tsx,availability/from
/couples-holidays,en,PromoBlocks.tsx,price
/couples-holidays,en,PromoBlocks.tsx,destinations/search
/couples-holidays,en,DealsDestinations.tsx,requested-price
/couples-holidays,en,FullWidthBanner.tsx,n_a
/couples-holidays,en,QuestionAndAnswer.tsx,help-centre/faq/save
/couples-holidays,en,CardsWithLinks.tsx,price
/couples-holidays,en,CardsWithLinks.tsx,destinations/search
/honeymoon-holidays,en,PersistentInfoBanner.tsx,n_a
/honeymoon-holidays,en,SearchPod.tsx,destinations/search
/honeymoon-holidays,en,SearchPod.tsx,tracking/user-search
/honeymoon-holidays,en,IntroBlock.tsx,n_a
/honeymoon-holidays,en,TextBlock.tsx,n_a
/honeymoon-holidays,en,InformationTiles.tsx,n_a
/honeymoon-holidays,en,DealsDestinations.tsx,requested-price
/honeymoon-holidays,en,PromoBlocks.tsx,availability/from
/honeymoon-holidays,en,PromoBlocks.tsx,price
/honeymoon-holidays,en,PromoBlocks.tsx,destinations/search
/honeymoon-holidays,en,QuestionAndAnswer.tsx,help-centre/faq/save
/honeymoon-holidays,en,CardsWithLinks.tsx,price
/honeymoon-holidays,en,CardsWithLinks.tsx,destinations/search
/all-inclusive-holidays,en,FeaturedHotels.tsx,availability/from
/all-inclusive-holidays,en,FeaturedHotels.tsx,price
/all-inclusive-holidays,en,FeaturedHotels.tsx,destinations/search
/all-inclusive-holidays,en,PartnershipComponent.tsx,price
/all-inclusive-holidays,en,PartnershipComponent.tsx,destinations/search
/all-inclusive-holidays,en,CardsWithLinks.tsx,price
/all-inclusive-holidays,en,CardsWithLinks.tsx,destinations/search
/all-inclusive-holidays,en,ConfidenceModuleTransformer.tsx,n_a
/all-inclusive-holidays,en,TextBlock.tsx,n_a
/all-inclusive-holidays,en,QuestionAndAnswer.tsx,help-centre/faq/save
/all-inclusive-holidays,en,InformationTiles.tsx,n_a
/all-inclusive-holidays,en,GenericRecommendedHotels.tsx,search/recommended
/all-inclusive-holidays,en,DealsDestinations.tsx,requested-price
/all-inclusive-holidays,en,PromoMerchBanner.tsx,n_a
/all-inclusive-holidays,en,IntroBlock.tsx,n_a
/all-inclusive-holidays,en,SearchPod.tsx,destinations/search
/all-inclusive-holidays,en,SearchPod.tsx,tracking/user-search
/all-inclusive-holidays,en,PersistentInfoBanner.tsx,n_a
/all-inclusive-holidays/cyprus,en,SearchPod.tsx,destinations/search
/all-inclusive-holidays/cyprus,en,SearchPod.tsx,tracking/user-search
/all-inclusive-holidays/cyprus,en,IntroBlock.tsx,n_a
/all-inclusive-holidays/cyprus,en,TextBlock.tsx,n_a
/all-inclusive-holidays/cyprus,en,InformationTiles.tsx,n_a
/all-inclusive-holidays/cyprus,en,DealsDestinations.tsx,requested-price
/all-inclusive-holidays/cyprus,en,PromoBlocks.tsx,availability/from
/all-inclusive-holidays/cyprus,en,PromoBlocks.tsx,price
/all-inclusive-holidays/cyprus,en,PromoBlocks.tsx,destinations/search
/all-inclusive-holidays/cyprus,en,QuestionAndAnswer.tsx,help-centre/faq/save
/all-inclusive-holidays/cyprus,en,ConfidenceModuleTransformer.tsx,n_a
/all-inclusive-holidays/greece,en,SearchPod.tsx,destinations/search
/all-inclusive-holidays/greece,en,SearchPod.tsx,tracking/user-search
/all-inclusive-holidays/greece,en,IntroBlock.tsx,n_a
/all-inclusive-holidays/greece,en,TextBlock.tsx,n_a
/all-inclusive-holidays/greece,en,InformationTiles.tsx,n_a
/all-inclusive-holidays/greece,en,DealsDestinations.tsx,requested-price
/all-inclusive-holidays/greece,en,PromoBlocks.tsx,availability/from
/all-inclusive-holidays/greece,en,PromoBlocks.tsx,price
/all-inclusive-holidays/greece,en,PromoBlocks.tsx,destinations/search
/all-inclusive-holidays/greece,en,QuestionAndAnswer.tsx,help-centre/faq/save
/all-inclusive-holidays/greece,en,ConfidenceModuleTransformer.tsx,n_a
/all-inclusive-holidays/portugal,en,SearchPod.tsx,destinations/search
/all-inclusive-holidays/portugal,en,SearchPod.tsx,tracking/user-search
/all-inclusive-holidays/portugal,en,IntroBlock.tsx,n_a
/all-inclusive-holidays/portugal,en,TextBlock.tsx,n_a
/all-inclusive-holidays/portugal,en,InformationTiles.tsx,n_a
/all-inclusive-holidays/portugal,en,DealsDestinations.tsx,requested-price
/all-inclusive-holidays/portugal,en,PromoBlocks.tsx,availability/from
/all-inclusive-holidays/portugal,en,PromoBlocks.tsx,price
/all-inclusive-holidays/portugal,en,PromoBlocks.tsx,destinations/search
/all-inclusive-holidays/portugal,en,QuestionAndAnswer.tsx,help-centre/faq/save
/all-inclusive-holidays/portugal,en,ConfidenceModuleTransformer.tsx,n_a
/all-inclusive-holidays/spain,en,SearchPod.tsx,destinations/search
/all-inclusive-holidays/spain,en,SearchPod.tsx,tracking/user-search
/all-inclusive-holidays/spain,en,IntroBlock.tsx,n_a
/all-inclusive-holidays/spain,en,TextBlock.tsx,n_a
/all-inclusive-holidays/spain,en,InformationTiles.tsx,n_a
/all-inclusive-holidays/spain,en,DealsDestinations.tsx,requested-price
/all-inclusive-holidays/spain,en,PromoBlocks.tsx,availability/from
/all-inclusive-holidays/spain,en,PromoBlocks.tsx,price
/all-inclusive-holidays/spain,en,PromoBlocks.tsx,destinations/search
/all-inclusive-holidays/spain,en,QuestionAndAnswer.tsx,help-centre/faq/save
/all-inclusive-holidays/spain,en,ConfidenceModuleTransformer.tsx,n_a
/all-inclusive-holidays/turkey,en,SearchPod.tsx,destinations/search
/all-inclusive-holidays/turkey,en,SearchPod.tsx,tracking/user-search
/all-inclusive-holidays/turkey,en,IntroBlock.tsx,n_a
/all-inclusive-holidays/turkey,en,TextBlock.tsx,n_a
/all-inclusive-holidays/turkey,en,InformationTiles.tsx,n_a
/all-inclusive-holidays/turkey,en,DealsDestinations.tsx,requested-price
/all-inclusive-holidays/turkey,en,PromoBlocks.tsx,availability/from
/all-inclusive-holidays/turkey,en,PromoBlocks.tsx,price
/all-inclusive-holidays/turkey,en,PromoBlocks.tsx,destinations/search
/all-inclusive-holidays/turkey,en,QuestionAndAnswer.tsx,help-centre/faq/save
/all-inclusive-holidays/turkey,en,ConfidenceModuleTransformer.tsx,n_a
/lakes-holidays,en,PersistentInfoBanner.tsx,n_a
/lakes-holidays,en,SearchPod.tsx,destinations/search
/lakes-holidays,en,SearchPod.tsx,tracking/user-search
/lakes-holidays,en,IntroBlock.tsx,n_a
/lakes-holidays,en,TextBlock.tsx,n_a
/lakes-holidays,en,InformationTiles.tsx,n_a
/lakes-holidays,en,DealsDestinations.tsx,requested-price
/lakes-holidays,en,GenericRecommendedHotels.tsx,search/recommended
/lakes-holidays,en,QuestionAndAnswer.tsx,help-centre/faq/save
/lakes-holidays,en,CardsWithLinks.tsx,price
/lakes-holidays,en,CardsWithLinks.tsx,destinations/search
/group-holidays,en,TextBlock.tsx,n_a
/group-holidays,en,PersistentInfoBanner.tsx,n_a
/group-holidays,en,IntroBlock.tsx,n_a
/group-holidays,en,PromoBlocks.tsx,availability/from
/group-holidays,en,PromoBlocks.tsx,price
/group-holidays,en,PromoBlocks.tsx,destinations/search
/group-holidays,en,DealsDestinations.tsx,requested-price
/group-holidays,en,FullWidthBanner.tsx,n_a
/group-holidays,en,GenericRecommendedHotels.tsx,search/recommended
/group-holidays,en,QuestionAndAnswer.tsx,help-centre/faq/save
/group-holidays,en,CardsWithLinks.tsx,price
/group-holidays,en,CardsWithLinks.tsx,destinations/search
/ppc,en,PersistentInfoBanner.tsx,n_a
/ppc,en,IntroBlock.tsx,n_a
/ppc,en,TextBlock.tsx,n_a
/ppc,en,InformationTiles.tsx,n_a
/ppc,en,DealsDestinations.tsx,requested-price
/ppc,en,GenericRecommendedHotels.tsx,search/recommended
/ppc,en,QuestionAndAnswer.tsx,help-centre/faq/save
/ppc,en,CardsWithLinks.tsx,price
/ppc,en,CardsWithLinks.tsx,destinations/search
/ppc/all-inclusive-holidays,en,GenericRecommendedHotels.tsx,search/recommended
/ppc/all-inclusive-holidays,en,DealsDestinations.tsx,requested-price
/ppc/all-inclusive-holidays,en,TextBlock.tsx,n_a
/ppc/all-inclusive-holidays,en,PromoMerchBanner.tsx,n_a
/ppc/all-inclusive-holidays,en,PromoBlocks.tsx,availability/from
/ppc/all-inclusive-holidays,en,PromoBlocks.tsx,price
/ppc/all-inclusive-holidays,en,PromoBlocks.tsx,destinations/search
/ppc/all-inclusive-holidays,en,OurPolicies.tsx,n_a
/ppc/all-inclusive-holidays,en,IntroBlock.tsx,n_a
/ppc/all-inclusive-holidays,en,PersistentInfoBanner.tsx,n_a
/ppc/all-inclusive-holidays,en,SearchPod.tsx,destinations/search
/ppc/all-inclusive-holidays,en,SearchPod.tsx,tracking/user-search
/solo-holidays,en,SearchPod.tsx,destinations/search
/solo-holidays,en,SearchPod.tsx,tracking/user-search
/solo-holidays,en,IntroBlock.tsx,n_a
/solo-holidays,en,PromoMerchBanner.tsx,n_a
/solo-holidays,en,DealsDestinations.tsx,requested-price
/solo-holidays,en,FullWidthBanner.tsx,n_a
/solo-holidays,en,TextBlock.tsx,n_a
/solo-holidays,en,InformationTiles.tsx,n_a
/solo-holidays,en,QuestionAndAnswer.tsx,help-centre/faq/save
/solo-holidays,en,CardsWithLinks.tsx,price
/solo-holidays,en,CardsWithLinks.tsx,destinations/search
/solo-holidays,en,GenericRecommendedHotels.tsx,search/recommended
/beach-holidays,en,PersistentInfoBanner.tsx,n_a
/beach-holidays,en,SearchPod.tsx,destinations/search
/beach-holidays,en,SearchPod.tsx,tracking/user-search
/beach-holidays,en,PromoMerchBanner.tsx,n_a
/beach-holidays,en,IntroBlock.tsx,n_a
/beach-holidays,en,DealsDestinations.tsx,requested-price
/beach-holidays,en,TextBlock.tsx,n_a
/beach-holidays,en,InformationTiles.tsx,n_a
/beach-holidays,en,QuestionAndAnswer.tsx,help-centre/faq/save
/beach-holidays,en,GenericRecommendedHotels.tsx,search/recommended
/beach-holidays,en,PartnershipComponent.tsx,price
/beach-holidays,en,PartnershipComponent.tsx,destinations/search
/beach-holidays,en,ConfidenceModuleTransformer.tsx,n_a
/beach-holidays,en,CardsWithLinks.tsx,price
/beach-holidays,en,CardsWithLinks.tsx,destinations/search
/black-friday-holiday-deals,en,PersistentInfoBanner.tsx,n_a
/black-friday-holiday-deals,en,SearchPod.tsx,destinations/search
/black-friday-holiday-deals,en,SearchPod.tsx,tracking/user-search
/black-friday-holiday-deals,en,PromoMerchBanner.tsx,n_a
/black-friday-holiday-deals,en,IntroBlock.tsx,n_a
/black-friday-holiday-deals,en,DealsPromoTiles.tsx,requested-price
/black-friday-holiday-deals,en,DealsDestinations.tsx,requested-price
/black-friday-holiday-deals,en,TextBlock.tsx,n_a
/black-friday-holiday-deals,en,HolidaysUnder.tsx,n_a
/black-friday-holiday-deals,en,QuestionAndAnswer.tsx,help-centre/faq/save
/black-friday-holiday-deals,en,ConfidenceModuleTransformer.tsx,n_a
/holiday-offers,en,PersistentInfoBanner.tsx,n_a
/holiday-offers,en,SearchPod.tsx,destinations/search
/holiday-offers,en,SearchPod.tsx,tracking/user-search
/holiday-offers,en,IntroBlock.tsx,n_a
/holiday-offers,en,PromoMerchBanner.tsx,n_a
/holiday-offers,en,TextBlock.tsx,n_a
/holiday-offers,en,InformationTiles.tsx,n_a
/holiday-offers,en,DealsDestinations.tsx,requested-price
/holiday-offers,en,QuestionAndAnswer.tsx,help-centre/faq/save
/holiday-offers,en,ConfidenceModuleTransformer.tsx,n_a
/christmas-markets,en,PersistentInfoBanner.tsx,n_a
/christmas-markets,en,SearchPod.tsx,destinations/search
/christmas-markets,en,SearchPod.tsx,tracking/user-search
/christmas-markets,en,IntroBlock.tsx,n_a
/christmas-markets,en,InformationTiles.tsx,n_a
/christmas-markets,en,TextBlock.tsx,n_a
/christmas-markets,en,DealsDestinations.tsx,requested-price
/christmas-markets,en,DealsPromoTiles.tsx,requested-price
/christmas-markets,en,AnimationTiles.tsx,n_a
/christmas-markets,en,QuestionAndAnswer.tsx,help-centre/faq/save
/christmas-markets,en,GenericRecommendedHotels.tsx,search/recommended
/christmas-markets,en,CardsWithLinks.tsx,price
/christmas-markets,en,CardsWithLinks.tsx,destinations/search
/european-events,en,PersistentInfoBanner.tsx,n_a
/european-events,en,SearchPod.tsx,destinations/search
/european-events,en,SearchPod.tsx,tracking/user-search
/european-events,en,IntroBlock.tsx,n_a
/european-events,en,InformationTiles.tsx,n_a
/european-events,en,TextBlock.tsx,n_a
/european-events,en,AnimationTiles.tsx,n_a
/european-events,en,PromoBlocks.tsx,availability/from
/european-events,en,PromoBlocks.tsx,price
/european-events,en,PromoBlocks.tsx,destinations/search
/holidays-from-london-gatwick,en,PersistentInfoBanner.tsx,n_a
/holidays-from-london-gatwick,en,SearchPod.tsx,destinations/search
/holidays-from-london-gatwick,en,SearchPod.tsx,tracking/user-search
/holidays-from-london-gatwick,en,IntroBlock.tsx,n_a
/holidays-from-london-gatwick,en,TextBlock.tsx,n_a
/holidays-from-london-gatwick,en,InformationTiles.tsx,n_a
/holidays-from-london-gatwick,en,FullWidthBanner.tsx,n_a
/holidays-from-london-gatwick,en,DealsDestinations.tsx,requested-price
/holidays-from-london-gatwick,en,PromoBlocks.tsx,availability/from
/holidays-from-london-gatwick,en,PromoBlocks.tsx,price
/holidays-from-london-gatwick,en,PromoBlocks.tsx,destinations/search
/holidays-from-london-gatwick,en,ConfidenceModuleTransformer.tsx,n_a
/holidays-from-london-gatwick,en,CardsWithLinks.tsx,price
/holidays-from-london-gatwick,en,CardsWithLinks.tsx,destinations/search
/last-minute-holidays,en,PersistentInfoBanner.tsx,n_a
/last-minute-holidays,en,SearchPod.tsx,destinations/search
/last-minute-holidays,en,SearchPod.tsx,tracking/user-search
/last-minute-holidays,en,IntroBlock.tsx,n_a
/last-minute-holidays,en,PromoMerchBanner.tsx,n_a
/last-minute-holidays,en,TextBlock.tsx,n_a
/last-minute-holidays,en,DealsPromoTiles.tsx,requested-price
/last-minute-holidays,en,PromoBlocks.tsx,availability/from
/last-minute-holidays,en,PromoBlocks.tsx,price
/last-minute-holidays,en,PromoBlocks.tsx,destinations/search
/last-minute-holidays,en,DealsDestinations.tsx,requested-price
/last-minute-holidays,en,InformationTiles.tsx,n_a
/last-minute-holidays,en,FullWidthBanner.tsx,n_a
/last-minute-holidays,en,QuestionAndAnswer.tsx,help-centre/faq/save
/last-minute-holidays,en,CardsWithLinks.tsx,price
/last-minute-holidays,en,CardsWithLinks.tsx,destinations/search
/luxury-holidays,en,PersistentInfoBanner.tsx,n_a
/luxury-holidays,en,SearchPod.tsx,destinations/search
/luxury-holidays,en,SearchPod.tsx,tracking/user-search
/luxury-holidays,en,IntroBlock.tsx,n_a
/luxury-holidays,en,TextBlock.tsx,n_a
/luxury-holidays,en,InformationTiles.tsx,n_a
/luxury-holidays,en,DealsDestinations.tsx,requested-price
/luxury-holidays,en,FullWidthBanner.tsx,n_a
/luxury-holidays,en,DealsPromoTiles.tsx,requested-price
/luxury-holidays,en,QuestionAndAnswer.tsx,help-centre/faq/save
/luxury-holidays,en,GenericRecommendedHotels.tsx,search/recommended
/luxury-holidays,en,CardsWithLinks.tsx,price
/luxury-holidays,en,CardsWithLinks.tsx,destinations/search
/family-holidays,en,CardsWithLinks.tsx,price
/family-holidays,en,CardsWithLinks.tsx,destinations/search
/family-holidays,en,ConfidenceModuleTransformer.tsx,n_a
/family-holidays,en,TextBlock.tsx,n_a
/family-holidays,en,QuestionAndAnswer.tsx,help-centre/faq/save
/family-holidays,en,GenericRecommendedHotels.tsx,search/recommended
/family-holidays,en,DealsDestinations.tsx,requested-price
/family-holidays,en,PromoBlocks.tsx,availability/from
/family-holidays,en,PromoBlocks.tsx,price
/family-holidays,en,PromoBlocks.tsx,destinations/search
/family-holidays,en,FullWidthBanner.tsx,n_a
/family-holidays,en,PartnershipComponent.tsx,price
/family-holidays,en,PartnershipComponent.tsx,destinations/search
/family-holidays,en,PromoMerchBanner.tsx,n_a
/family-holidays,en,IntroBlock.tsx,n_a
/family-holidays,en,InformationTiles.tsx,n_a
/family-holidays,en,SearchPod.tsx,destinations/search
/family-holidays,en,SearchPod.tsx,tracking/user-search
/family-holidays,en,PersistentInfoBanner.tsx,n_a
/family-holidays/greece,en,PersistentInfoBanner.tsx,n_a
/family-holidays/greece,en,SearchPod.tsx,destinations/search
/family-holidays/greece,en,SearchPod.tsx,tracking/user-search
/family-holidays/greece,en,IntroBlock.tsx,n_a
/family-holidays/greece,en,TextBlock.tsx,n_a
/family-holidays/greece,en,InformationTiles.tsx,n_a
/family-holidays/greece,en,DealsDestinations.tsx,requested-price
/family-holidays/greece,en,PromoBlocks.tsx,availability/from
/family-holidays/greece,en,PromoBlocks.tsx,price
/family-holidays/greece,en,PromoBlocks.tsx,destinations/search
/family-holidays/greece,en,QuestionAndAnswer.tsx,help-centre/faq/save
/family-holidays/spain,en,PersistentInfoBanner.tsx,n_a
/family-holidays/spain,en,SearchPod.tsx,destinations/search
/family-holidays/spain,en,SearchPod.tsx,tracking/user-search
/family-holidays/spain,en,IntroBlock.tsx,n_a
/family-holidays/spain,en,TextBlock.tsx,n_a
/family-holidays/spain,en,InformationTiles.tsx,n_a
/family-holidays/spain,en,DealsDestinations.tsx,requested-price
/family-holidays/spain,en,PromoBlocks.tsx,availability/from
/family-holidays/spain,en,PromoBlocks.tsx,price
/family-holidays/spain,en,PromoBlocks.tsx,destinations/search
/family-holidays/spain,en,QuestionAndAnswer.tsx,help-centre/faq/save
/family-holidays/portugal,en,PersistentInfoBanner.tsx,n_a
/family-holidays/portugal,en,SearchPod.tsx,destinations/search
/family-holidays/portugal,en,SearchPod.tsx,tracking/user-search
/family-holidays/portugal,en,IntroBlock.tsx,n_a
/family-holidays/portugal,en,TextBlock.tsx,n_a
/family-holidays/portugal,en,InformationTiles.tsx,n_a
/family-holidays/portugal,en,DealsDestinations.tsx,requested-price
/family-holidays/portugal,en,PromoBlocks.tsx,availability/from
/family-holidays/portugal,en,PromoBlocks.tsx,price
/family-holidays/portugal,en,PromoBlocks.tsx,destinations/search
/family-holidays/portugal,en,QuestionAndAnswer.tsx,help-centre/faq/save
/family-holidays/turkey,en,PersistentInfoBanner.tsx,n_a
/family-holidays/turkey,en,SearchPod.tsx,destinations/search
/family-holidays/turkey,en,SearchPod.tsx,tracking/user-search
/family-holidays/turkey,en,IntroBlock.tsx,n_a
/family-holidays/turkey,en,TextBlock.tsx,n_a
/family-holidays/turkey,en,InformationTiles.tsx,n_a
/family-holidays/turkey,en,DealsDestinations.tsx,requested-price
/family-holidays/turkey,en,PromoBlocks.tsx,availability/from
/family-holidays/turkey,en,PromoBlocks.tsx,price
/family-holidays/turkey,en,PromoBlocks.tsx,destinations/search
/family-holidays/turkey,en,QuestionAndAnswer.tsx,help-centre/faq/save
/family-holidays/italy,en,PersistentInfoBanner.tsx,n_a
/family-holidays/italy,en,SearchPod.tsx,destinations/search
/family-holidays/italy,en,SearchPod.tsx,tracking/user-search
/family-holidays/italy,en,IntroBlock.tsx,n_a
/family-holidays/italy,en,TextBlock.tsx,n_a
/family-holidays/italy,en,InformationTiles.tsx,n_a
/family-holidays/italy,en,DealsDestinations.tsx,requested-price
/family-holidays/italy,en,PromoBlocks.tsx,availability/from
/family-holidays/italy,en,PromoBlocks.tsx,price
/family-holidays/italy,en,PromoBlocks.tsx,destinations/search
/family-holidays/italy,en,QuestionAndAnswer.tsx,help-centre/faq/save
/family-holidays/family-holidays-with-teenagers,en,PersistentInfoBanner.tsx,n_a
/family-holidays/family-holidays-with-teenagers,en,SearchPod.tsx,destinations/search
/family-holidays/family-holidays-with-teenagers,en,SearchPod.tsx,tracking/user-search
/family-holidays/family-holidays-with-teenagers,en,IntroBlock.tsx,n_a
/family-holidays/family-holidays-with-teenagers,en,DealsDestinations.tsx,requested-price
/family-holidays/family-holidays-with-teenagers,en,TextBlock.tsx,n_a
/family-holidays/family-holidays-with-teenagers,en,InformationTiles.tsx,n_a
/family-holidays/family-holidays-with-teenagers,en,QuestionAndAnswer.tsx,help-centre/faq/save
/family-holidays/toddler-friendly-holidays,en,PersistentInfoBanner.tsx,n_a
/family-holidays/toddler-friendly-holidays,en,SearchPod.tsx,destinations/search
/family-holidays/toddler-friendly-holidays,en,SearchPod.tsx,tracking/user-search
/family-holidays/toddler-friendly-holidays,en,IntroBlock.tsx,n_a
/family-holidays/toddler-friendly-holidays,en,DealsDestinations.tsx,requested-price
/family-holidays/toddler-friendly-holidays,en,TextBlock.tsx,n_a
/family-holidays/toddler-friendly-holidays,en,InformationTiles.tsx,n_a
/family-holidays/toddler-friendly-holidays,en,QuestionAndAnswer.tsx,help-centre/faq/save
/seasonal-holidays,en,PersistentInfoBanner.tsx,n_a
/seasonal-holidays,en,SearchPod.tsx,destinations/search
/seasonal-holidays,en,SearchPod.tsx,tracking/user-search
/seasonal-holidays,en,IntroBlock.tsx,n_a
/seasonal-holidays,en,TextBlock.tsx,n_a
/seasonal-holidays,en,FullWidthBanner.tsx,n_a
/seasonal-holidays,en,PromoBlocks.tsx,availability/from
/seasonal-holidays,en,PromoBlocks.tsx,price
/seasonal-holidays,en,PromoBlocks.tsx,destinations/search
/seasonal-holidays,en,QuestionAndAnswer.tsx,help-centre/faq/save
/seasonal-holidays,en,ConfidenceModuleTransformer.tsx,n_a
/self-catering-holidays,en,PersistentInfoBanner.tsx,n_a
/self-catering-holidays,en,SearchPod.tsx,destinations/search
/self-catering-holidays,en,SearchPod.tsx,tracking/user-search
/self-catering-holidays,en,IntroBlock.tsx,n_a
/self-catering-holidays,en,TextBlock.tsx,n_a
/self-catering-holidays,en,InformationTiles.tsx,n_a
/self-catering-holidays,en,DealsDestinations.tsx,requested-price
/self-catering-holidays,en,GenericRecommendedHotels.tsx,search/recommended
/self-catering-holidays,en,QuestionAndAnswer.tsx,help-centre/faq/save
/self-catering-holidays,en,CardsWithLinks.tsx,price
/self-catering-holidays,en,CardsWithLinks.tsx,destinations/search
/short-breaks,en,PersistentInfoBanner.tsx,n_a
/short-breaks,en,SearchPod.tsx,destinations/search
/short-breaks,en,SearchPod.tsx,tracking/user-search
/short-breaks,en,IntroBlock.tsx,n_a
/short-breaks,en,DealsDestinations.tsx,requested-price
/short-breaks,en,TextBlock.tsx,n_a
/short-breaks,en,FullWidthBanner.tsx,n_a
/short-breaks,en,InformationTiles.tsx,n_a
/short-breaks,en,QuestionAndAnswer.tsx,help-centre/faq/save
/single-parent-families,en,PersistentInfoBanner.tsx,n_a
/single-parent-families,en,SearchPod.tsx,destinations/search
/single-parent-families,en,SearchPod.tsx,tracking/user-search
/single-parent-families,en,IntroBlock.tsx,n_a
/single-parent-families,en,InformationTiles.tsx,n_a
/single-parent-families,en,FullWidthBanner.tsx,n_a
/single-parent-families,en,PromoMerchBanner.tsx,n_a
/single-parent-families,en,DealsDestinations.tsx,requested-price
/single-parent-families,en,GenericRecommendedHotels.tsx,search/recommended
/single-parent-families,en,ConfidenceModuleTransformer.tsx,n_a
/single-parent-families,en,TextBlock.tsx,n_a
/single-parent-families,en,QuestionAndAnswer.tsx,help-centre/faq/save
/single-parent-families,en,CardsWithLinks.tsx,price
/single-parent-families,en,CardsWithLinks.tsx,destinations/search
/Types-de-vacances,fr-CH,PersistentInfoBanner.tsx,n_a
/Types-de-vacances,fr-CH,HolidayTypes.tsx,n_a
/vacances-all-inclusive,fr-CH,PromoMerchBanner.tsx,n_a
/vacances-all-inclusive,fr-CH,CardsWithLinks.tsx,price
/vacances-all-inclusive,fr-CH,CardsWithLinks.tsx,destinations/search
/vacances-all-inclusive,fr-CH,TextBlock.tsx,n_a
/vacances-all-inclusive,fr-CH,QuestionAndAnswer.tsx,help-centre/faq/save
/vacances-all-inclusive,fr-CH,GenericRecommendedHotels.tsx,search/recommended
/vacances-all-inclusive,fr-CH,DealsDestinations.tsx,requested-price
/vacances-all-inclusive,fr-CH,IntroBlock.tsx,n_a
/vacances-all-inclusive,fr-CH,InformationTiles.tsx,n_a
/vacances-all-inclusive,fr-CH,SearchPod.tsx,destinations/search
/vacances-all-inclusive,fr-CH,SearchPod.tsx,tracking/user-search
/vacances-all-inclusive,fr-CH,PersistentInfoBanner.tsx,n_a
/offres-de-vacances,fr-CH,TextBlock.tsx,n_a
/offres-de-vacances,fr-CH,ConfidenceModuleTransformer.tsx,n_a
/offres-de-vacances,fr-CH,DealsDestinations.tsx,requested-price
/offres-de-vacances,fr-CH,HolidaysUnder.tsx,n_a
/offres-de-vacances,fr-CH,GenericRecommendedHotels.tsx,search/recommended
/offres-de-vacances,fr-CH,PromoMerchBanner.tsx,n_a
/offres-de-vacances,fr-CH,DealsPromoTiles.tsx,requested-price
/offres-de-vacances,fr-CH,FullWidthBanner.tsx,n_a
/offres-de-vacances,fr-CH,SearchPod.tsx,destinations/search
/offres-de-vacances,fr-CH,SearchPod.tsx,tracking/user-search
/offres-de-vacances,fr-CH,PersistentInfoBanner.tsx,n_a
/vacances-plage,fr-CH,CardsWithLinks.tsx,price
/vacances-plage,fr-CH,CardsWithLinks.tsx,destinations/search
/vacances-plage,fr-CH,GenericRecommendedHotels.tsx,search/recommended
/vacances-plage,fr-CH,TextBlock.tsx,n_a
/vacances-plage,fr-CH,QuestionAndAnswer.tsx,help-centre/faq/save
/vacances-plage,fr-CH,PromoBlocks.tsx,availability/from
/vacances-plage,fr-CH,PromoBlocks.tsx,price
/vacances-plage,fr-CH,PromoBlocks.tsx,destinations/search
/vacances-plage,fr-CH,AnimationTiles.tsx,n_a
/vacances-plage,fr-CH,DealsDestinations.tsx,requested-price
/vacances-plage,fr-CH,PromoMerchBanner.tsx,n_a
/vacances-plage,fr-CH,SearchPod.tsx,destinations/search
/vacances-plage,fr-CH,SearchPod.tsx,tracking/user-search
/vacances-plage,fr-CH,PersistentInfoBanner.tsx,n_a
/vacances-en-famille,fr-CH,CardsWithLinks.tsx,price
/vacances-en-famille,fr-CH,CardsWithLinks.tsx,destinations/search
/vacances-en-famille,fr-CH,TextBlock.tsx,n_a
/vacances-en-famille,fr-CH,QuestionAndAnswer.tsx,help-centre/faq/save
/vacances-en-famille,fr-CH,FullWidthBanner.tsx,n_a
/vacances-en-famille,fr-CH,GenericRecommendedHotels.tsx,search/recommended
/vacances-en-famille,fr-CH,DealsDestinations.tsx,requested-price
/vacances-en-famille,fr-CH,PromoMerchBanner.tsx,n_a
/vacances-en-famille,fr-CH,IntroBlock.tsx,n_a
/vacances-en-famille,fr-CH,InformationTiles.tsx,n_a
/vacances-en-famille,fr-CH,SearchPod.tsx,destinations/search
/vacances-en-famille,fr-CH,SearchPod.tsx,tracking/user-search
/vacances-en-famille,fr-CH,PersistentInfoBanner.tsx,n_a
/escapades-en-ville,fr-CH,CardsWithLinks.tsx,price
/escapades-en-ville,fr-CH,CardsWithLinks.tsx,destinations/search
/escapades-en-ville,fr-CH,TextBlock.tsx,n_a
/escapades-en-ville,fr-CH,QuestionAndAnswer.tsx,help-centre/faq/save
/escapades-en-ville,fr-CH,PromoBlocks.tsx,availability/from
/escapades-en-ville,fr-CH,PromoBlocks.tsx,price
/escapades-en-ville,fr-CH,PromoBlocks.tsx,destinations/search
/escapades-en-ville,fr-CH,AnimationTiles.tsx,n_a
/escapades-en-ville,fr-CH,DealsDestinations.tsx,requested-price
/escapades-en-ville,fr-CH,PromoMerchBanner.tsx,n_a
/escapades-en-ville,fr-CH,SearchPod.tsx,destinations/search
/escapades-en-ville,fr-CH,SearchPod.tsx,tracking/user-search
/escapades-en-ville,fr-CH,PersistentInfoBanner.tsx,n_a
/vacances-derniere-minute,fr-CH,PersistentInfoBanner.tsx,n_a
/vacances-derniere-minute,fr-CH,SearchPod.tsx,destinations/search
/vacances-derniere-minute,fr-CH,SearchPod.tsx,tracking/user-search
/vacances-derniere-minute,fr-CH,PromoMerchBanner.tsx,n_a
/vacances-derniere-minute,fr-CH,TextBlock.tsx,n_a
/vacances-derniere-minute,fr-CH,InformationTiles.tsx,n_a
/vacances-derniere-minute,fr-CH,DealsDestinations.tsx,requested-price
/vacances-derniere-minute,fr-CH,QuestionAndAnswer.tsx,help-centre/faq/save
/vacances-derniere-minute,fr-CH,CardsWithLinks.tsx,price
/vacances-derniere-minute,fr-CH,CardsWithLinks.tsx,destinations/search
/voyage-de-noce,fr-CH,PersistentInfoBanner.tsx,n_a
/voyage-de-noce,fr-CH,SearchPod.tsx,destinations/search
/voyage-de-noce,fr-CH,SearchPod.tsx,tracking/user-search
/voyage-de-noce,fr-CH,PromoMerchBanner.tsx,n_a
/voyage-de-noce,fr-CH,IntroBlock.tsx,n_a
/voyage-de-noce,fr-CH,TextBlock.tsx,n_a
/voyage-de-noce,fr-CH,InformationTiles.tsx,n_a
/voyage-de-noce,fr-CH,DealsDestinations.tsx,requested-price
/voyage-de-noce,fr-CH,PromoBlocks.tsx,availability/from
/voyage-de-noce,fr-CH,PromoBlocks.tsx,price
/voyage-de-noce,fr-CH,PromoBlocks.tsx,destinations/search
/voyage-de-noce,fr-CH,QuestionAndAnswer.tsx,help-centre/faq/save
/voyage-de-noce,fr-CH,CardsWithLinks.tsx,price
/voyage-de-noce,fr-CH,CardsWithLinks.tsx,destinations/search
/group-holidays,fr-CH,TextBlock.tsx,n_a
/group-holidays,fr-CH,PersistentInfoBanner.tsx,n_a
/group-holidays,fr-CH,IntroBlock.tsx,n_a
/group-holidays,fr-CH,PromoBlocks.tsx,availability/from
/group-holidays,fr-CH,PromoBlocks.tsx,price
/group-holidays,fr-CH,PromoBlocks.tsx,destinations/search
/group-holidays,fr-CH,DealsDestinations.tsx,requested-price
/group-holidays,fr-CH,FullWidthBanner.tsx,n_a
/group-holidays,fr-CH,GenericRecommendedHotels.tsx,search/recommended
/group-holidays,fr-CH,QuestionAndAnswer.tsx,help-centre/faq/save
/group-holidays,fr-CH,CardsWithLinks.tsx,price
/group-holidays,fr-CH,CardsWithLinks.tsx,destinations/search
/Ferienarten,de-CH,PersistentInfoBanner.tsx,n_a
/Ferienarten,de-CH,SearchPod.tsx,destinations/search
/Ferienarten,de-CH,SearchPod.tsx,tracking/user-search
/Ferienarten,de-CH,HolidayTypes.tsx,n_a
/Ferienarten,de-CH,ConfidenceModuleTransformer.tsx,n_a
/all-inclusive-ferien,de-CH,PromoMerchBanner.tsx,n_a
/all-inclusive-ferien,de-CH,CardsWithLinks.tsx,price
/all-inclusive-ferien,de-CH,CardsWithLinks.tsx,destinations/search
/all-inclusive-ferien,de-CH,TextBlock.tsx,n_a
/all-inclusive-ferien,de-CH,QuestionAndAnswer.tsx,help-centre/faq/save
/all-inclusive-ferien,de-CH,GenericRecommendedHotels.tsx,search/recommended
/all-inclusive-ferien,de-CH,DealsDestinations.tsx,requested-price
/all-inclusive-ferien,de-CH,IntroBlock.tsx,n_a
/all-inclusive-ferien,de-CH,InformationTiles.tsx,n_a
/all-inclusive-ferien,de-CH,SearchPod.tsx,destinations/search
/all-inclusive-ferien,de-CH,SearchPod.tsx,tracking/user-search
/all-inclusive-ferien,de-CH,PersistentInfoBanner.tsx,n_a
/ferien-angebote,de-CH,TextBlock.tsx,n_a
/ferien-angebote,de-CH,ConfidenceModuleTransformer.tsx,n_a
/ferien-angebote,de-CH,DealsDestinations.tsx,requested-price
/ferien-angebote,de-CH,HolidaysUnder.tsx,n_a
/ferien-angebote,de-CH,DealsPromoTiles.tsx,requested-price
/ferien-angebote,de-CH,FullWidthBanner.tsx,n_a
/ferien-angebote,de-CH,PromoMerchBanner.tsx,n_a
/ferien-angebote,de-CH,SearchPod.tsx,destinations/search
/ferien-angebote,de-CH,SearchPod.tsx,tracking/user-search
/ferien-angebote,de-CH,PersistentInfoBanner.tsx,n_a
/badeferien,de-CH,CardsWithLinks.tsx,price
/badeferien,de-CH,CardsWithLinks.tsx,destinations/search
/badeferien,de-CH,GenericRecommendedHotels.tsx,search/recommended
/badeferien,de-CH,TextBlock.tsx,n_a
/badeferien,de-CH,QuestionAndAnswer.tsx,help-centre/faq/save
/badeferien,de-CH,PromoBlocks.tsx,availability/from
/badeferien,de-CH,PromoBlocks.tsx,price
/badeferien,de-CH,PromoBlocks.tsx,destinations/search
/badeferien,de-CH,AnimationTiles.tsx,n_a
/badeferien,de-CH,DealsDestinations.tsx,requested-price
/badeferien,de-CH,PromoMerchBanner.tsx,n_a
/badeferien,de-CH,SearchPod.tsx,destinations/search
/badeferien,de-CH,SearchPod.tsx,tracking/user-search
/badeferien,de-CH,PersistentInfoBanner.tsx,n_a
/familienferien,de-CH,CardsWithLinks.tsx,price
/familienferien,de-CH,CardsWithLinks.tsx,destinations/search
/familienferien,de-CH,TextBlock.tsx,n_a
/familienferien,de-CH,QuestionAndAnswer.tsx,help-centre/faq/save
/familienferien,de-CH,FullWidthBanner.tsx,n_a
/familienferien,de-CH,GenericRecommendedHotels.tsx,search/recommended
/familienferien,de-CH,DealsDestinations.tsx,requested-price
/familienferien,de-CH,PromoMerchBanner.tsx,n_a
/familienferien,de-CH,IntroBlock.tsx,n_a
/familienferien,de-CH,InformationTiles.tsx,n_a
/familienferien,de-CH,SearchPod.tsx,destinations/search
/familienferien,de-CH,SearchPod.tsx,tracking/user-search
/familienferien,de-CH,PersistentInfoBanner.tsx,n_a
/staedtereisen,de-CH,CardsWithLinks.tsx,price
/staedtereisen,de-CH,CardsWithLinks.tsx,destinations/search
/staedtereisen,de-CH,TextBlock.tsx,n_a
/staedtereisen,de-CH,QuestionAndAnswer.tsx,help-centre/faq/save
/staedtereisen,de-CH,PromoBlocks.tsx,availability/from
/staedtereisen,de-CH,PromoBlocks.tsx,price
/staedtereisen,de-CH,PromoBlocks.tsx,destinations/search
/staedtereisen,de-CH,AnimationTiles.tsx,n_a
/staedtereisen,de-CH,GenericRecommendedHotels.tsx,search/recommended
/staedtereisen,de-CH,DealsDestinations.tsx,requested-price
/staedtereisen,de-CH,PromoMerchBanner.tsx,n_a
/staedtereisen,de-CH,SearchPod.tsx,destinations/search
/staedtereisen,de-CH,SearchPod.tsx,tracking/user-search
/staedtereisen,de-CH,PersistentInfoBanner.tsx,n_a
/last-minute-ferien,de-CH,PersistentInfoBanner.tsx,n_a
/last-minute-ferien,de-CH,SearchPod.tsx,destinations/search
/last-minute-ferien,de-CH,SearchPod.tsx,tracking/user-search
/last-minute-ferien,de-CH,PromoMerchBanner.tsx,n_a
/last-minute-ferien,de-CH,IntroBlock.tsx,n_a
/last-minute-ferien,de-CH,TextBlock.tsx,n_a
/last-minute-ferien,de-CH,InformationTiles.tsx,n_a
/last-minute-ferien,de-CH,DealsDestinations.tsx,requested-price
/last-minute-ferien,de-CH,QuestionAndAnswer.tsx,help-centre/faq/save
/last-minute-ferien,de-CH,CardsWithLinks.tsx,price
/last-minute-ferien,de-CH,CardsWithLinks.tsx,destinations/search
/flitterwochen-ferien,de-CH,PersistentInfoBanner.tsx,n_a
/flitterwochen-ferien,de-CH,SearchPod.tsx,destinations/search
/flitterwochen-ferien,de-CH,SearchPod.tsx,tracking/user-search
/flitterwochen-ferien,de-CH,PromoMerchBanner.tsx,n_a
/flitterwochen-ferien,de-CH,IntroBlock.tsx,n_a
/flitterwochen-ferien,de-CH,TextBlock.tsx,n_a
/flitterwochen-ferien,de-CH,InformationTiles.tsx,n_a
/flitterwochen-ferien,de-CH,DealsDestinations.tsx,requested-price
/flitterwochen-ferien,de-CH,PromoBlocks.tsx,availability/from
/flitterwochen-ferien,de-CH,PromoBlocks.tsx,price
/flitterwochen-ferien,de-CH,PromoBlocks.tsx,destinations/search
/flitterwochen-ferien,de-CH,QuestionAndAnswer.tsx,help-centre/faq/save
/flitterwochen-ferien,de-CH,CardsWithLinks.tsx,price
/flitterwochen-ferien,de-CH,CardsWithLinks.tsx,destinations/search
/group-holidays,de-CH,TextBlock.tsx,n_a
/group-holidays,de-CH,PersistentInfoBanner.tsx,n_a
/group-holidays,de-CH,IntroBlock.tsx,n_a
/group-holidays,de-CH,PromoBlocks.tsx,availability/from
/group-holidays,de-CH,PromoBlocks.tsx,price
/group-holidays,de-CH,PromoBlocks.tsx,destinations/search
/group-holidays,de-CH,DealsDestinations.tsx,requested-price
/group-holidays,de-CH,FullWidthBanner.tsx,n_a
/group-holidays,de-CH,GenericRecommendedHotels.tsx,search/recommended
/group-holidays,de-CH,QuestionAndAnswer.tsx,help-centre/faq/save
/group-holidays,de-CH,CardsWithLinks.tsx,price
/group-holidays,de-CH,CardsWithLinks.tsx,destinations/search
/Types-de-vacances,fr-FR,PersistentInfoBanner.tsx,n_a
/Types-de-vacances,fr-FR,TextBlock.tsx,n_a
/Types-de-vacances,fr-FR,HolidayTypes.tsx,n_a
/vacances-all-inclusive,fr-FR,GenericRecommendedHotels.tsx,search/recommended
/vacances-all-inclusive,fr-FR,DealsDestinations.tsx,requested-price
/vacances-all-inclusive,fr-FR,IntroBlock.tsx,n_a
/vacances-all-inclusive,fr-FR,TextBlock.tsx,n_a
/vacances-all-inclusive,fr-FR,InformationTiles.tsx,n_a
/vacances-all-inclusive,fr-FR,PromoMerchBanner.tsx,n_a
/vacances-all-inclusive,fr-FR,SearchPod.tsx,destinations/search
/vacances-all-inclusive,fr-FR,SearchPod.tsx,tracking/user-search
/vacances-all-inclusive,fr-FR,PersistentInfoBanner.tsx,n_a
/vacances-all-inclusive,fr-FR,CardsWithLinks.tsx,price
/vacances-all-inclusive,fr-FR,CardsWithLinks.tsx,destinations/search
/vacances-all-inclusive,fr-FR,QuestionAndAnswer.tsx,help-centre/faq/save
/offres-de-vacances,fr-FR,FullWidthBanner.tsx,n_a
/offres-de-vacances,fr-FR,DealsPromoTiles.tsx,requested-price
/offres-de-vacances,fr-FR,PromoMerchBanner.tsx,n_a
/offres-de-vacances,fr-FR,TextBlock.tsx,n_a
/offres-de-vacances,fr-FR,SearchPod.tsx,destinations/search
/offres-de-vacances,fr-FR,SearchPod.tsx,tracking/user-search
/offres-de-vacances,fr-FR,PersistentInfoBanner.tsx,n_a
/offres-de-vacances,fr-FR,HolidaysUnder.tsx,n_a
/offres-de-vacances,fr-FR,DealsDestinations.tsx,requested-price
/offres-de-vacances,fr-FR,ConfidenceModuleTransformer.tsx,n_a
/offres-de-vacances,fr-FR,GenericRecommendedHotels.tsx,search/recommended
/vacances-plage,fr-FR,CardsWithLinks.tsx,price
/vacances-plage,fr-FR,CardsWithLinks.tsx,destinations/search
/vacances-plage,fr-FR,TextBlock.tsx,n_a
/vacances-plage,fr-FR,QuestionAndAnswer.tsx,help-centre/faq/save
/vacances-plage,fr-FR,PromoBlocks.tsx,availability/from
/vacances-plage,fr-FR,PromoBlocks.tsx,price
/vacances-plage,fr-FR,PromoBlocks.tsx,destinations/search
/vacances-plage,fr-FR,AnimationTiles.tsx,n_a
/vacances-plage,fr-FR,DealsDestinations.tsx,requested-price
/vacances-plage,fr-FR,PromoMerchBanner.tsx,n_a
/vacances-plage,fr-FR,SearchPod.tsx,destinations/search
/vacances-plage,fr-FR,SearchPod.tsx,tracking/user-search
/vacances-plage,fr-FR,PersistentInfoBanner.tsx,n_a
/vacances-en-famille,fr-FR,CardsWithLinks.tsx,price
/vacances-en-famille,fr-FR,CardsWithLinks.tsx,destinations/search
/vacances-en-famille,fr-FR,TextBlock.tsx,n_a
/vacances-en-famille,fr-FR,QuestionAndAnswer.tsx,help-centre/faq/save
/vacances-en-famille,fr-FR,FullWidthBanner.tsx,n_a
/vacances-en-famille,fr-FR,DealsDestinations.tsx,requested-price
/vacances-en-famille,fr-FR,PromoMerchBanner.tsx,n_a
/vacances-en-famille,fr-FR,IntroBlock.tsx,n_a
/vacances-en-famille,fr-FR,InformationTiles.tsx,n_a
/vacances-en-famille,fr-FR,SearchPod.tsx,destinations/search
/vacances-en-famille,fr-FR,SearchPod.tsx,tracking/user-search
/vacances-en-famille,fr-FR,PersistentInfoBanner.tsx,n_a
/vacances-en-ville,fr-FR,CardsWithLinks.tsx,price
/vacances-en-ville,fr-FR,CardsWithLinks.tsx,destinations/search
/vacances-en-ville,fr-FR,TextBlock.tsx,n_a
/vacances-en-ville,fr-FR,QuestionAndAnswer.tsx,help-centre/faq/save
/vacances-en-ville,fr-FR,PromoBlocks.tsx,availability/from
/vacances-en-ville,fr-FR,PromoBlocks.tsx,price
/vacances-en-ville,fr-FR,PromoBlocks.tsx,destinations/search
/vacances-en-ville,fr-FR,AnimationTiles.tsx,n_a
/vacances-en-ville,fr-FR,DealsDestinations.tsx,requested-price
/vacances-en-ville,fr-FR,PromoMerchBanner.tsx,n_a
/vacances-en-ville,fr-FR,SearchPod.tsx,destinations/search
/vacances-en-ville,fr-FR,SearchPod.tsx,tracking/user-search
/vacances-en-ville,fr-FR,PersistentInfoBanner.tsx,n_a
/vacances-derniere-minute,fr-FR,PersistentInfoBanner.tsx,n_a
/vacances-derniere-minute,fr-FR,SearchPod.tsx,destinations/search
/vacances-derniere-minute,fr-FR,SearchPod.tsx,tracking/user-search
/vacances-derniere-minute,fr-FR,PromoMerchBanner.tsx,n_a
/vacances-derniere-minute,fr-FR,TextBlock.tsx,n_a
/vacances-derniere-minute,fr-FR,InformationTiles.tsx,n_a
/vacances-derniere-minute,fr-FR,DealsDestinations.tsx,requested-price
/vacances-derniere-minute,fr-FR,QuestionAndAnswer.tsx,help-centre/faq/save
/vacances-derniere-minute,fr-FR,CardsWithLinks.tsx,price
/vacances-derniere-minute,fr-FR,CardsWithLinks.tsx,destinations/search
/lunes-de-miel,fr-FR,PersistentInfoBanner.tsx,n_a
/lunes-de-miel,fr-FR,SearchPod.tsx,destinations/search
/lunes-de-miel,fr-FR,SearchPod.tsx,tracking/user-search
/lunes-de-miel,fr-FR,PromoMerchBanner.tsx,n_a
/lunes-de-miel,fr-FR,IntroBlock.tsx,n_a
/lunes-de-miel,fr-FR,TextBlock.tsx,n_a
/lunes-de-miel,fr-FR,InformationTiles.tsx,n_a
/lunes-de-miel,fr-FR,DealsDestinations.tsx,requested-price
/lunes-de-miel,fr-FR,PromoBlocks.tsx,availability/from
/lunes-de-miel,fr-FR,PromoBlocks.tsx,price
/lunes-de-miel,fr-FR,PromoBlocks.tsx,destinations/search
/lunes-de-miel,fr-FR,QuestionAndAnswer.tsx,help-centre/faq/save
/lunes-de-miel,fr-FR,CardsWithLinks.tsx,price
/lunes-de-miel,fr-FR,CardsWithLinks.tsx,destinations/search
/group-holidays,fr-FR,TextBlock.tsx,n_a
/group-holidays,fr-FR,PersistentInfoBanner.tsx,n_a
/group-holidays,fr-FR,IntroBlock.tsx,n_a
/group-holidays,fr-FR,PromoBlocks.tsx,availability/from
/group-holidays,fr-FR,PromoBlocks.tsx,price
/group-holidays,fr-FR,PromoBlocks.tsx,destinations/search
/group-holidays,fr-FR,DealsDestinations.tsx,requested-price
/group-holidays,fr-FR,FullWidthBanner.tsx,n_a
/group-holidays,fr-FR,GenericRecommendedHotels.tsx,search/recommended
/group-holidays,fr-FR,QuestionAndAnswer.tsx,help-centre/faq/save
/group-holidays,fr-FR,CardsWithLinks.tsx,price
/group-holidays,fr-FR,CardsWithLinks.tsx,destinations/search
/urlaubsarten,de-DE,PersistentInfoBanner.tsx,n_a
/urlaubsarten,de-DE,TextBlock.tsx,n_a
/urlaubsarten,de-DE,HolidayTypes.tsx,n_a
/all-inclusive-urlaub,de-DE,PersistentInfoBanner.tsx,n_a
/all-inclusive-urlaub,de-DE,SearchPod.tsx,destinations/search
/all-inclusive-urlaub,de-DE,SearchPod.tsx,tracking/user-search
/all-inclusive-urlaub,de-DE,PromoMerchBanner.tsx,n_a
/all-inclusive-urlaub,de-DE,IntroBlock.tsx,n_a
/all-inclusive-urlaub,de-DE,TextBlock.tsx,n_a
/all-inclusive-urlaub,de-DE,InformationTiles.tsx,n_a
/all-inclusive-urlaub,de-DE,DealsDestinations.tsx,requested-price
/all-inclusive-urlaub,de-DE,GenericRecommendedHotels.tsx,search/recommended
/all-inclusive-urlaub,de-DE,QuestionAndAnswer.tsx,help-centre/faq/save
/all-inclusive-urlaub,de-DE,CardsWithLinks.tsx,price
/all-inclusive-urlaub,de-DE,CardsWithLinks.tsx,destinations/search
/urlaubsangebote,de-DE,PersistentInfoBanner.tsx,n_a
/urlaubsangebote,de-DE,SearchPod.tsx,destinations/search
/urlaubsangebote,de-DE,SearchPod.tsx,tracking/user-search
/urlaubsangebote,de-DE,TextBlock.tsx,n_a
/urlaubsangebote,de-DE,PromoMerchBanner.tsx,n_a
/urlaubsangebote,de-DE,DealsPromoTiles.tsx,requested-price
/urlaubsangebote,de-DE,FullWidthBanner.tsx,n_a
/urlaubsangebote,de-DE,HolidaysUnder.tsx,n_a
/urlaubsangebote,de-DE,DealsDestinations.tsx,requested-price
/urlaubsangebote,de-DE,ConfidenceModuleTransformer.tsx,n_a
/strandurlaub,de-DE,TextBlock.tsx,n_a
/strandurlaub,de-DE,AnimationTiles.tsx,n_a
/strandurlaub,de-DE,PromoBlocks.tsx,availability/from
/strandurlaub,de-DE,PromoBlocks.tsx,price
/strandurlaub,de-DE,PromoBlocks.tsx,destinations/search
/strandurlaub,de-DE,PromoMerchBanner.tsx,n_a
/strandurlaub,de-DE,DealsDestinations.tsx,requested-price
/strandurlaub,de-DE,SearchPod.tsx,destinations/search
/strandurlaub,de-DE,SearchPod.tsx,tracking/user-search
/strandurlaub,de-DE,PersistentInfoBanner.tsx,n_a
/strandurlaub,de-DE,QuestionAndAnswer.tsx,help-centre/faq/save
/strandurlaub,de-DE,CardsWithLinks.tsx,price
/strandurlaub,de-DE,CardsWithLinks.tsx,destinations/search
/familienurlaub,de-DE,SearchPod.tsx,destinations/search
/familienurlaub,de-DE,SearchPod.tsx,tracking/user-search
/familienurlaub,de-DE,PersistentInfoBanner.tsx,n_a
/familienurlaub,de-DE,CardsWithLinks.tsx,price
/familienurlaub,de-DE,CardsWithLinks.tsx,destinations/search
/familienurlaub,de-DE,PromoMerchBanner.tsx,n_a
/familienurlaub,de-DE,IntroBlock.tsx,n_a
/familienurlaub,de-DE,TextBlock.tsx,n_a
/familienurlaub,de-DE,InformationTiles.tsx,n_a
/familienurlaub,de-DE,DealsDestinations.tsx,requested-price
/familienurlaub,de-DE,FullWidthBanner.tsx,n_a
/familienurlaub,de-DE,QuestionAndAnswer.tsx,help-centre/faq/save
/staedtereisen,de-DE,TextBlock.tsx,n_a
/staedtereisen,de-DE,QuestionAndAnswer.tsx,help-centre/faq/save
/staedtereisen,de-DE,PromoBlocks.tsx,availability/from
/staedtereisen,de-DE,PromoBlocks.tsx,price
/staedtereisen,de-DE,PromoBlocks.tsx,destinations/search
/staedtereisen,de-DE,AnimationTiles.tsx,n_a
/staedtereisen,de-DE,GenericRecommendedHotels.tsx,search/recommended
/staedtereisen,de-DE,DealsDestinations.tsx,requested-price
/staedtereisen,de-DE,PromoMerchBanner.tsx,n_a
/staedtereisen,de-DE,SearchPod.tsx,destinations/search
/staedtereisen,de-DE,SearchPod.tsx,tracking/user-search
/staedtereisen,de-DE,PersistentInfoBanner.tsx,n_a
/staedtereisen,de-DE,CardsWithLinks.tsx,price
/staedtereisen,de-DE,CardsWithLinks.tsx,destinations/search
/last-minute-urlaub,de-DE,PersistentInfoBanner.tsx,n_a
/last-minute-urlaub,de-DE,SearchPod.tsx,destinations/search
/last-minute-urlaub,de-DE,SearchPod.tsx,tracking/user-search
/last-minute-urlaub,de-DE,PromoMerchBanner.tsx,n_a
/last-minute-urlaub,de-DE,IntroBlock.tsx,n_a
/last-minute-urlaub,de-DE,TextBlock.tsx,n_a
/last-minute-urlaub,de-DE,InformationTiles.tsx,n_a
/last-minute-urlaub,de-DE,DealsDestinations.tsx,requested-price
/last-minute-urlaub,de-DE,QuestionAndAnswer.tsx,help-centre/faq/save
/last-minute-urlaub,de-DE,CardsWithLinks.tsx,price
/last-minute-urlaub,de-DE,CardsWithLinks.tsx,destinations/search
/flitterwochen-urlaub,de-DE,PersistentInfoBanner.tsx,n_a
/flitterwochen-urlaub,de-DE,SearchPod.tsx,destinations/search
/flitterwochen-urlaub,de-DE,SearchPod.tsx,tracking/user-search
/flitterwochen-urlaub,de-DE,PromoMerchBanner.tsx,n_a
/flitterwochen-urlaub,de-DE,IntroBlock.tsx,n_a
/flitterwochen-urlaub,de-DE,TextBlock.tsx,n_a
/flitterwochen-urlaub,de-DE,InformationTiles.tsx,n_a
/flitterwochen-urlaub,de-DE,DealsDestinations.tsx,requested-price
/flitterwochen-urlaub,de-DE,PromoBlocks.tsx,availability/from
/flitterwochen-urlaub,de-DE,PromoBlocks.tsx,price
/flitterwochen-urlaub,de-DE,PromoBlocks.tsx,destinations/search
/flitterwochen-urlaub,de-DE,QuestionAndAnswer.tsx,help-centre/faq/save
/flitterwochen-urlaub,de-DE,CardsWithLinks.tsx,price
/flitterwochen-urlaub,de-DE,CardsWithLinks.tsx,destinations/search
/group-holidays,de-DE,TextBlock.tsx,n_a
/group-holidays,de-DE,PersistentInfoBanner.tsx,n_a
/group-holidays,de-DE,IntroBlock.tsx,n_a
/group-holidays,de-DE,PromoBlocks.tsx,availability/from
/group-holidays,de-DE,PromoBlocks.tsx,price
/group-holidays,de-DE,PromoBlocks.tsx,destinations/search
/group-holidays,de-DE,DealsDestinations.tsx,requested-price
/group-holidays,de-DE,FullWidthBanner.tsx,n_a
/group-holidays,de-DE,GenericRecommendedHotels.tsx,search/recommended
/group-holidays,de-DE,QuestionAndAnswer.tsx,help-centre/faq/save
/group-holidays,de-DE,CardsWithLinks.tsx,price
/group-holidays,de-DE,CardsWithLinks.tsx,destinations/search
/login,en,PersistentInfoBanner.tsx,n_a
/login,en,MerchandisingAlertBanner.tsx,n_a
/login,fr-CH,PersistentInfoBanner.tsx,n_a
/login,de-CH,PersistentInfoBanner.tsx,n_a
/login,fr-FR,PersistentInfoBanner.tsx,n_a
/login,de-DE,PersistentInfoBanner.tsx,n_a
/marketing-research-unsubscribe,en,MarketingResearchUnsubscribe.tsx,n_a
/marketing-research-unsubscribe,fr-CH,MarketingResearchUnsubscribe.tsx,n_a
/marketing-research-unsubscribe,de-CH,MarketingResearchUnsubscribe.tsx,n_a
/marketing-research-unsubscribe,fr-FR,MarketingResearchUnsubscribe.tsx,n_a
/marketing-research-unsubscribe,de-DE,MarketingResearchUnsubscribe.tsx,n_a
/media-centre,en,PersistentInfoBanner.tsx,n_a
/media-centre,en,TextBlock.tsx,n_a
/media-centre,en,LatestNews.tsx,n_a
/media-centre,en,TopicTiles.tsx,n_a
/media-centre/press-releases,en,MediaCenterFilters.tsx,n_a
/media-centre/press-releases/100-off-egypt-breaks,en,PersistentInfoBanner.tsx,n_a
/media-centre/press-releases/100-off-egypt-breaks,en,ArticleBlock.tsx,n_a
/media-centre/press-releases/100-off-egypt-breaks,en,MediaCarousel.tsx,n_a
/media-centre/press-releases/animal-welfare,en,PersistentInfoBanner.tsx,n_a
/media-centre/press-releases/animal-welfare,en,ArticleBlock.tsx,n_a
/media-centre/press-releases/april-fools,en,PersistentInfoBanner.tsx,n_a
/media-centre/press-releases/april-fools,en,ArticleBlock.tsx,n_a
/media-centre/press-releases/british-women-looking-to-leap-into-love-this-february-29th,en,PersistentInfoBanner.tsx,n_a
/media-centre/press-releases/british-women-looking-to-leap-into-love-this-february-29th,en,ArticleBlock.tsx,n_a
/media-centre/press-releases/corsica-and-sitges,en,PersistentInfoBanner.tsx,n_a
/media-centre/press-releases/corsica-and-sitges,en,ArticleBlock.tsx,n_a
/media-centre/press-releases/easyjet-holidays-big-orange-sale-has-landed-offering-up-to-200-off,en,PersistentInfoBanner.tsx,n_a
/media-centre/press-releases/easyjet-holidays-big-orange-sale-has-landed-offering-up-to-200-off,en,ArticleBlock.tsx,n_a
/media-centre/press-releases/summer-24-kick-off,en,PersistentInfoBanner.tsx,n_a
/media-centre/press-releases/summer-24-kick-off,en,ArticleBlock.tsx,n_a
/media-centre/press-releases/40-off-one-million-seats-and-up-to-300-off-holidays,en,PersistentInfoBanner.tsx,n_a
/media-centre/press-releases/40-off-one-million-seats-and-up-to-300-off-holidays,en,ArticleBlock.tsx,n_a
/media-centre/press-releases/40-off-one-million-seats-and-up-to-300-off-holidays,en,MediaCarousel.tsx,n_a
/media-centre/press-releases/akureyri-launch,en,PersistentInfoBanner.tsx,n_a
/media-centre/press-releases/akureyri-launch,en,ArticleBlock.tsx,n_a
/media-centre/press-releases/banish-the-january-blues,en,PersistentInfoBanner.tsx,n_a
/media-centre/press-releases/banish-the-january-blues,en,ArticleBlock.tsx,n_a
/media-centre/press-releases/banish-the-january-blues,en,MediaCarousel.tsx,n_a
/media-centre/press-releases/bhx-on-sale,en,PersistentInfoBanner.tsx,n_a
/media-centre/press-releases/bhx-on-sale,en,ArticleBlock.tsx,n_a
/media-centre/press-releases/biggest-ever-big-orange-sale,en,PersistentInfoBanner.tsx,n_a
/media-centre/press-releases/biggest-ever-big-orange-sale,en,ArticleBlock.tsx,n_a
/media-centre/press-releases/blue-monday,en,PersistentInfoBanner.tsx,n_a
/media-centre/press-releases/blue-monday,en,ArticleBlock.tsx,n_a
/media-centre/press-releases/boost-for-summer-2021-holidays,en,PersistentInfoBanner.tsx,n_a
/media-centre/press-releases/boost-for-summer-2021-holidays,en,ArticleBlock.tsx,n_a
/media-centre/press-releases/brits-prefer-a-matecation-to-holidaying-with-family-and-partners,en,PersistentInfoBanner.tsx,n_a
/media-centre/press-releases/brits-prefer-a-matecation-to-holidaying-with-family-and-partners,en,ArticleBlock.tsx,n_a
/media-centre/press-releases/buckingsand-palace,en,PersistentInfoBanner.tsx,n_a
/media-centre/press-releases/buckingsand-palace,en,ArticleBlock.tsx,n_a
/media-centre/press-releases/christmas-beachwear,en,PersistentInfoBanner.tsx,n_a
/media-centre/press-releases/christmas-beachwear,en,ArticleBlock.tsx,n_a
/media-centre/press-releases/christmas-comes-early-as-easyjet-and-easyjet-holidays-launch-the-big-orange-sale,en,PersistentInfoBanner.tsx,n_a
/media-centre/press-releases/christmas-comes-early-as-easyjet-and-easyjet-holidays-launch-the-big-orange-sale,en,ArticleBlock.tsx,n_a
/media-centre/press-releases/christmas-comes-early-with-flights-and-holidays-sales,en,PersistentInfoBanner.tsx,n_a
/media-centre/press-releases/christmas-comes-early-with-flights-and-holidays-sales,en,ArticleBlock.tsx,n_a
/media-centre/press-releases/christmas-comes-early-with-flights-and-holidays-sales,en,MediaCarousel.tsx,n_a
/media-centre/press-releases/dads-club,en,PersistentInfoBanner.tsx,n_a
/media-centre/press-releases/dads-club,en,ArticleBlock.tsx,n_a
/media-centre/press-releases/early-launch-of-greece,en,PersistentInfoBanner.tsx,n_a
/media-centre/press-releases/early-launch-of-greece,en,ArticleBlock.tsx,n_a
/media-centre/press-releases/easyjet-and-easyjet-holidays-launch-black-friday-sales,en,PersistentInfoBanner.tsx,n_a
/media-centre/press-releases/easyjet-and-easyjet-holidays-launch-black-friday-sales,en,ArticleBlock.tsx,n_a
/media-centre/press-releases/easyjet-and-easyjet-holidays-launch-week-long-black-friday-sale,en,PersistentInfoBanner.tsx,n_a
/media-centre/press-releases/easyjet-and-easyjet-holidays-launch-week-long-black-friday-sale,en,ArticleBlock.tsx,n_a
/media-centre/press-releases/easyjet-and-easyjet-holidays-reveal-top-travel-trends-for-2023,en,PersistentInfoBanner.tsx,n_a
/media-centre/press-releases/easyjet-and-easyjet-holidays-reveal-top-travel-trends-for-2023,en,ArticleBlock.tsx,n_a
/media-centre/press-releases/easyjet-holidays-adds-even-more-free-child-places-for-summer-2024,en,PersistentInfoBanner.tsx,n_a
/media-centre/press-releases/easyjet-holidays-adds-even-more-free-child-places-for-summer-2024,en,ArticleBlock.tsx,n_a
/media-centre/press-releases/easyjet-holidays-and-university-of-oxford-announce-partnership,en,PersistentInfoBanner.tsx,n_a
/media-centre/press-releases/easyjet-holidays-and-university-of-oxford-announce-partnership,en,ArticleBlock.tsx,n_a
/media-centre/press-releases/easyjet-holidays-awarded-rising-brand-of-the-year-at-travolution-awards,en,PersistentInfoBanner.tsx,n_a
/media-centre/press-releases/easyjet-holidays-awarded-rising-brand-of-the-year-at-travolution-awards,en,ArticleBlock.tsx,n_a
/media-centre/press-releases/easyjet-holidays-becomes-gstc-member,en,PersistentInfoBanner.tsx,n_a
/media-centre/press-releases/easyjet-holidays-becomes-gstc-member,en,ArticleBlock.tsx,n_a
/media-centre/press-releases/easyjet-holidays-celebrates-first-birthday-and-launches-black-friday-discount-early,en,PersistentInfoBanner.tsx,n_a
/media-centre/press-releases/easyjet-holidays-celebrates-first-birthday-and-launches-black-friday-discount-early,en,ArticleBlock.tsx,n_a
/media-centre/press-releases/easyjet-holidays-celebrates-first-birthday-and-launches-black-friday-discount-early,en,MediaCarousel.tsx,n_a
/media-centre/press-releases/easyjet-holidays-ceo-urges-uk-government-to-fix-its-quarantine-regime,en,PersistentInfoBanner.tsx,n_a
/media-centre/press-releases/easyjet-holidays-ceo-urges-uk-government-to-fix-its-quarantine-regime,en,ArticleBlock.tsx,n_a
/media-centre/press-releases/easyjet-holidays-ceo-urges-uk-government-to-fix-its-quarantine-regime,en,MediaCarousel.tsx,n_a
/media-centre/press-releases/easyjet-holidays-launched-in-skiathos,en,PersistentInfoBanner.tsx,n_a
/media-centre/press-releases/easyjet-holidays-launched-in-skiathos,en,ArticleBlock.tsx,n_a
/media-centre/press-releases/easyjet-holidays-launches-biggest-ever-peaks-campaign-for-travel-agent-partners,en,PersistentInfoBanner.tsx,n_a
/media-centre/press-releases/easyjet-holidays-launches-biggest-ever-peaks-campaign-for-travel-agent-partners,en,ArticleBlock.tsx,n_a
/media-centre/press-releases/easyjet-holidays-launches-inaugural-sustainability-strategy,en,PersistentInfoBanner.tsx,n_a
/media-centre/press-releases/easyjet-holidays-launches-inaugural-sustainability-strategy,en,ArticleBlock.tsx,n_a
/media-centre/press-releases/easyjet-holidays-launches-new-route,en,PersistentInfoBanner.tsx,n_a
/media-centre/press-releases/easyjet-holidays-launches-new-route,en,ArticleBlock.tsx,n_a
/media-centre/press-releases/easyjet-holidays-launches-orange-friday,en,PersistentInfoBanner.tsx,n_a
/media-centre/press-releases/easyjet-holidays-launches-orange-friday,en,ArticleBlock.tsx,n_a
/media-centre/press-releases/easyjet-holidays-launches-summer-2025-holidays,en,PersistentInfoBanner.tsx,n_a
/media-centre/press-releases/easyjet-holidays-launches-summer-2025-holidays,en,ArticleBlock.tsx,n_a
/media-centre/press-releases/easyjet-holidays-named-winner-in-three-categories-at-2021-travolution-awards,en,PersistentInfoBanner.tsx,n_a
/media-centre/press-releases/easyjet-holidays-named-winner-in-three-categories-at-2021-travolution-awards,en,ArticleBlock.tsx,n_a
/media-centre/press-releases/easyjet-holidays-named-winner-in-three-categories-at-2021-travolution-awards,en,MediaCarousel.tsx,n_a
/media-centre/press-releases/easyjet-holidays-offers-bumper-summer-2023,en,PersistentInfoBanner.tsx,n_a
/media-centre/press-releases/easyjet-holidays-offers-bumper-summer-2023,en,ArticleBlock.tsx,n_a
/media-centre/press-releases/easyjet-holidays-offers-cairo-as-new-destination,en,PersistentInfoBanner.tsx,n_a
/media-centre/press-releases/easyjet-holidays-offers-cairo-as-new-destination,en,ArticleBlock.tsx,n_a
/media-centre/press-releases/easyjet-holidays-reports-record-bookings-on-sunshine-saturday,en,PersistentInfoBanner.tsx,n_a
/media-centre/press-releases/easyjet-holidays-reports-record-bookings-on-sunshine-saturday,en,ArticleBlock.tsx,n_a
/media-centre/press-releases/easyjet-holidays-responds-to-government-travel-announcement,en,PersistentInfoBanner.tsx,n_a
/media-centre/press-releases/easyjet-holidays-responds-to-government-travel-announcement,en,ArticleBlock.tsx,n_a
/media-centre/press-releases/easyjet-holidays-rolls-out-tours-and-activities-in-partnership-with-musement,en,PersistentInfoBanner.tsx,n_a
/media-centre/press-releases/easyjet-holidays-rolls-out-tours-and-activities-in-partnership-with-musement,en,ArticleBlock.tsx,n_a
/media-centre/press-releases/easyjet-holidays-signs-bbc-watchdogs-package-holidays-pledge,en,PersistentInfoBanner.tsx,n_a
/media-centre/press-releases/easyjet-holidays-signs-bbc-watchdogs-package-holidays-pledge,en,ArticleBlock.tsx,n_a
/media-centre/press-releases/easyjet-holidays-signs-up-to-the-future-of-tourism-coalition,en,PersistentInfoBanner.tsx,n_a
/media-centre/press-releases/easyjet-holidays-signs-up-to-the-future-of-tourism-coalition,en,ArticleBlock.tsx,n_a
/media-centre/press-releases/easyjet-holidays-signs-up-to-the-future-of-tourism-coalition,en,MediaCarousel.tsx,n_a
/media-centre/press-releases/easyjet-holidays-to-launch-in-switzerland,en,PersistentInfoBanner.tsx,n_a
/media-centre/press-releases/easyjet-holidays-to-launch-in-switzerland,en,ArticleBlock.tsx,n_a
/media-centre/press-releases/easyjet-holidays-to-make-significant-investment-into-morocco-tourism,en,PersistentInfoBanner.tsx,n_a
/media-centre/press-releases/easyjet-holidays-to-make-significant-investment-into-morocco-tourism,en,ArticleBlock.tsx,n_a
/media-centre/press-releases/easyjet-launches-big-orange-sale,en,PersistentInfoBanner.tsx,n_a
/media-centre/press-releases/easyjet-launches-big-orange-sale,en,ArticleBlock.tsx,n_a
/media-centre/press-releases/grans-go-free,en,PersistentInfoBanner.tsx,n_a
/media-centre/press-releases/grans-go-free,en,ArticleBlock.tsx,n_a
/media-centre/press-releases/easyjet-launches-new-holiday-business,en,PersistentInfoBanner.tsx,n_a
/media-centre/press-releases/easyjet-launches-new-holiday-business,en,ArticleBlock.tsx,n_a
/media-centre/press-releases/easyjet-launches-new-holiday-business,en,MediaCarousel.tsx,n_a
/media-centre/press-releases/escape-the-uk,en,PersistentInfoBanner.tsx,n_a
/media-centre/press-releases/escape-the-uk,en,ArticleBlock.tsx,n_a
/media-centre/press-releases/even-more-holidays-for-summer-2022,en,PersistentInfoBanner.tsx,n_a
/media-centre/press-releases/even-more-holidays-for-summer-2022,en,ArticleBlock.tsx,n_a
/media-centre/press-releases/extra-reassurance-for-customers,en,PersistentInfoBanner.tsx,n_a
/media-centre/press-releases/extra-reassurance-for-customers,en,ArticleBlock.tsx,n_a
/media-centre/press-releases/extra-reassurance-for-customers,en,MediaCarousel.tsx,n_a
/media-centre/press-releases/extra-savings-on-cities-with-easyjet-holidays,en,PersistentInfoBanner.tsx,n_a
/media-centre/press-releases/extra-savings-on-cities-with-easyjet-holidays,en,ArticleBlock.tsx,n_a
/media-centre/press-releases/first-holidays-trialed-on-debut-easyjet-ibiza-flight-ahead-of-summer-re-start,en,PersistentInfoBanner.tsx,n_a
/media-centre/press-releases/first-holidays-trialed-on-debut-easyjet-ibiza-flight-ahead-of-summer-re-start,en,ArticleBlock.tsx,n_a
/media-centre/press-releases/first-holidays-trialed-on-debut-easyjet-ibiza-flight-ahead-of-summer-re-start,en,MediaCarousel.tsx,n_a
/media-centre/press-releases/first-major-tour-operator-to-offset-carbon-emissions-from-its-package-holidays,en,PersistentInfoBanner.tsx,n_a
/media-centre/press-releases/first-major-tour-operator-to-offset-carbon-emissions-from-its-package-holidays,en,ArticleBlock.tsx,n_a
/media-centre/press-releases/first-summer-holiday-customers-take-off-today,en,PersistentInfoBanner.tsx,n_a
/media-centre/press-releases/first-summer-holiday-customers-take-off-today,en,ArticleBlock.tsx,n_a
/media-centre/press-releases/first-summer-holiday-customers-take-off-today,en,MediaCarousel.tsx,n_a
/media-centre/press-releases/four-new-routes-for-summer-2021,en,PersistentInfoBanner.tsx,n_a
/media-centre/press-releases/four-new-routes-for-summer-2021,en,ArticleBlock.tsx,n_a
/media-centre/press-releases/four-new-routes-for-summer-2021,en,MediaCarousel.tsx,n_a
/media-centre/press-releases/france-and-germany-expansion,en,PersistentInfoBanner.tsx,n_a
/media-centre/press-releases/france-and-germany-expansion,en,ArticleBlock.tsx,n_a
/media-centre/press-releases/future-escapes-with-launch-of-new-season,en,PersistentInfoBanner.tsx,n_a
/media-centre/press-releases/future-escapes-with-launch-of-new-season,en,ArticleBlock.tsx,n_a
/media-centre/press-releases/future-escapes-with-launch-of-new-season,en,MediaCarousel.tsx,n_a
/media-centre/press-releases/gen-z-mini-breaks,en,PersistentInfoBanner.tsx,n_a
/media-centre/press-releases/gen-z-mini-breaks,en,ArticleBlock.tsx,n_a
/media-centre/press-releases/get-me-to-the-greek-crete-breaks-re-start-following-government-announcement,en,PersistentInfoBanner.tsx,n_a
/media-centre/press-releases/get-me-to-the-greek-crete-breaks-re-start-following-government-announcement,en,ArticleBlock.tsx,n_a
/media-centre/press-releases/get-me-to-the-greek-crete-breaks-re-start-following-government-announcement,en,MediaCarousel.tsx,n_a
/media-centre/press-releases/getset-promo,en,PersistentInfoBanner.tsx,n_a
/media-centre/press-releases/getset-promo,en,ArticleBlock.tsx,n_a
/media-centre/press-releases/greater-flexibility-for-peak-summer-customers,en,PersistentInfoBanner.tsx,n_a
/media-centre/press-releases/greater-flexibility-for-peak-summer-customers,en,ArticleBlock.tsx,n_a
/media-centre/press-releases/greater-flexibility-for-peak-summer-customers,en,MediaCarousel.tsx,n_a
/media-centre/press-releases/greek-getaways,en,PersistentInfoBanner.tsx,n_a
/media-centre/press-releases/greek-getaways,en,ArticleBlock.tsx,n_a
/media-centre/press-releases/gstc,en,PersistentInfoBanner.tsx,n_a
/media-centre/press-releases/gstc,en,ArticleBlock.tsx,n_a
/media-centre/press-releases/gstc-sustainable-tourism-course,en,PersistentInfoBanner.tsx,n_a
/media-centre/press-releases/gstc-sustainable-tourism-course,en,ArticleBlock.tsx,n_a
/media-centre/press-releases/holidays-are-back-easyjet-holidays-celebrates-return-to-faro,en,PersistentInfoBanner.tsx,n_a
/media-centre/press-releases/holidays-are-back-easyjet-holidays-celebrates-return-to-faro,en,ArticleBlock.tsx,n_a
/media-centre/press-releases/holidays-cancelled-up-to-and-including-24-march-2021,en,PersistentInfoBanner.tsx,n_a
/media-centre/press-releases/holidays-cancelled-up-to-and-including-24-march-2021,en,ArticleBlock.tsx,n_a
/media-centre/press-releases/holidays-launch-to-high-street-travel-stores-and-independent-travel-agents,en,PersistentInfoBanner.tsx,n_a
/media-centre/press-releases/holidays-launch-to-high-street-travel-stores-and-independent-travel-agents,en,ArticleBlock.tsx,n_a
/media-centre/press-releases/holidays-launch-to-high-street-travel-stores-and-independent-travel-agents,en,MediaCarousel.tsx,n_a
/media-centre/press-releases/home-beach-kit-waves-away-the-january-blues,en,PersistentInfoBanner.tsx,n_a
/media-centre/press-releases/home-beach-kit-waves-away-the-january-blues,en,ArticleBlock.tsx,n_a
/media-centre/press-releases/ist-launch,en,PersistentInfoBanner.tsx,n_a
/media-centre/press-releases/ist-launch,en,ArticleBlock.tsx,n_a
/media-centre/press-releases/jetflix,en,PersistentInfoBanner.tsx,n_a
/media-centre/press-releases/jetflix,en,ArticleBlock.tsx,n_a
/media-centre/press-releases/journey-to-north-africa,en,PersistentInfoBanner.tsx,n_a
/media-centre/press-releases/journey-to-north-africa,en,ArticleBlock.tsx,n_a
/media-centre/press-releases/journey-to-north-africa,en,MediaCarousel.tsx,n_a
/media-centre/press-releases/last-minute-family-breaks-up-for-grabs-with-easyjet-holidays,en,PersistentInfoBanner.tsx,n_a
/media-centre/press-releases/last-minute-family-breaks-up-for-grabs-with-easyjet-holidays,en,ArticleBlock.tsx,n_a
/media-centre/press-releases/lost-and-found,en,PersistentInfoBanner.tsx,n_a
/media-centre/press-releases/lost-and-found,en,ArticleBlock.tsx,n_a
/media-centre/press-releases/low-cost-breaks-with-easyjet-holidays,en,PersistentInfoBanner.tsx,n_a
/media-centre/press-releases/low-cost-breaks-with-easyjet-holidays,en,ArticleBlock.tsx,n_a
/media-centre/press-releases/more-flights-and-holidays-to-get-away-this-summer,en,PersistentInfoBanner.tsx,n_a
/media-centre/press-releases/more-flights-and-holidays-to-get-away-this-summer,en,ArticleBlock.tsx,n_a
/media-centre/press-releases/more-flights-and-holidays-to-get-away-this-summer,en,MediaCarousel.tsx,n_a
/media-centre/press-releases/new-brand-campaign-and-logo,en,PersistentInfoBanner.tsx,n_a
/media-centre/press-releases/new-brand-campaign-and-logo,en,ArticleBlock.tsx,n_a
/media-centre/press-releases/new-easyjet-holidays-packages-for-summer-2023-and-new-hotels-on-offer,en,PersistentInfoBanner.tsx,n_a
/media-centre/press-releases/new-easyjet-holidays-packages-for-summer-2023-and-new-hotels-on-offer,en,ArticleBlock.tsx,n_a
/media-centre/press-releases/new-holidays-to-the-italian-lakes,en,PersistentInfoBanner.tsx,n_a
/media-centre/press-releases/new-holidays-to-the-italian-lakes,en,ArticleBlock.tsx,n_a
/media-centre/press-releases/new-holidays-to-the-italian-lakes,en,MediaCarousel.tsx,n_a
/media-centre/press-releases/new-launch-into-egypt,en,PersistentInfoBanner.tsx,n_a
/media-centre/press-releases/new-launch-into-egypt,en,ArticleBlock.tsx,n_a
/media-centre/press-releases/new-routes-for-summer-2021,en,PersistentInfoBanner.tsx,n_a
/media-centre/press-releases/new-routes-for-summer-2021,en,ArticleBlock.tsx,n_a
/media-centre/press-releases/new-trade-portal,en,PersistentInfoBanner.tsx,n_a
/media-centre/press-releases/new-trade-portal,en,ArticleBlock.tsx,n_a
/media-centre/press-releases/oneadult-extension,en,PersistentInfoBanner.tsx,n_a
/media-centre/press-releases/oneadult-extension,en,ArticleBlock.tsx,n_a
/media-centre/press-releases/package-holidays-for-2024-now-officially-available-to-easyjet-customers-in-switzerland,en,PersistentInfoBanner.tsx,n_a
/media-centre/press-releases/package-holidays-for-2024-now-officially-available-to-easyjet-customers-in-switzerland,en,ArticleBlock.tsx,n_a
/media-centre/press-releases/potugals-a-go,en,PersistentInfoBanner.tsx,n_a
/media-centre/press-releases/potugals-a-go,en,ArticleBlock.tsx,n_a
/media-centre/press-releases/protection-promise-is-enhanced,en,PersistentInfoBanner.tsx,n_a
/media-centre/press-releases/protection-promise-is-enhanced,en,ArticleBlock.tsx,n_a
/media-centre/press-releases/protection-promise-launches,en,PersistentInfoBanner.tsx,n_a
/media-centre/press-releases/protection-promise-launches,en,ArticleBlock.tsx,n_a
/media-centre/press-releases/protection-promise-launches,en,MediaCarousel.tsx,n_a
/media-centre/press-releases/rediscover-europes-christmas-markets,en,PersistentInfoBanner.tsx,n_a
/media-centre/press-releases/rediscover-europes-christmas-markets,en,ArticleBlock.tsx,n_a
/media-centre/press-releases/rotterdam,en,PersistentInfoBanner.tsx,n_a
/media-centre/press-releases/rotterdam,en,ArticleBlock.tsx,n_a
/media-centre/press-releases/september-sale,en,PersistentInfoBanner.tsx,n_a
/media-centre/press-releases/september-sale,en,ArticleBlock.tsx,n_a
/media-centre/press-releases/soliday,en,PersistentInfoBanner.tsx,n_a
/media-centre/press-releases/soliday,en,ArticleBlock.tsx,n_a
/media-centre/press-releases/solo-parent-offer-launched-as-confidence-in-holidays-grows,en,PersistentInfoBanner.tsx,n_a
/media-centre/press-releases/solo-parent-offer-launched-as-confidence-in-holidays-grows,en,ArticleBlock.tsx,n_a
/media-centre/press-releases/spring-sale-22,en,PersistentInfoBanner.tsx,n_a
/media-centre/press-releases/spring-sale-22,en,ArticleBlock.tsx,n_a
/media-centre/press-releases/start-of-summer-23,en,PersistentInfoBanner.tsx,n_a
/media-centre/press-releases/start-of-summer-23,en,ArticleBlock.tsx,n_a
/media-centre/press-releases/summer-2020-takes-off,en,PersistentInfoBanner.tsx,n_a
/media-centre/press-releases/summer-2020-takes-off,en,ArticleBlock.tsx,n_a
/media-centre/press-releases/summer-2020-takes-off,en,MediaCarousel.tsx,n_a
/media-centre/press-releases/summer-2022-on-sale-now,en,PersistentInfoBanner.tsx,n_a
/media-centre/press-releases/summer-2022-on-sale-now,en,ArticleBlock.tsx,n_a
/media-centre/press-releases/summer-2023-on-sale,en,PersistentInfoBanner.tsx,n_a
/media-centre/press-releases/summer-2023-on-sale,en,ArticleBlock.tsx,n_a
/media-centre/press-releases/summer-2024,en,PersistentInfoBanner.tsx,n_a
/media-centre/press-releases/summer-2024,en,ArticleBlock.tsx,n_a
/media-centre/press-releases/summer-is-back-on,en,PersistentInfoBanner.tsx,n_a
/media-centre/press-releases/summer-is-back-on,en,ArticleBlock.tsx,n_a
/media-centre/press-releases/summer-sun-deals-extended,en,PersistentInfoBanner.tsx,n_a
/media-centre/press-releases/summer-sun-deals-extended,en,ArticleBlock.tsx,n_a
/media-centre/press-releases/sunday-times-best-places-to-work,en,PersistentInfoBanner.tsx,n_a
/media-centre/press-releases/sunday-times-best-places-to-work,en,ArticleBlock.tsx,n_a
/media-centre/press-releases/super-savings-for-spain-with-100-off-2021-breaks,en,PersistentInfoBanner.tsx,n_a
/media-centre/press-releases/super-savings-for-spain-with-100-off-2021-breaks,en,ArticleBlock.tsx,n_a
/media-centre/press-releases/super-savings-for-spain-with-100-off-2021-breaks,en,MediaCarousel.tsx,n_a
/media-centre/press-releases/taking-the-temperature-2021,en,PersistentInfoBanner.tsx,n_a
/media-centre/press-releases/taking-the-temperature-2021,en,ArticleBlock.tsx,n_a
/media-centre/press-releases/thousands-more-free-kids-places-s23,en,PersistentInfoBanner.tsx,n_a
/media-centre/press-releases/thousands-more-free-kids-places-s23,en,ArticleBlock.tsx,n_a
/media-centre/press-releases/tis-the-season-to-book-a-christmas-market-break-with-easyjet-holidays,en,PersistentInfoBanner.tsx,n_a
/media-centre/press-releases/tis-the-season-to-book-a-christmas-market-break-with-easyjet-holidays,en,ArticleBlock.tsx,n_a
/media-centre/press-releases/top-travel-trends-for-2024,en,PersistentInfoBanner.tsx,n_a
/media-centre/press-releases/top-travel-trends-for-2024,en,ArticleBlock.tsx,n_a
/media-centre/press-releases/travel-foundation-and-easyjet-holidays-collaborate-on-destination-stewardship-partnership,en,PersistentInfoBanner.tsx,n_a
/media-centre/press-releases/travel-foundation-and-easyjet-holidays-collaborate-on-destination-stewardship-partnership,en,ArticleBlock.tsx,n_a
/media-centre/press-releases/travelgatex,en,PersistentInfoBanner.tsx,n_a
/media-centre/press-releases/travelgatex,en,ArticleBlock.tsx,n_a
/media-centre/press-releases/tunisia-holidays-on-sale,en,PersistentInfoBanner.tsx,n_a
/media-centre/press-releases/tunisia-holidays-on-sale,en,ArticleBlock.tsx,n_a
/media-centre/press-releases/tunisia-holidays-on-sale,en,MediaCarousel.tsx,n_a
/media-centre/press-releases/turkey-promotion,en,PersistentInfoBanner.tsx,n_a
/media-centre/press-releases/turkey-promotion,en,ArticleBlock.tsx,n_a
/media-centre/press-releases/turkey-promotion,en,MediaCarousel.tsx,n_a
/media-centre/press-releases/unwto,en,PersistentInfoBanner.tsx,n_a
/media-centre/press-releases/unwto,en,ArticleBlock.tsx,n_a
/media-centre/press-releases/up-to-200-off-family-holidays,en,PersistentInfoBanner.tsx,n_a
/media-centre/press-releases/up-to-200-off-family-holidays,en,ArticleBlock.tsx,n_a
/media-centre/press-releases/up-to-200-off-family-holidays,en,MediaCarousel.tsx,n_a
/media-centre/press-releases/w23-launch,en,PersistentInfoBanner.tsx,n_a
/media-centre/press-releases/w23-launch,en,ArticleBlock.tsx,n_a
/media-centre/press-releases/w24-expansion,en,PersistentInfoBanner.tsx,n_a
/media-centre/press-releases/w24-expansion,en,ArticleBlock.tsx,n_a
/media-centre/press-releases/whsmith-partnership-launch,en,PersistentInfoBanner.tsx,n_a
/media-centre/press-releases/whsmith-partnership-launch,en,ArticleBlock.tsx,n_a
/media-centre/press-releases/winnow,en,PersistentInfoBanner.tsx,n_a
/media-centre/press-releases/winnow,en,ArticleBlock.tsx,n_a
/media-centre/press-releases/winter-2021-holidays-launch,en,PersistentInfoBanner.tsx,n_a
/media-centre/press-releases/winter-2021-holidays-launch,en,ArticleBlock.tsx,n_a
/media-centre/press-releases/winter-2021-holidays-launch,en,MediaCarousel.tsx,n_a
/media-centre/press-releases/winter-longstays,en,PersistentInfoBanner.tsx,n_a
/media-centre/press-releases/winter-longstays,en,ArticleBlock.tsx,n_a
/price-promise,en,PersistentInfoBanner.tsx,n_a
/price-promise,en,TextBlock.tsx,n_a
/price-promise,en,PricePromise.tsx,n_a
/price-promise,fr-CH,PersistentInfoBanner.tsx,n_a
/price-promise,fr-CH,TextBlock.tsx,n_a
/price-promise,fr-CH,PricePromise.tsx,n_a
/price-promise,de-CH,PersistentInfoBanner.tsx,n_a
/price-promise,de-CH,TextBlock.tsx,n_a
/price-promise,de-CH,PricePromise.tsx,n_a
/promesse-de-prix,fr-FR,PersistentInfoBanner.tsx,n_a
/promesse-de-prix,fr-FR,TextBlock.tsx,n_a
/promesse-de-prix,fr-FR,PricePromise.tsx,n_a
/preisversprechen,de-DE,PersistentInfoBanner.tsx,n_a
/preisversprechen,de-DE,TextBlock.tsx,n_a
/preisversprechen,de-DE,PricePromise.tsx,n_a
/info/price-guarantee-terms,en,PersistentInfoBanner.tsx,n_a
/info/price-guarantee-terms,en,TextBlock.tsx,n_a
/info/price-guarantee-terms,en,HtmlBlock.tsx,n_a
/info/social-media-competitions,en,SearchPod.tsx,destinations/search
/info/social-media-competitions,en,SearchPod.tsx,tracking/user-search
/info/social-media-competitions,en,PersistentInfoBanner.tsx,n_a
/info/social-media-competitions,en,TextBlock.tsx,n_a
/info/social-media-competitions,en,Accordion.tsx,n_a
/info/social-media-competitions,en,FullWidthBanner.tsx,n_a
/info/insolvency-protection,en,PersistentInfoBanner.tsx,n_a
/info/insolvency-protection,en,HtmlBlock.tsx,n_a
/info/insolvency-protection,en,TextBlock.tsx,n_a
/info/on-holiday-support,en,PersistentInfoBanner.tsx,n_a
/info/on-holiday-support,en,TextBlock.tsx,n_a
/info/on-holiday-support,en,QuestionAndAnswer.tsx,help-centre/faq/save
/info/on-holiday-support-egypt,en,PersistentInfoBanner.tsx,n_a
/info/on-holiday-support-egypt,en,TextBlock.tsx,n_a
/info/on-holiday-support-egypt,en,QuestionAndAnswer.tsx,help-centre/faq/save
/info/tours-activities-greece,en,PersistentInfoBanner.tsx,n_a
/info/tours-activities-greece,en,TextBlock.tsx,n_a
/info/tours-activities-greece,en,OurPolicies.tsx,n_a
/info/tours-activities-spain,en,PersistentInfoBanner.tsx,n_a
/info/tours-activities-spain,en,TextBlock.tsx,n_a
/info/tours-activities-spain,en,OurPolicies.tsx,n_a
/info/tours-activities-turkey,en,PersistentInfoBanner.tsx,n_a
/info/tours-activities-turkey,en,TextBlock.tsx,n_a
/info/tours-activities-turkey,en,OurPolicies.tsx,n_a
/info/trade-booking-conditions,en,PersistentInfoBanner.tsx,n_a
/info/trade-booking-conditions,en,TextBlock.tsx,n_a
/info/trade-booking-conditions,en,FAQ.tsx,help-centre/faq/save
/info/trade-booking-conditions,en,HtmlBlock.tsx,n_a
/info/trade-best-price-guarantee,en,ConfidenceModuleTransformer.tsx,n_a
/info/trade-best-price-guarantee,en,TextBlock.tsx,n_a
/info/trade-best-price-guarantee,en,PricePromise.tsx,n_a
/info/trade-best-price-guarantee,en,PersistentInfoBanner.tsx,n_a
/info/trade-best-price-guarantee,en,HtmlBlock.tsx,n_a
/info/trade-terms-of-use,en,PersistentInfoBanner.tsx,n_a
/info/trade-terms-of-use,en,HtmlBlock.tsx,n_a
/info/trade-terms-of-use,en,TextBlock.tsx,n_a
/info/covid-19-testing,en,TextBlock.tsx,n_a
/info/covid-19-testing,en,FAQ.tsx,help-centre/faq/save
/info/covid-19-testing,en,Accordion.tsx,n_a
/info/covid-19-testing,en,FullWidthBanner.tsx,n_a
/info/covid-19-testing,en,ConfidenceModuleTransformer.tsx,n_a
/info/covid-19-testing,en,HelpLinks.tsx,n_a
/info/covid-19-testing,en,PersistentInfoBanner.tsx,n_a
/info/covid-19-testing,en,HtmlBlock.tsx,n_a
/info/covid-travel-tips,en,PersistentInfoBanner.tsx,n_a
/info/covid-travel-tips,en,HtmlBlock.tsx,n_a
/info/covid-travel-tips,en,TextBlock.tsx,n_a
/info/covid-travel-tips,en,PromoBlocks.tsx,availability/from
/info/covid-travel-tips,en,PromoBlocks.tsx,price
/info/covid-travel-tips,en,PromoBlocks.tsx,destinations/search
/info/covid-travel-tips,en,FullWidthBanner.tsx,n_a
/info/covid-19-response,en,PersistentInfoBanner.tsx,n_a
/info/covid-19-response,en,HtmlBlock.tsx,n_a
/info/covid-19-response,en,TextBlock.tsx,n_a
/info/covid-19-response,en,FullWidthBanner.tsx,n_a
/info/covid-19-response,en,CollapsibleLinksModule.tsx,n_a
/info/covid-19-response,en,HelpLinks.tsx,n_a
/info/covid-19-response,en,MediaVideo.tsx,n_a
/info/trade-group-holidays,en,QuestionAndAnswer.tsx,help-centre/faq/save
/info/trade-group-holidays,en,TextBlock.tsx,n_a
/info/trade-group-holidays,en,PersistentInfoBanner.tsx,n_a
/info/trade-group-holidays,en,PromoBlocks.tsx,availability/from
/info/trade-group-holidays,en,PromoBlocks.tsx,price
/info/trade-group-holidays,en,PromoBlocks.tsx,destinations/search
/info/trade-group-holidays,en,HtmlBlock.tsx,n_a
/info/trade-group-holidays,en,FullWidthBanner.tsx,n_a
/info/trade-rebook-terms,en,PersistentInfoBanner.tsx,n_a
/info/trade-rebook-terms,en,SearchPod.tsx,destinations/search
/info/trade-rebook-terms,en,SearchPod.tsx,tracking/user-search
/info/trade-rebook-terms,en,TextBlock.tsx,n_a
/info/trade-rebook-terms,en,HtmlBlock.tsx,n_a
/info/walkers-and-doritos,en,TextBlock.tsx,n_a
/info/walkers-and-doritos,en,PromoBlocks.tsx,availability/from
/info/walkers-and-doritos,en,PromoBlocks.tsx,price
/info/walkers-and-doritos,en,PromoBlocks.tsx,destinations/search
/info/walkers-and-doritos,en,ConfidenceModuleTransformer.tsx,n_a
/info/walkers-and-doritos,en,HelpLinks.tsx,n_a
/info/walkers-and-doritos,en,PersistentInfoBanner.tsx,n_a
/info/walkers-and-doritos,en,HtmlBlock.tsx,n_a
/info/hellofresh,en,PersistentInfoBanner.tsx,n_a
/info/hellofresh,en,TextBlock.tsx,n_a
/info/hellofresh,en,HtmlBlock.tsx,n_a
/info/customer-safety-and-wellbeing,en,TextBlock.tsx,n_a
/info/customer-safety-and-wellbeing,en,HtmlBlock.tsx,n_a
/info/customer-safety-and-wellbeing,en,PromoBlocks.tsx,availability/from
/info/customer-safety-and-wellbeing,en,PromoBlocks.tsx,price
/info/customer-safety-and-wellbeing,en,PromoBlocks.tsx,destinations/search
/info/customer-safety-and-wellbeing,en,ProtectedBlocks.tsx,n_a
/info/customer-safety-and-wellbeing,en,PersistentInfoBanner.tsx,n_a
/info/customer-safety-and-wellbeing,en,GenericRecommendedHotels.tsx,search/recommended
/info/customer-safety-and-wellbeing/before-you-travel,en,PersistentInfoBanner.tsx,n_a
/info/customer-safety-and-wellbeing/before-you-travel,en,TextBlock.tsx,n_a
/info/customer-safety-and-wellbeing/before-you-travel,en,QuestionAndAnswer.tsx,help-centre/faq/save
/info/customer-safety-and-wellbeing/before-you-travel,en,HtmlBlock.tsx,n_a
/info/customer-safety-and-wellbeing/before-you-travel,en,GenericRecommendedHotels.tsx,search/recommended
/info/customer-safety-and-wellbeing/on-holiday,en,PersistentInfoBanner.tsx,n_a
/info/customer-safety-and-wellbeing/on-holiday,en,TextBlock.tsx,n_a
/info/customer-safety-and-wellbeing/on-holiday,en,QuestionAndAnswer.tsx,help-centre/faq/save
/info/customer-safety-and-wellbeing/on-holiday,en,HtmlBlock.tsx,n_a
/info/customer-safety-and-wellbeing/on-holiday,en,GenericRecommendedHotels.tsx,search/recommended
/info/customer-safety-and-wellbeing/out-and-about,en,PersistentInfoBanner.tsx,n_a
/info/customer-safety-and-wellbeing/out-and-about,en,TextBlock.tsx,n_a
/info/customer-safety-and-wellbeing/out-and-about,en,QuestionAndAnswer.tsx,help-centre/faq/save
/info/customer-safety-and-wellbeing/out-and-about,en,HtmlBlock.tsx,n_a
/info/customer-safety-and-wellbeing/out-and-about,en,GenericRecommendedHotels.tsx,search/recommended
/info/customer-safety-and-wellbeing/food-and-drink,en,PersistentInfoBanner.tsx,n_a
/info/customer-safety-and-wellbeing/food-and-drink,en,TextBlock.tsx,n_a
/info/customer-safety-and-wellbeing/food-and-drink,en,QuestionAndAnswer.tsx,help-centre/faq/save
/info/customer-safety-and-wellbeing/food-and-drink,en,HtmlBlock.tsx,n_a
/info/customer-safety-and-wellbeing/food-and-drink,en,GenericRecommendedHotels.tsx,search/recommended
/info/customer-safety-and-wellbeing/swimming-and-at-the-beach,en,PersistentInfoBanner.tsx,n_a
/info/customer-safety-and-wellbeing/swimming-and-at-the-beach,en,TextBlock.tsx,n_a
/info/customer-safety-and-wellbeing/swimming-and-at-the-beach,en,QuestionAndAnswer.tsx,help-centre/faq/save
/info/customer-safety-and-wellbeing/swimming-and-at-the-beach,en,HtmlBlock.tsx,n_a
/info/customer-safety-and-wellbeing/swimming-and-at-the-beach,en,GenericRecommendedHotels.tsx,search/recommended
/info/customer-safety-and-wellbeing/your-hotel,en,PersistentInfoBanner.tsx,n_a
/info/customer-safety-and-wellbeing/your-hotel,en,TextBlock.tsx,n_a
/info/customer-safety-and-wellbeing/your-hotel,en,QuestionAndAnswer.tsx,help-centre/faq/save
/info/customer-safety-and-wellbeing/your-hotel,en,HtmlBlock.tsx,n_a
/info/customer-safety-and-wellbeing/your-hotel,en,GenericRecommendedHotels.tsx,search/recommended
/info/customer-safety-and-wellbeing/choosing-your-holiday,en,Breadcrumbs.tsx,n_a
/info/customer-safety-and-wellbeing/choosing-your-holiday,en,PersistentInfoBanner.tsx,n_a
/info/customer-safety-and-wellbeing/choosing-your-holiday,en,TextBlock.tsx,n_a
/info/customer-safety-and-wellbeing/choosing-your-holiday,en,HtmlBlock.tsx,n_a
/info/customer-safety-and-wellbeing/choosing-your-holiday,en,QuestionAndAnswer.tsx,help-centre/faq/save
/info/customer-safety-and-wellbeing/choosing-your-holiday,en,GenericRecommendedHotels.tsx,search/recommended
/info/customer-safety-and-wellbeing/at-the-airport,en,PersistentInfoBanner.tsx,n_a
/info/customer-safety-and-wellbeing/at-the-airport,en,TextBlock.tsx,n_a
/info/customer-safety-and-wellbeing/at-the-airport,en,HtmlBlock.tsx,n_a
/info/customer-safety-and-wellbeing/at-the-airport,en,QuestionAndAnswer.tsx,help-centre/faq/save
/info/customer-safety-and-wellbeing/at-the-airport,en,GenericRecommendedHotels.tsx,search/recommended
/info/customer-safety-and-wellbeing/coming-home,en,Breadcrumbs.tsx,n_a
/info/customer-safety-and-wellbeing/coming-home,en,PersistentInfoBanner.tsx,n_a
/info/customer-safety-and-wellbeing/coming-home,en,TextBlock.tsx,n_a
/info/customer-safety-and-wellbeing/coming-home,en,QuestionAndAnswer.tsx,help-centre/faq/save
/info/customer-safety-and-wellbeing/coming-home,en,HtmlBlock.tsx,n_a
/info/customer-safety-and-wellbeing/coming-home,en,GenericRecommendedHotels.tsx,search/recommended
/info/customer-safety-and-wellbeing-addendum,en,PersistentInfoBanner.tsx,n_a
/info/customer-safety-and-wellbeing-addendum,en,TextBlock.tsx,n_a
/info/customer-safety-and-wellbeing-addendum,en,HtmlBlock.tsx,n_a
/info/hospitality-policy,en,PersistentInfoBanner.tsx,n_a
/info/hospitality-policy,en,TextBlock.tsx,n_a
/info/hospitality-policy,en,HtmlBlock.tsx,n_a
/info/holiday-checklist,en,TextBlock.tsx,n_a
/info/holiday-checklist,en,FullWidthBanner.tsx,n_a
/info/holiday-checklist,en,OurPolicies.tsx,n_a
/info/holiday-checklist,en,ConfidenceModuleTransformer.tsx,n_a
/info/holiday-checklist,en,HelpLinks.tsx,n_a
/info/holiday-checklist,en,PersistentInfoBanner.tsx,n_a
/info/protection-promise,en,TextBlock.tsx,n_a
/info/protection-promise,en,OurPolicies.tsx,n_a
/info/protection-promise,en,ProtectedBlocks.tsx,n_a
/info/protection-promise,en,HelpLinks.tsx,n_a
/info/protection-promise,en,PersistentInfoBanner.tsx,n_a
/info/protection-promise,en,HtmlBlock.tsx,n_a
/info/protection-promise,en,GenericRecommendedHotels.tsx,search/recommended
/info/protection-promise,en,Chatbot.tsx,n_a
/info/rebook-terms,en,PersistentInfoBanner.tsx,n_a
/info/rebook-terms,en,SearchPod.tsx,destinations/search
/info/rebook-terms,en,SearchPod.tsx,tracking/user-search
/info/rebook-terms,en,TextBlock.tsx,n_a
/info/rebook-terms,en,HtmlBlock.tsx,n_a
/info/supplier-code-of-conduct,en,PersistentInfoBanner.tsx,n_a
/info/supplier-code-of-conduct,en,TextBlock.tsx,n_a
/info/supplier-code-of-conduct,en,HtmlBlock.tsx,n_a
/info/why-book-with-us,en,CustomersFeedback.tsx,n_a
/info/why-book-with-us,en,PartnershipsAndCertificates.tsx,n_a
/info/why-book-with-us,en,FullWidthBanner.tsx,n_a
/info/why-book-with-us,en,TextBlock.tsx,n_a
/info/why-book-with-us,en,PromoBlocks.tsx,availability/from
/info/why-book-with-us,en,PromoBlocks.tsx,price
/info/why-book-with-us,en,PromoBlocks.tsx,destinations/search
/info/why-book-with-us,en,AnimationTiles.tsx,n_a
/info/why-book-with-us,en,SearchPod.tsx,destinations/search
/info/why-book-with-us,en,SearchPod.tsx,tracking/user-search
/info/return-transfers,en,PersistentInfoBanner.tsx,n_a
/info/return-transfers,en,TextBlock.tsx,n_a
/info/return-transfers,en,QuestionAndAnswer.tsx,help-centre/faq/save
/info/amend-offer-standard-terms,en,SearchPod.tsx,destinations/search
/info/amend-offer-standard-terms,en,SearchPod.tsx,tracking/user-search
/info/amend-offer-standard-terms,en,PersistentInfoBanner.tsx,n_a
/info/amend-offer-standard-terms,en,HtmlBlock.tsx,n_a
/info/amend-offer-standard-terms,en,TextBlock.tsx,n_a
/info/amend-offer-terms,en,SearchPod.tsx,destinations/search
/info/amend-offer-terms,en,SearchPod.tsx,tracking/user-search
/info/amend-offer-terms,en,PersistentInfoBanner.tsx,n_a
/info/amend-offer-terms,en,HtmlBlock.tsx,n_a
/info/amend-offer-terms,en,TextBlock.tsx,n_a
/info/amend-terms,en,SearchPod.tsx,destinations/search
/info/amend-terms,en,SearchPod.tsx,tracking/user-search
/info/amend-terms,en,PersistentInfoBanner.tsx,n_a
/info/amend-terms,en,HtmlBlock.tsx,n_a
/info/amend-terms,en,TextBlock.tsx,n_a
/info/booking-conditions,en,PersistentInfoBanner.tsx,n_a
/info/booking-conditions,en,HtmlBlock.tsx,n_a
/info/booking-conditions,en,PromoBlocks.tsx,availability/from
/info/booking-conditions,en,PromoBlocks.tsx,price
/info/booking-conditions,en,PromoBlocks.tsx,destinations/search
/info/booking-conditions,en,TextBlock.tsx,n_a
/info/booking-conditions,en,FAQ.tsx,help-centre/faq/save
/info/credit-terms,en,PersistentInfoBanner.tsx,n_a
/info/credit-terms,en,HtmlBlock.tsx,n_a
/info/credit-terms,en,TextBlock.tsx,n_a
/info/disruption,en,TextBlock.tsx,n_a
/info/disruption,en,HelpLinks.tsx,n_a
/info/disruption,en,PromoBlocks.tsx,availability/from
/info/disruption,en,PromoBlocks.tsx,price
/info/disruption,en,PromoBlocks.tsx,destinations/search
/info/disruption,en,QuestionAndAnswer.tsx,help-centre/faq/save
/info/disruption,en,Accordion.tsx,n_a
/info/terms-of-use,en,PersistentInfoBanner.tsx,n_a
/info/terms-of-use,en,HtmlBlock.tsx,n_a
/info/terms-of-use,en,TextBlock.tsx,n_a
/info/terms-of-use,en,QuestionAndAnswer.tsx,help-centre/faq/save
/info/destination-travel-information,en,TextBlock.tsx,n_a
/info/destination-travel-information,en,Accordion.tsx,n_a
/info/destination-travel-information,en,QuestionAndAnswer.tsx,help-centre/faq/save
/info/destination-travel-information,en,HelpLinks.tsx,n_a
/info/travel-information,en,HtmlBlock.tsx,n_a
/info/travel-information,en,Chatbot.tsx,n_a
/info/travel-information,en,TravelInsurance.tsx,n_a
/info/travel-information,en,TextBlock.tsx,n_a
/info/travel-information,en,HelpLinks.tsx,n_a
/info/travel-information,en,CollapsibleLinksModule.tsx,n_a
/info/travel-information,en,FullWidthBanner.tsx,n_a
/info/travel-information,en,Accordion.tsx,n_a
/info/travel-information,en,QuestionAndAnswer.tsx,help-centre/faq/save
/info/travel-information,en,ConfidenceModuleTransformer.tsx,n_a
/info/travel-information,en,PersistentInfoBanner.tsx,n_a
/info/travel-information,en,SearchPod.tsx,destinations/search
/info/travel-information,en,SearchPod.tsx,tracking/user-search
/info/modern-slavery-act,en,PersistentInfoBanner.tsx,n_a
/info/modern-slavery-act,en,HtmlBlock.tsx,n_a
/info/modern-slavery-act,en,TextBlock.tsx,n_a
/info/cookie-policy,en,PersistentInfoBanner.tsx,n_a
/info/cookie-policy,en,HtmlBlock.tsx,n_a
/info/cookie-policy,en,TextBlock.tsx,n_a
/info/cookie-policy,en,ManageCookiesPreferences.tsx,n_a
/info/privacy-policy,en,PersistentInfoBanner.tsx,n_a
/info/privacy-policy,en,HtmlBlock.tsx,n_a
/info/privacy-policy,en,TextBlock.tsx,n_a
/info/prospect-privacy-policy,en,PersistentInfoBanner.tsx,n_a
/info/prospect-privacy-policy,en,HtmlBlock.tsx,n_a
/info/prospect-privacy-policy,en,TextBlock.tsx,n_a
/info/prospect-privacy-policy,en,PromoBlocks.tsx,availability/from
/info/prospect-privacy-policy,en,PromoBlocks.tsx,price
/info/prospect-privacy-policy,en,PromoBlocks.tsx,destinations/search
/info/contact-us,en,PersistentInfoBanner.tsx,n_a
/info/contact-us,en,PromoBlocks.tsx,availability/from
/info/contact-us,en,PromoBlocks.tsx,price
/info/contact-us,en,PromoBlocks.tsx,destinations/search
/info/contact-us,en,TextBlock.tsx,n_a
/info/contact-us,en,HtmlBlock.tsx,n_a
/info/contact-us,en,Accordion.tsx,n_a
/free-child-places-2024,en,PersistentInfoBanner.tsx,n_a
/free-child-places-2024,en,PromopageSearchPod.tsx,availability/last-available-date
/free-child-places-2024,en,SearchPodFilters.tsx,n_a
/free-child-places-2024,en,SearchResults.tsx,shortlist/delete
/free-child-places-2024,en,SearchResults.tsx,search/recommended
/free-child-places-2024,en,HolidayWithConfidence.tsx,n_a
/free-child-places-2024,en,TextBlock.tsx,n_a
/free-child-places-2024,en,CustomersFeedback.tsx,n_a
/free-child-places-2024,en,AlternativeBoardsPopup.tsx,n_a
/deals,en,CustomersFeedback.tsx,n_a
/deals,en,ConfidenceModuleTransformer.tsx,n_a
/deals,en,TextBlock.tsx,n_a
/deals,en,FeaturedHotels.tsx,availability/from
/deals,en,FeaturedHotels.tsx,price
/deals,en,FeaturedHotels.tsx,destinations/search
/deals,en,PromoBlocks.tsx,availability/from
/deals,en,PromoBlocks.tsx,price
/deals,en,PromoBlocks.tsx,destinations/search
/deals,en,PartnershipComponent.tsx,price
/deals,en,PartnershipComponent.tsx,destinations/search
/deals,en,PromoMerchBanner.tsx,n_a
/deals,en,HolidaysUnder.tsx,n_a
/deals,en,DealsPromoTiles.tsx,requested-price
/deals,en,FullWidthBanner.tsx,n_a
/deals,en,SearchPod.tsx,destinations/search
/deals,en,SearchPod.tsx,tracking/user-search
/deals,en,PersistentInfoBanner.tsx,n_a
/deals,en,PromopageSearchPod.tsx,availability/last-available-date
/deals,en,SearchPodFilters.tsx,n_a
/deals,en,SearchResults.tsx,shortlist/delete
/deals,en,SearchResults.tsx,search/recommended
/deals,en,HolidayWithConfidence.tsx,n_a
/deals,en,AlternativeBoardsPopup.tsx,n_a
/deals,en,PersistentInfoBanner.tsx,n_a
/deals,en,PromopageSearchPod.tsx,availability/last-available-date
/deals,en,SearchPodFilters.tsx,n_a
/deals,en,SearchResults.tsx,shortlist/delete
/deals,en,SearchResults.tsx,search/recommended
/deals,en,HolidayWithConfidence.tsx,n_a
/deals,en,TextBlock.tsx,n_a
/deals,en,CustomersFeedback.tsx,n_a
/deals,en,AlternativeBoardsPopup.tsx,n_a
/deals,en,CustomersFeedback.tsx,n_a
/deals,en,ConfidenceModuleTransformer.tsx,n_a
/deals,en,TextBlock.tsx,n_a
/deals,en,FeaturedHotels.tsx,availability/from
/deals,en,FeaturedHotels.tsx,price
/deals,en,FeaturedHotels.tsx,destinations/search
/deals,en,PromoBlocks.tsx,availability/from
/deals,en,PromoBlocks.tsx,price
/deals,en,PromoBlocks.tsx,destinations/search
/deals,en,PartnershipComponent.tsx,price
/deals,en,PartnershipComponent.tsx,destinations/search
/deals,en,PromoMerchBanner.tsx,n_a
/deals,en,HolidaysUnder.tsx,n_a
/deals,en,DealsPromoTiles.tsx,requested-price
/deals,en,FullWidthBanner.tsx,n_a
/deals,en,SearchPod.tsx,destinations/search
/deals,en,SearchPod.tsx,tracking/user-search
/deals,en,PersistentInfoBanner.tsx,n_a
/deals,en,PromopageSearchPod.tsx,availability/last-available-date
/deals,en,SearchPodFilters.tsx,n_a
/deals,en,SearchResults.tsx,shortlist/delete
/deals,en,SearchResults.tsx,search/recommended
/deals,en,HolidayWithConfidence.tsx,n_a
/deals,en,AlternativeBoardsPopup.tsx,n_a
/campaigns/holiday-reading-list,en,TextBlock.tsx,n_a
/campaigns/holiday-reading-list,en,Accordion.tsx,n_a
/campaigns/holiday-reading-list,en,PromoBlocks.tsx,availability/from
/campaigns/holiday-reading-list,en,PromoBlocks.tsx,price
/campaigns/holiday-reading-list,en,PromoBlocks.tsx,destinations/search
/campaigns/holiday-reading-list,en,ConfidenceModuleTransformer.tsx,n_a
/campaigns/holiday-reading-list,en,PersistentInfoBanner.tsx,n_a
/campaigns/holiday-reading-list,en,HtmlBlock.tsx,n_a
/campaigns/beach-in-a-box,en,TextBlock.tsx,n_a
/campaigns/beach-in-a-box,en,FullWidthBanner.tsx,n_a
/campaigns/beach-in-a-box,en,PromoBlocks.tsx,availability/from
/campaigns/beach-in-a-box,en,PromoBlocks.tsx,price
/campaigns/beach-in-a-box,en,PromoBlocks.tsx,destinations/search
/campaigns/beach-in-a-box,en,DealsDestinations.tsx,requested-price
/campaigns/beach-in-a-box,en,PersistentInfoBanner.tsx,n_a
/campaigns/christmas-beachwear,en,TextBlock.tsx,n_a
/campaigns/christmas-beachwear,en,FullWidthBanner.tsx,n_a
/campaigns/christmas-beachwear,en,PromoBlocks.tsx,availability/from
/campaigns/christmas-beachwear,en,PromoBlocks.tsx,price
/campaigns/christmas-beachwear,en,PromoBlocks.tsx,destinations/search
/campaigns/christmas-beachwear,en,DealsDestinations.tsx,requested-price
/campaigns/christmas-beachwear,en,ConfidenceModuleTransformer.tsx,n_a
/campaigns/christmas-beachwear,en,PersistentInfoBanner.tsx,n_a
/campaigns/gatwick-next-holiday,en,TextBlock.tsx,n_a
/campaigns/gatwick-next-holiday,en,PromoMerchBanner.tsx,n_a
/campaigns/gatwick-next-holiday,en,DealsDestinations.tsx,requested-price
/campaigns/gatwick-next-holiday,en,PromoBlocks.tsx,availability/from
/campaigns/gatwick-next-holiday,en,PromoBlocks.tsx,price
/campaigns/gatwick-next-holiday,en,PromoBlocks.tsx,destinations/search
/campaigns/gatwick-next-holiday,en,ConfidenceModuleTransformer.tsx,n_a
/campaigns/gatwick-next-holiday,en,PersistentInfoBanner.tsx,n_a
/campaigns/gatwick-next-holiday,en,HtmlBlock.tsx,n_a
/campaigns/family-holiday-promotions,en,PersistentInfoBanner.tsx,n_a
/campaigns/family-holiday-promotions,en,PromopageSearchPod.tsx,availability/last-available-date
/campaigns/family-holiday-promotions,en,SearchPodFilters.tsx,n_a
/campaigns/family-holiday-promotions,en,SearchResults.tsx,shortlist/delete
/campaigns/family-holiday-promotions,en,SearchResults.tsx,search/recommended
/campaigns/family-holiday-promotions,en,TextBlock.tsx,n_a
/campaigns/family-holiday-promotions,en,HolidayWithConfidence.tsx,n_a
/campaigns/family-holiday-promotions,en,CustomersFeedback.tsx,n_a
/campaigns/family-holiday-promotions,en,AlternativeBoardsPopup.tsx,n_a
/campaigns/gatwick-holiday-promotions,en,PersistentInfoBanner.tsx,n_a
/campaigns/gatwick-holiday-promotions,en,PromopageSearchPod.tsx,availability/last-available-date
/campaigns/gatwick-holiday-promotions,en,SearchPodFilters.tsx,n_a
/campaigns/gatwick-holiday-promotions,en,SearchResults.tsx,shortlist/delete
/campaigns/gatwick-holiday-promotions,en,SearchResults.tsx,search/recommended
/campaigns/gatwick-holiday-promotions,en,HolidayWithConfidence.tsx,n_a
/campaigns/gatwick-holiday-promotions,en,TextBlock.tsx,n_a
/campaigns/gatwick-holiday-promotions,en,CustomersFeedback.tsx,n_a
/campaigns/gatwick-holiday-promotions,en,AlternativeBoardsPopup.tsx,n_a
/the-99-collection,en,HeroCarousel.tsx,n_a
/the-99-collection,en,SearchPod.tsx,destinations/search
/the-99-collection,en,SearchPod.tsx,tracking/user-search
/the-99-collection,en,PersistentInfoBanner.tsx,n_a
/the-99-collection,en,IntroBlock.tsx,n_a
/the-99-collection,en,DealsPromoTiles.tsx,requested-price
/the-99-collection,en,TextBlock.tsx,n_a
/the-99-collection,en,PromoBlocks.tsx,availability/from
/the-99-collection,en,PromoBlocks.tsx,price
/the-99-collection,en,PromoBlocks.tsx,destinations/search
/the-99-collection,en,CustomersFeedback.tsx,n_a
/dadsclub,en,SearchPod.tsx,destinations/search
/dadsclub,en,SearchPod.tsx,tracking/user-search
/dadsclub,en,PersistentInfoBanner.tsx,n_a
/dadsclub,en,HeroCarousel.tsx,n_a
/dadsclub,en,IntroBlock.tsx,n_a
/dadsclub,en,MediaCarousel.tsx,n_a
/dadsclub,en,FeaturedHotels.tsx,availability/from
/dadsclub,en,FeaturedHotels.tsx,price
/dadsclub,en,FeaturedHotels.tsx,destinations/search
/dadsclub,en,MediaVideo.tsx,n_a
/dadsclub,en,CustomersFeedback.tsx,n_a
/grans-go-free,en,SearchPod.tsx,destinations/search
/grans-go-free,en,SearchPod.tsx,tracking/user-search
/grans-go-free,en,PersistentInfoBanner.tsx,n_a
/grans-go-free,en,HeroCarousel.tsx,n_a
/grans-go-free,en,IntroBlock.tsx,n_a
/grans-go-free,en,FullWidthBanner.tsx,n_a
/grans-go-free,en,MediaCarousel.tsx,n_a
/grans-go-free,en,DealsDestinations.tsx,requested-price
/grans-go-free,en,PromoMerchBanner.tsx,n_a
/grans-go-free,en,TextBlock.tsx,n_a
/grans-go-free,en,CustomersFeedback.tsx,n_a
/iberostar,en,PersistentInfoBanner.tsx,n_a
/iberostar,en,IntroBlock.tsx,n_a
/iberostar,en,MediaCarousel.tsx,n_a
/iberostar,en,TextBlock.tsx,n_a
/iberostar,en,InformationTiles.tsx,n_a
/iberostar,en,OurPolicies.tsx,n_a
/iberostar,en,CustomersFeedback.tsx,n_a
/constantinou-bros-hotels,en,PersistentInfoBanner.tsx,n_a
/constantinou-bros-hotels,en,PromopageSearchPod.tsx,availability/last-available-date
/constantinou-bros-hotels,en,SearchPodFilters.tsx,n_a
/constantinou-bros-hotels,en,SearchResults.tsx,shortlist/delete
/constantinou-bros-hotels,en,SearchResults.tsx,search/recommended
/constantinou-bros-hotels,en,HolidayWithConfidence.tsx,n_a
/constantinou-bros-hotels,en,CustomersFeedback.tsx,n_a
/constantinou-bros-hotels,en,AlternativeBoardsPopup.tsx,n_a
/cornelia-hotels,en,PersistentInfoBanner.tsx,n_a
/cornelia-hotels,en,PromopageSearchPod.tsx,availability/last-available-date
/cornelia-hotels,en,SearchPodFilters.tsx,n_a
/cornelia-hotels,en,SearchResults.tsx,shortlist/delete
/cornelia-hotels,en,SearchResults.tsx,search/recommended
/cornelia-hotels,en,HolidayWithConfidence.tsx,n_a
/cornelia-hotels,en,CustomersFeedback.tsx,n_a
/cornelia-hotels,en,AlternativeBoardsPopup.tsx,n_a
/atlantica-hotels,en,PersistentInfoBanner.tsx,n_a
/atlantica-hotels,en,PromopageSearchPod.tsx,availability/last-available-date
/atlantica-hotels,en,SearchPodFilters.tsx,n_a
/atlantica-hotels,en,SearchResults.tsx,shortlist/delete
/atlantica-hotels,en,SearchResults.tsx,search/recommended
/atlantica-hotels,en,HolidayWithConfidence.tsx,n_a
/atlantica-hotels,en,CustomersFeedback.tsx,n_a
/atlantica-hotels,en,AlternativeBoardsPopup.tsx,n_a
/condian-hotels,en,PersistentInfoBanner.tsx,n_a
/condian-hotels,en,PromopageSearchPod.tsx,availability/last-available-date
/condian-hotels,en,SearchPodFilters.tsx,n_a
/condian-hotels,en,SearchResults.tsx,shortlist/delete
/condian-hotels,en,SearchResults.tsx,search/recommended
/condian-hotels,en,HolidayWithConfidence.tsx,n_a
/condian-hotels,en,CustomersFeedback.tsx,n_a
/condian-hotels,en,AlternativeBoardsPopup.tsx,n_a
/coral-hotels,en,PersistentInfoBanner.tsx,n_a
/coral-hotels,en,PromopageSearchPod.tsx,availability/last-available-date
/coral-hotels,en,SearchPodFilters.tsx,n_a
/coral-hotels,en,SearchResults.tsx,shortlist/delete
/coral-hotels,en,SearchResults.tsx,search/recommended
/coral-hotels,en,HolidayWithConfidence.tsx,n_a
/coral-hotels,en,CustomersFeedback.tsx,n_a
/coral-hotels,en,AlternativeBoardsPopup.tsx,n_a
/fergus-hotels,en,PersistentInfoBanner.tsx,n_a
/fergus-hotels,en,PromopageSearchPod.tsx,availability/last-available-date
/fergus-hotels,en,SearchPodFilters.tsx,n_a
/fergus-hotels,en,SearchResults.tsx,shortlist/delete
/fergus-hotels,en,SearchResults.tsx,search/recommended
/fergus-hotels,en,HolidayWithConfidence.tsx,n_a
/fergus-hotels,en,CustomersFeedback.tsx,n_a
/fergus-hotels,en,AlternativeBoardsPopup.tsx,n_a
/helios-hotels-and-resorts,en,PersistentInfoBanner.tsx,n_a
/helios-hotels-and-resorts,en,PromopageSearchPod.tsx,availability/last-available-date
/helios-hotels-and-resorts,en,SearchPodFilters.tsx,n_a
/helios-hotels-and-resorts,en,SearchResults.tsx,shortlist/delete
/helios-hotels-and-resorts,en,SearchResults.tsx,search/recommended
/helios-hotels-and-resorts,en,HolidayWithConfidence.tsx,n_a
/helios-hotels-and-resorts,en,CustomersFeedback.tsx,n_a
/helios-hotels-and-resorts,en,AlternativeBoardsPopup.tsx,n_a
/liberty-hotels,en,PersistentInfoBanner.tsx,n_a
/liberty-hotels,en,PromopageSearchPod.tsx,availability/last-available-date
/liberty-hotels,en,SearchPodFilters.tsx,n_a
/liberty-hotels,en,SearchResults.tsx,shortlist/delete
/liberty-hotels,en,SearchResults.tsx,search/recommended
/liberty-hotels,en,HolidayWithConfidence.tsx,n_a
/liberty-hotels,en,CustomersFeedback.tsx,n_a
/liberty-hotels,en,AlternativeBoardsPopup.tsx,n_a
/atrium-hotels-and-resorts,en,PersistentInfoBanner.tsx,n_a
/atrium-hotels-and-resorts,en,PromopageSearchPod.tsx,availability/last-available-date
/atrium-hotels-and-resorts,en,SearchPodFilters.tsx,n_a
/atrium-hotels-and-resorts,en,SearchResults.tsx,shortlist/delete
/atrium-hotels-and-resorts,en,SearchResults.tsx,search/recommended
/atrium-hotels-and-resorts,en,HolidayWithConfidence.tsx,n_a
/atrium-hotels-and-resorts,en,CustomersFeedback.tsx,n_a
/atrium-hotels-and-resorts,en,AlternativeBoardsPopup.tsx,n_a
/domes-resorts,en,PersistentInfoBanner.tsx,n_a
/domes-resorts,en,PromopageSearchPod.tsx,availability/last-available-date
/domes-resorts,en,SearchPodFilters.tsx,n_a
/domes-resorts,en,SearchResults.tsx,shortlist/delete
/domes-resorts,en,SearchResults.tsx,search/recommended
/domes-resorts,en,HolidayWithConfidence.tsx,n_a
/domes-resorts,en,CustomersFeedback.tsx,n_a
/domes-resorts,en,AlternativeBoardsPopup.tsx,n_a
/elba-hotels,en,PersistentInfoBanner.tsx,n_a
/elba-hotels,en,PromopageSearchPod.tsx,availability/last-available-date
/elba-hotels,en,SearchPodFilters.tsx,n_a
/elba-hotels,en,SearchResults.tsx,shortlist/delete
/elba-hotels,en,SearchResults.tsx,search/recommended
/elba-hotels,en,HolidayWithConfidence.tsx,n_a
/elba-hotels,en,CustomersFeedback.tsx,n_a
/elba-hotels,en,AlternativeBoardsPopup.tsx,n_a
/sunrise-resorts,en,PersistentInfoBanner.tsx,n_a
/sunrise-resorts,en,PromopageSearchPod.tsx,availability/last-available-date
/sunrise-resorts,en,SearchPodFilters.tsx,n_a
/sunrise-resorts,en,SearchResults.tsx,shortlist/delete
/sunrise-resorts,en,SearchResults.tsx,search/recommended
/sunrise-resorts,en,HolidayWithConfidence.tsx,n_a
/sunrise-resorts,en,CustomersFeedback.tsx,n_a
/sunrise-resorts,en,AlternativeBoardsPopup.tsx,n_a
/vibra-hotels,en,PersistentInfoBanner.tsx,n_a
/vibra-hotels,en,PromopageSearchPod.tsx,availability/last-available-date
/vibra-hotels,en,SearchPodFilters.tsx,n_a
/vibra-hotels,en,SearchResults.tsx,shortlist/delete
/vibra-hotels,en,SearchResults.tsx,search/recommended
/vibra-hotels,en,HolidayWithConfidence.tsx,n_a
/vibra-hotels,en,CustomersFeedback.tsx,n_a
/vibra-hotels,en,AlternativeBoardsPopup.tsx,n_a
/adriatic-luxury-hotels,en,PersistentInfoBanner.tsx,n_a
/adriatic-luxury-hotels,en,PromopageSearchPod.tsx,availability/last-available-date
/adriatic-luxury-hotels,en,SearchPodFilters.tsx,n_a
/adriatic-luxury-hotels,en,SearchResults.tsx,shortlist/delete
/adriatic-luxury-hotels,en,SearchResults.tsx,search/recommended
/adriatic-luxury-hotels,en,HolidayWithConfidence.tsx,n_a
/adriatic-luxury-hotels,en,CustomersFeedback.tsx,n_a
/adriatic-luxury-hotels,en,AlternativeBoardsPopup.tsx,n_a
/lindos-hotels,en,PersistentInfoBanner.tsx,n_a
/lindos-hotels,en,PromopageSearchPod.tsx,availability/last-available-date
/lindos-hotels,en,SearchPodFilters.tsx,n_a
/lindos-hotels,en,SearchResults.tsx,shortlist/delete
/lindos-hotels,en,SearchResults.tsx,search/recommended
/lindos-hotels,en,HolidayWithConfidence.tsx,n_a
/lindos-hotels,en,CustomersFeedback.tsx,n_a
/lindos-hotels,en,AlternativeBoardsPopup.tsx,n_a
/louis-hotels,en,PersistentInfoBanner.tsx,n_a
/louis-hotels,en,PromopageSearchPod.tsx,availability/last-available-date
/louis-hotels,en,SearchPodFilters.tsx,n_a
/louis-hotels,en,SearchResults.tsx,shortlist/delete
/louis-hotels,en,SearchResults.tsx,search/recommended
/louis-hotels,en,HolidayWithConfidence.tsx,n_a
/louis-hotels,en,CustomersFeedback.tsx,n_a
/louis-hotels,en,AlternativeBoardsPopup.tsx,n_a
/savoy-hotels,en,PersistentInfoBanner.tsx,n_a
/savoy-hotels,en,PromopageSearchPod.tsx,availability/last-available-date
/savoy-hotels,en,SearchPodFilters.tsx,n_a
/savoy-hotels,en,SearchResults.tsx,shortlist/delete
/savoy-hotels,en,SearchResults.tsx,search/recommended
/savoy-hotels,en,HolidayWithConfidence.tsx,n_a
/savoy-hotels,en,CustomersFeedback.tsx,n_a
/savoy-hotels,en,AlternativeBoardsPopup.tsx,n_a
/barcelo-hotels,en,PersistentInfoBanner.tsx,n_a
/barcelo-hotels,en,PromopageSearchPod.tsx,availability/last-available-date
/barcelo-hotels,en,SearchPodFilters.tsx,n_a
/barcelo-hotels,en,SearchResults.tsx,shortlist/delete
/barcelo-hotels,en,SearchResults.tsx,search/recommended
/barcelo-hotels,en,HolidayWithConfidence.tsx,n_a
/barcelo-hotels,en,CustomersFeedback.tsx,n_a
/barcelo-hotels,en,AlternativeBoardsPopup.tsx,n_a
/bahia-principe,en,PersistentInfoBanner.tsx,n_a
/bahia-principe,en,PromopageSearchPod.tsx,availability/last-available-date
/bahia-principe,en,SearchPodFilters.tsx,n_a
/bahia-principe,en,SearchResults.tsx,shortlist/delete
/bahia-principe,en,SearchResults.tsx,search/recommended
/bahia-principe,en,HolidayWithConfidence.tsx,n_a
/bahia-principe,en,CustomersFeedback.tsx,n_a
/bahia-principe,en,AlternativeBoardsPopup.tsx,n_a
/barut-hotels,en,PersistentInfoBanner.tsx,n_a
/barut-hotels,en,PromopageSearchPod.tsx,availability/last-available-date
/barut-hotels,en,SearchPodFilters.tsx,n_a
/barut-hotels,en,SearchResults.tsx,shortlist/delete
/barut-hotels,en,SearchResults.tsx,search/recommended
/barut-hotels,en,HolidayWithConfidence.tsx,n_a
/barut-hotels,en,CustomersFeedback.tsx,n_a
/barut-hotels,en,AlternativeBoardsPopup.tsx,n_a
/be-live,en,PersistentInfoBanner.tsx,n_a
/be-live,en,PromopageSearchPod.tsx,availability/last-available-date
/be-live,en,SearchPodFilters.tsx,n_a
/be-live,en,SearchResults.tsx,shortlist/delete
/be-live,en,SearchResults.tsx,search/recommended
/be-live,en,HolidayWithConfidence.tsx,n_a
/be-live,en,CustomersFeedback.tsx,n_a
/be-live,en,AlternativeBoardsPopup.tsx,n_a
/best-hotels,en,PersistentInfoBanner.tsx,n_a
/best-hotels,en,PromopageSearchPod.tsx,availability/last-available-date
/best-hotels,en,SearchPodFilters.tsx,n_a
/best-hotels,en,SearchResults.tsx,shortlist/delete
/best-hotels,en,SearchResults.tsx,search/recommended
/best-hotels,en,HolidayWithConfidence.tsx,n_a
/best-hotels,en,CustomersFeedback.tsx,n_a
/best-hotels,en,AlternativeBoardsPopup.tsx,n_a
/eftalia-hotels,en,PersistentInfoBanner.tsx,n_a
/eftalia-hotels,en,PromopageSearchPod.tsx,availability/last-available-date
/eftalia-hotels,en,SearchPodFilters.tsx,n_a
/eftalia-hotels,en,SearchResults.tsx,shortlist/delete
/eftalia-hotels,en,SearchResults.tsx,search/recommended
/eftalia-hotels,en,HolidayWithConfidence.tsx,n_a
/eftalia-hotels,en,CustomersFeedback.tsx,n_a
/eftalia-hotels,en,AlternativeBoardsPopup.tsx,n_a
/globales-hotels,en,PersistentInfoBanner.tsx,n_a
/globales-hotels,en,PromopageSearchPod.tsx,availability/last-available-date
/globales-hotels,en,SearchPodFilters.tsx,n_a
/globales-hotels,en,SearchResults.tsx,shortlist/delete
/globales-hotels,en,SearchResults.tsx,search/recommended
/globales-hotels,en,HolidayWithConfidence.tsx,n_a
/globales-hotels,en,CustomersFeedback.tsx,n_a
/globales-hotels,en,AlternativeBoardsPopup.tsx,n_a
/grecotel-hotels,en,PersistentInfoBanner.tsx,n_a
/grecotel-hotels,en,PromopageSearchPod.tsx,availability/last-available-date
/grecotel-hotels,en,SearchPodFilters.tsx,n_a
/grecotel-hotels,en,SearchResults.tsx,shortlist/delete
/grecotel-hotels,en,SearchResults.tsx,search/recommended
/grecotel-hotels,en,HolidayWithConfidence.tsx,n_a
/grecotel-hotels,en,CustomersFeedback.tsx,n_a
/grecotel-hotels,en,AlternativeBoardsPopup.tsx,n_a
/h-hotels,en,PersistentInfoBanner.tsx,n_a
/h-hotels,en,PromopageSearchPod.tsx,availability/last-available-date
/h-hotels,en,SearchPodFilters.tsx,n_a
/h-hotels,en,SearchResults.tsx,shortlist/delete
/h-hotels,en,SearchResults.tsx,search/recommended
/h-hotels,en,HolidayWithConfidence.tsx,n_a
/h-hotels,en,CustomersFeedback.tsx,n_a
/h-hotels,en,AlternativeBoardsPopup.tsx,n_a
/hyatt-inclusive-collection,en,PersistentInfoBanner.tsx,n_a
/hyatt-inclusive-collection,en,PromopageSearchPod.tsx,availability/last-available-date
/hyatt-inclusive-collection,en,SearchPodFilters.tsx,n_a
/hyatt-inclusive-collection,en,SearchResults.tsx,shortlist/delete
/hyatt-inclusive-collection,en,SearchResults.tsx,search/recommended
/hyatt-inclusive-collection,en,HolidayWithConfidence.tsx,n_a
/hyatt-inclusive-collection,en,CustomersFeedback.tsx,n_a
/hyatt-inclusive-collection,en,AlternativeBoardsPopup.tsx,n_a
/magic-costa-blanca,en,PersistentInfoBanner.tsx,n_a
/magic-costa-blanca,en,PromopageSearchPod.tsx,availability/last-available-date
/magic-costa-blanca,en,SearchPodFilters.tsx,n_a
/magic-costa-blanca,en,SearchResults.tsx,shortlist/delete
/magic-costa-blanca,en,SearchResults.tsx,search/recommended
/magic-costa-blanca,en,HolidayWithConfidence.tsx,n_a
/magic-costa-blanca,en,CustomersFeedback.tsx,n_a
/magic-costa-blanca,en,AlternativeBoardsPopup.tsx,n_a
/medplaya-hotels,en,PersistentInfoBanner.tsx,n_a
/medplaya-hotels,en,PromopageSearchPod.tsx,availability/last-available-date
/medplaya-hotels,en,SearchPodFilters.tsx,n_a
/medplaya-hotels,en,SearchResults.tsx,shortlist/delete
/medplaya-hotels,en,SearchResults.tsx,search/recommended
/medplaya-hotels,en,HolidayWithConfidence.tsx,n_a
/medplaya-hotels,en,CustomersFeedback.tsx,n_a
/medplaya-hotels,en,AlternativeBoardsPopup.tsx,n_a
/mitsis,en,PersistentInfoBanner.tsx,n_a
/mitsis,en,PromopageSearchPod.tsx,availability/last-available-date
/mitsis,en,SearchPodFilters.tsx,n_a
/mitsis,en,SearchResults.tsx,shortlist/delete
/mitsis,en,SearchResults.tsx,search/recommended
/mitsis,en,HolidayWithConfidence.tsx,n_a
/mitsis,en,CustomersFeedback.tsx,n_a
/mitsis,en,AlternativeBoardsPopup.tsx,n_a
/palladium,en,PersistentInfoBanner.tsx,n_a
/palladium,en,PromopageSearchPod.tsx,availability/last-available-date
/palladium,en,SearchPodFilters.tsx,n_a
/palladium,en,SearchResults.tsx,shortlist/delete
/palladium,en,SearchResults.tsx,search/recommended
/palladium,en,HolidayWithConfidence.tsx,n_a
/palladium,en,CustomersFeedback.tsx,n_a
/palladium,en,AlternativeBoardsPopup.tsx,n_a
/pickalbatros,en,PersistentInfoBanner.tsx,n_a
/pickalbatros,en,PromopageSearchPod.tsx,availability/last-available-date
/pickalbatros,en,SearchPodFilters.tsx,n_a
/pickalbatros,en,SearchResults.tsx,shortlist/delete
/pickalbatros,en,SearchResults.tsx,search/recommended
/pickalbatros,en,HolidayWithConfidence.tsx,n_a
/pickalbatros,en,CustomersFeedback.tsx,n_a
/pickalbatros,en,AlternativeBoardsPopup.tsx,n_a
/riu-hotels,en,PersistentInfoBanner.tsx,n_a
/riu-hotels,en,PromopageSearchPod.tsx,availability/last-available-date
/riu-hotels,en,SearchPodFilters.tsx,n_a
/riu-hotels,en,SearchResults.tsx,shortlist/delete
/riu-hotels,en,SearchResults.tsx,search/recommended
/riu-hotels,en,HolidayWithConfidence.tsx,n_a
/riu-hotels,en,CustomersFeedback.tsx,n_a
/riu-hotels,en,AlternativeBoardsPopup.tsx,n_a
/servatur,en,PersistentInfoBanner.tsx,n_a
/servatur,en,PromopageSearchPod.tsx,availability/last-available-date
/servatur,en,SearchPodFilters.tsx,n_a
/servatur,en,SearchResults.tsx,shortlist/delete
/servatur,en,SearchResults.tsx,search/recommended
/servatur,en,HolidayWithConfidence.tsx,n_a
/servatur,en,CustomersFeedback.tsx,n_a
/servatur,en,AlternativeBoardsPopup.tsx,n_a
/spring-hotels,en,PersistentInfoBanner.tsx,n_a
/spring-hotels,en,PromopageSearchPod.tsx,availability/last-available-date
/spring-hotels,en,SearchPodFilters.tsx,n_a
/spring-hotels,en,SearchResults.tsx,shortlist/delete
/spring-hotels,en,SearchResults.tsx,search/recommended
/spring-hotels,en,HolidayWithConfidence.tsx,n_a
/spring-hotels,en,CustomersFeedback.tsx,n_a
/spring-hotels,en,AlternativeBoardsPopup.tsx,n_a
/stella-hotels,en,PersistentInfoBanner.tsx,n_a
/stella-hotels,en,PromopageSearchPod.tsx,availability/last-available-date
/stella-hotels,en,SearchPodFilters.tsx,n_a
/stella-hotels,en,SearchResults.tsx,shortlist/delete
/stella-hotels,en,SearchResults.tsx,search/recommended
/stella-hotels,en,HolidayWithConfidence.tsx,n_a
/stella-hotels,en,CustomersFeedback.tsx,n_a
/stella-hotels,en,AlternativeBoardsPopup.tsx,n_a
/thb-hotels,en,PersistentInfoBanner.tsx,n_a
/thb-hotels,en,PromopageSearchPod.tsx,availability/last-available-date
/thb-hotels,en,SearchPodFilters.tsx,n_a
/thb-hotels,en,SearchResults.tsx,shortlist/delete
/thb-hotels,en,SearchResults.tsx,search/recommended
/thb-hotels,en,HolidayWithConfidence.tsx,n_a
/thb-hotels,en,CustomersFeedback.tsx,n_a
/thb-hotels,en,AlternativeBoardsPopup.tsx,n_a
/tsokkos-hotels,en,PersistentInfoBanner.tsx,n_a
/tsokkos-hotels,en,PromopageSearchPod.tsx,availability/last-available-date
/tsokkos-hotels,en,SearchPodFilters.tsx,n_a
/tsokkos-hotels,en,SearchResults.tsx,shortlist/delete
/tsokkos-hotels,en,SearchResults.tsx,search/recommended
/tsokkos-hotels,en,HolidayWithConfidence.tsx,n_a
/tsokkos-hotels,en,CustomersFeedback.tsx,n_a
/tsokkos-hotels,en,AlternativeBoardsPopup.tsx,n_a
/ukino-hotels,en,PersistentInfoBanner.tsx,n_a
/ukino-hotels,en,PromopageSearchPod.tsx,availability/last-available-date
/ukino-hotels,en,SearchPodFilters.tsx,n_a
/ukino-hotels,en,SearchResults.tsx,shortlist/delete
/ukino-hotels,en,SearchResults.tsx,search/recommended
/ukino-hotels,en,HolidayWithConfidence.tsx,n_a
/ukino-hotels,en,CustomersFeedback.tsx,n_a
/ukino-hotels,en,AlternativeBoardsPopup.tsx,n_a
/portaventura-hotels,en,PersistentInfoBanner.tsx,n_a
/portaventura-hotels,en,PromopageSearchPod.tsx,availability/last-available-date
/portaventura-hotels,en,SearchPodFilters.tsx,n_a
/portaventura-hotels,en,SearchResults.tsx,shortlist/delete
/portaventura-hotels,en,SearchResults.tsx,search/recommended
/portaventura-hotels,en,HolidayWithConfidence.tsx,n_a
/portaventura-hotels,en,CustomersFeedback.tsx,n_a
/portaventura-hotels,en,AlternativeBoardsPopup.tsx,n_a
/voyage-hotels,en,PersistentInfoBanner.tsx,n_a
/voyage-hotels,en,PromopageSearchPod.tsx,availability/last-available-date
/voyage-hotels,en,SearchPodFilters.tsx,n_a
/voyage-hotels,en,SearchResults.tsx,shortlist/delete
/voyage-hotels,en,SearchResults.tsx,search/recommended
/voyage-hotels,en,HolidayWithConfidence.tsx,n_a
/voyage-hotels,en,CustomersFeedback.tsx,n_a
/voyage-hotels,en,AlternativeBoardsPopup.tsx,n_a
/h10-hotels,en,PersistentInfoBanner.tsx,n_a
/h10-hotels,en,PromopageSearchPod.tsx,availability/last-available-date
/h10-hotels,en,SearchPodFilters.tsx,n_a
/h10-hotels,en,SearchResults.tsx,shortlist/delete
/h10-hotels,en,SearchResults.tsx,search/recommended
/h10-hotels,en,HolidayWithConfidence.tsx,n_a
/h10-hotels,en,CustomersFeedback.tsx,n_a
/h10-hotels,en,AlternativeBoardsPopup.tsx,n_a
/iberostar-eco-hotels,en,PersistentInfoBanner.tsx,n_a
/iberostar-eco-hotels,en,PromopageSearchPod.tsx,availability/last-available-date
/iberostar-eco-hotels,en,SearchPodFilters.tsx,n_a
/iberostar-eco-hotels,en,SearchResults.tsx,shortlist/delete
/iberostar-eco-hotels,en,SearchResults.tsx,search/recommended
/iberostar-eco-hotels,en,HolidayWithConfidence.tsx,n_a
/iberostar-eco-hotels,en,CustomersFeedback.tsx,n_a
/iberostar-eco-hotels,en,AlternativeBoardsPopup.tsx,n_a
/iberostar-hotels,en,PersistentInfoBanner.tsx,n_a
/iberostar-hotels,en,PromopageSearchPod.tsx,availability/last-available-date
/iberostar-hotels,en,SearchPodFilters.tsx,n_a
/iberostar-hotels,en,SearchResults.tsx,shortlist/delete
/iberostar-hotels,en,SearchResults.tsx,search/recommended
/iberostar-hotels,en,HolidayWithConfidence.tsx,n_a
/iberostar-hotels,en,CustomersFeedback.tsx,n_a
/iberostar-hotels,en,AlternativeBoardsPopup.tsx,n_a
/jaz-hotels,en,PersistentInfoBanner.tsx,n_a
/jaz-hotels,en,PromopageSearchPod.tsx,availability/last-available-date
/jaz-hotels,en,SearchPodFilters.tsx,n_a
/jaz-hotels,en,SearchResults.tsx,shortlist/delete
/jaz-hotels,en,SearchResults.tsx,search/recommended
/jaz-hotels,en,HolidayWithConfidence.tsx,n_a
/jaz-hotels,en,CustomersFeedback.tsx,n_a
/jaz-hotels,en,AlternativeBoardsPopup.tsx,n_a
/kaya-hotels,en,PersistentInfoBanner.tsx,n_a
/kaya-hotels,en,PromopageSearchPod.tsx,availability/last-available-date
/kaya-hotels,en,SearchPodFilters.tsx,n_a
/kaya-hotels,en,SearchResults.tsx,shortlist/delete
/kaya-hotels,en,SearchResults.tsx,search/recommended
/kaya-hotels,en,HolidayWithConfidence.tsx,n_a
/kaya-hotels,en,CustomersFeedback.tsx,n_a
/kaya-hotels,en,AlternativeBoardsPopup.tsx,n_a
/marbella-collection-hotels,en,PersistentInfoBanner.tsx,n_a
/marbella-collection-hotels,en,PromopageSearchPod.tsx,availability/last-available-date
/marbella-collection-hotels,en,SearchPodFilters.tsx,n_a
/marbella-collection-hotels,en,SearchResults.tsx,shortlist/delete
/marbella-collection-hotels,en,SearchResults.tsx,search/recommended
/marbella-collection-hotels,en,HolidayWithConfidence.tsx,n_a
/marbella-collection-hotels,en,CustomersFeedback.tsx,n_a
/marbella-collection-hotels,en,AlternativeBoardsPopup.tsx,n_a
/baron-hotels,en,PersistentInfoBanner.tsx,n_a
/baron-hotels,en,PromopageSearchPod.tsx,availability/last-available-date
/baron-hotels,en,SearchPodFilters.tsx,n_a
/baron-hotels,en,SearchResults.tsx,shortlist/delete
/baron-hotels,en,SearchResults.tsx,search/recommended
/baron-hotels,en,HolidayWithConfidence.tsx,n_a
/baron-hotels,en,CustomersFeedback.tsx,n_a
/baron-hotels,en,AlternativeBoardsPopup.tsx,n_a
/lopesan-hotels,en,PersistentInfoBanner.tsx,n_a
/lopesan-hotels,en,PromopageSearchPod.tsx,availability/last-available-date
/lopesan-hotels,en,SearchPodFilters.tsx,n_a
/lopesan-hotels,en,SearchResults.tsx,shortlist/delete
/lopesan-hotels,en,SearchResults.tsx,search/recommended
/lopesan-hotels,en,HolidayWithConfidence.tsx,n_a
/lopesan-hotels,en,CustomersFeedback.tsx,n_a
/lopesan-hotels,en,AlternativeBoardsPopup.tsx,n_a
/paloma-hotels,en,PersistentInfoBanner.tsx,n_a
/paloma-hotels,en,PromopageSearchPod.tsx,availability/last-available-date
/paloma-hotels,en,SearchPodFilters.tsx,n_a
/paloma-hotels,en,SearchResults.tsx,shortlist/delete
/paloma-hotels,en,SearchResults.tsx,search/recommended
/paloma-hotels,en,HolidayWithConfidence.tsx,n_a
/paloma-hotels,en,CustomersFeedback.tsx,n_a
/paloma-hotels,en,AlternativeBoardsPopup.tsx,n_a
/pestana-resorts,en,PersistentInfoBanner.tsx,n_a
/pestana-resorts,en,PromopageSearchPod.tsx,availability/last-available-date
/pestana-resorts,en,SearchPodFilters.tsx,n_a
/pestana-resorts,en,SearchResults.tsx,shortlist/delete
/pestana-resorts,en,SearchResults.tsx,search/recommended
/pestana-resorts,en,HolidayWithConfidence.tsx,n_a
/pestana-resorts,en,TextBlock.tsx,n_a
/pestana-resorts,en,CustomersFeedback.tsx,n_a
/pestana-resorts,en,AlternativeBoardsPopup.tsx,n_a
/grecian-hotels,en,PersistentInfoBanner.tsx,n_a
/grecian-hotels,en,PromopageSearchPod.tsx,availability/last-available-date
/grecian-hotels,en,SearchPodFilters.tsx,n_a
/grecian-hotels,en,SearchResults.tsx,shortlist/delete
/grecian-hotels,en,SearchResults.tsx,search/recommended
/grecian-hotels,en,HolidayWithConfidence.tsx,n_a
/grecian-hotels,en,CustomersFeedback.tsx,n_a
/grecian-hotels,en,AlternativeBoardsPopup.tsx,n_a
/innside-by-melia-hotels,en,PersistentInfoBanner.tsx,n_a
/innside-by-melia-hotels,en,PromopageSearchPod.tsx,availability/last-available-date
/innside-by-melia-hotels,en,SearchPodFilters.tsx,n_a
/innside-by-melia-hotels,en,SearchResults.tsx,shortlist/delete
/innside-by-melia-hotels,en,SearchResults.tsx,search/recommended
/innside-by-melia-hotels,en,HolidayWithConfidence.tsx,n_a
/innside-by-melia-hotels,en,CustomersFeedback.tsx,n_a
/innside-by-melia-hotels,en,AlternativeBoardsPopup.tsx,n_a
/melia-hotels,en,PersistentInfoBanner.tsx,n_a
/melia-hotels,en,PromopageSearchPod.tsx,availability/last-available-date
/melia-hotels,en,SearchPodFilters.tsx,n_a
/melia-hotels,en,SearchResults.tsx,shortlist/delete
/melia-hotels,en,SearchResults.tsx,search/recommended
/melia-hotels,en,HolidayWithConfidence.tsx,n_a
/melia-hotels,en,CustomersFeedback.tsx,n_a
/melia-hotels,en,AlternativeBoardsPopup.tsx,n_a
/rixos-hotels,en,PersistentInfoBanner.tsx,n_a
/rixos-hotels,en,PromopageSearchPod.tsx,availability/last-available-date
/rixos-hotels,en,SearchPodFilters.tsx,n_a
/rixos-hotels,en,SearchResults.tsx,shortlist/delete
/rixos-hotels,en,SearchResults.tsx,search/recommended
/rixos-hotels,en,HolidayWithConfidence.tsx,n_a
/rixos-hotels,en,CustomersFeedback.tsx,n_a
/rixos-hotels,en,AlternativeBoardsPopup.tsx,n_a
/sol-hotels,en,PersistentInfoBanner.tsx,n_a
/sol-hotels,en,PromopageSearchPod.tsx,availability/last-available-date
/sol-hotels,en,SearchPodFilters.tsx,n_a
/sol-hotels,en,SearchResults.tsx,shortlist/delete
/sol-hotels,en,SearchResults.tsx,search/recommended
/sol-hotels,en,HolidayWithConfidence.tsx,n_a
/sol-hotels,en,CustomersFeedback.tsx,n_a
/sol-hotels,en,AlternativeBoardsPopup.tsx,n_a
/seaden-resorts,en,PersistentInfoBanner.tsx,n_a
/seaden-resorts,en,PromopageSearchPod.tsx,availability/last-available-date
/seaden-resorts,en,SearchPodFilters.tsx,n_a
/seaden-resorts,en,SearchResults.tsx,shortlist/delete
/seaden-resorts,en,SearchResults.tsx,search/recommended
/seaden-resorts,en,HolidayWithConfidence.tsx,n_a
/seaden-resorts,en,CustomersFeedback.tsx,n_a
/seaden-resorts,en,AlternativeBoardsPopup.tsx,n_a
/zafiro-hotels,en,PersistentInfoBanner.tsx,n_a
/zafiro-hotels,en,PromopageSearchPod.tsx,availability/last-available-date
/zafiro-hotels,en,SearchPodFilters.tsx,n_a
/zafiro-hotels,en,SearchResults.tsx,shortlist/delete
/zafiro-hotels,en,SearchResults.tsx,search/recommended
/zafiro-hotels,en,HolidayWithConfidence.tsx,n_a
/zafiro-hotels,en,CustomersFeedback.tsx,n_a
/zafiro-hotels,en,AlternativeBoardsPopup.tsx,n_a
/jetflix,en,PersistentInfoBanner.tsx,n_a
/jetflix,en,PromopageSearchPod.tsx,availability/last-available-date
/jetflix,en,SearchPodFilters.tsx,n_a
/jetflix,en,SearchResults.tsx,shortlist/delete
/jetflix,en,SearchResults.tsx,search/recommended
/jetflix,en,HolidayWithConfidence.tsx,n_a
/jetflix,en,TextBlock.tsx,n_a
/jetflix,en,CustomersFeedback.tsx,n_a
/jetflix,en,AlternativeBoardsPopup.tsx,n_a
/city-breaks,en,PersistentInfoBanner.tsx,n_a
/city-breaks,en,PromopageSearchPod.tsx,availability/last-available-date
/city-breaks,en,SearchPodFilters.tsx,n_a
/city-breaks,en,DestinationsCarousel.tsx,n_a
/city-breaks,en,SearchResults.tsx,shortlist/delete
/city-breaks,en,SearchResults.tsx,search/recommended
/city-breaks,en,HolidayWithConfidence.tsx,n_a
/city-breaks,en,TextBlock.tsx,n_a
/city-breaks,en,CustomersFeedback.tsx,n_a
/city-breaks,en,AlternativeBoardsPopup.tsx,n_a
/city-breaks/from-belfast,en,AlternativeBoardsPopup.tsx,n_a
/city-breaks/from-belfast,en,CustomersFeedback.tsx,n_a
/city-breaks/from-belfast,en,SearchResults.tsx,shortlist/delete
/city-breaks/from-belfast,en,SearchResults.tsx,search/recommended
/city-breaks/from-belfast,en,HolidayWithConfidence.tsx,n_a
/city-breaks/from-belfast,en,TextBlock.tsx,n_a
/city-breaks/from-belfast,en,SearchPodFilters.tsx,n_a
/city-breaks/from-belfast,en,PromopageSearchPod.tsx,availability/last-available-date
/city-breaks/from-belfast,en,PersistentInfoBanner.tsx,n_a
/city-breaks/from-bristol,en,AlternativeBoardsPopup.tsx,n_a
/city-breaks/from-bristol,en,CustomersFeedback.tsx,n_a
/city-breaks/from-bristol,en,SearchResults.tsx,shortlist/delete
/city-breaks/from-bristol,en,SearchResults.tsx,search/recommended
/city-breaks/from-bristol,en,HolidayWithConfidence.tsx,n_a
/city-breaks/from-bristol,en,TextBlock.tsx,n_a
/city-breaks/from-bristol,en,SearchPodFilters.tsx,n_a
/city-breaks/from-bristol,en,PromopageSearchPod.tsx,availability/last-available-date
/city-breaks/from-bristol,en,PersistentInfoBanner.tsx,n_a
/city-breaks/from-edinburgh,en,AlternativeBoardsPopup.tsx,n_a
/city-breaks/from-edinburgh,en,CustomersFeedback.tsx,n_a
/city-breaks/from-edinburgh,en,SearchResults.tsx,shortlist/delete
/city-breaks/from-edinburgh,en,SearchResults.tsx,search/recommended
/city-breaks/from-edinburgh,en,HolidayWithConfidence.tsx,n_a
/city-breaks/from-edinburgh,en,TextBlock.tsx,n_a
/city-breaks/from-edinburgh,en,SearchPodFilters.tsx,n_a
/city-breaks/from-edinburgh,en,PromopageSearchPod.tsx,availability/last-available-date
/city-breaks/from-edinburgh,en,PersistentInfoBanner.tsx,n_a
/city-breaks/from-glasgow,en,AlternativeBoardsPopup.tsx,n_a
/city-breaks/from-glasgow,en,CustomersFeedback.tsx,n_a
/city-breaks/from-glasgow,en,SearchResults.tsx,shortlist/delete
/city-breaks/from-glasgow,en,SearchResults.tsx,search/recommended
/city-breaks/from-glasgow,en,HolidayWithConfidence.tsx,n_a
/city-breaks/from-glasgow,en,TextBlock.tsx,n_a
/city-breaks/from-glasgow,en,SearchPodFilters.tsx,n_a
/city-breaks/from-glasgow,en,PromopageSearchPod.tsx,availability/last-available-date
/city-breaks/from-glasgow,en,PersistentInfoBanner.tsx,n_a
/city-breaks/from-liverpool,en,AlternativeBoardsPopup.tsx,n_a
/city-breaks/from-liverpool,en,CustomersFeedback.tsx,n_a
/city-breaks/from-liverpool,en,SearchResults.tsx,shortlist/delete
/city-breaks/from-liverpool,en,SearchResults.tsx,search/recommended
/city-breaks/from-liverpool,en,HolidayWithConfidence.tsx,n_a
/city-breaks/from-liverpool,en,TextBlock.tsx,n_a
/city-breaks/from-liverpool,en,SearchPodFilters.tsx,n_a
/city-breaks/from-liverpool,en,PromopageSearchPod.tsx,availability/last-available-date
/city-breaks/from-liverpool,en,PersistentInfoBanner.tsx,n_a
/city-breaks/from-london,en,AlternativeBoardsPopup.tsx,n_a
/city-breaks/from-london,en,CustomersFeedback.tsx,n_a
/city-breaks/from-london,en,SearchResults.tsx,shortlist/delete
/city-breaks/from-london,en,SearchResults.tsx,search/recommended
/city-breaks/from-london,en,HolidayWithConfidence.tsx,n_a
/city-breaks/from-london,en,TextBlock.tsx,n_a
/city-breaks/from-london,en,SearchPodFilters.tsx,n_a
/city-breaks/from-london,en,PromopageSearchPod.tsx,availability/last-available-date
/city-breaks/from-london,en,PersistentInfoBanner.tsx,n_a
/city-breaks/from-london-gatwick,en,AlternativeBoardsPopup.tsx,n_a
/city-breaks/from-london-gatwick,en,CustomersFeedback.tsx,n_a
/city-breaks/from-london-gatwick,en,SearchResults.tsx,shortlist/delete
/city-breaks/from-london-gatwick,en,SearchResults.tsx,search/recommended
/city-breaks/from-london-gatwick,en,HolidayWithConfidence.tsx,n_a
/city-breaks/from-london-gatwick,en,TextBlock.tsx,n_a
/city-breaks/from-london-gatwick,en,SearchPodFilters.tsx,n_a
/city-breaks/from-london-gatwick,en,PromopageSearchPod.tsx,availability/last-available-date
/city-breaks/from-london-gatwick,en,PersistentInfoBanner.tsx,n_a
/city-breaks/from-london-luton,en,AlternativeBoardsPopup.tsx,n_a
/city-breaks/from-london-luton,en,CustomersFeedback.tsx,n_a
/city-breaks/from-london-luton,en,SearchResults.tsx,shortlist/delete
/city-breaks/from-london-luton,en,SearchResults.tsx,search/recommended
/city-breaks/from-london-luton,en,HolidayWithConfidence.tsx,n_a
/city-breaks/from-london-luton,en,TextBlock.tsx,n_a
/city-breaks/from-london-luton,en,SearchPodFilters.tsx,n_a
/city-breaks/from-london-luton,en,PromopageSearchPod.tsx,availability/last-available-date
/city-breaks/from-london-luton,en,PersistentInfoBanner.tsx,n_a
/city-breaks/from-london-southend,en,AlternativeBoardsPopup.tsx,n_a
/city-breaks/from-london-southend,en,CustomersFeedback.tsx,n_a
/city-breaks/from-london-southend,en,SearchResults.tsx,shortlist/delete
/city-breaks/from-london-southend,en,SearchResults.tsx,search/recommended
/city-breaks/from-london-southend,en,HolidayWithConfidence.tsx,n_a
/city-breaks/from-london-southend,en,TextBlock.tsx,n_a
/city-breaks/from-london-southend,en,SearchPodFilters.tsx,n_a
/city-breaks/from-london-southend,en,PromopageSearchPod.tsx,availability/last-available-date
/city-breaks/from-london-southend,en,PersistentInfoBanner.tsx,n_a
/city-breaks/from-london-stansted,en,AlternativeBoardsPopup.tsx,n_a
/city-breaks/from-london-stansted,en,CustomersFeedback.tsx,n_a
/city-breaks/from-london-stansted,en,SearchResults.tsx,shortlist/delete
/city-breaks/from-london-stansted,en,SearchResults.tsx,search/recommended
/city-breaks/from-london-stansted,en,HolidayWithConfidence.tsx,n_a
/city-breaks/from-london-stansted,en,TextBlock.tsx,n_a
/city-breaks/from-london-stansted,en,SearchPodFilters.tsx,n_a
/city-breaks/from-london-stansted,en,PromopageSearchPod.tsx,availability/last-available-date
/city-breaks/from-london-stansted,en,PersistentInfoBanner.tsx,n_a
/city-breaks/from-manchester,en,AlternativeBoardsPopup.tsx,n_a
/city-breaks/from-manchester,en,CustomersFeedback.tsx,n_a
/city-breaks/from-manchester,en,SearchResults.tsx,shortlist/delete
/city-breaks/from-manchester,en,SearchResults.tsx,search/recommended
/city-breaks/from-manchester,en,HolidayWithConfidence.tsx,n_a
/city-breaks/from-manchester,en,TextBlock.tsx,n_a
/city-breaks/from-manchester,en,SearchPodFilters.tsx,n_a
/city-breaks/from-manchester,en,PromopageSearchPod.tsx,availability/last-available-date
/city-breaks/from-manchester,en,PersistentInfoBanner.tsx,n_a
/city-breaks/from-newcastle,en,AlternativeBoardsPopup.tsx,n_a
/city-breaks/from-newcastle,en,CustomersFeedback.tsx,n_a
/city-breaks/from-newcastle,en,SearchResults.tsx,shortlist/delete
/city-breaks/from-newcastle,en,SearchResults.tsx,search/recommended
/city-breaks/from-newcastle,en,HolidayWithConfidence.tsx,n_a
/city-breaks/from-newcastle,en,TextBlock.tsx,n_a
/city-breaks/from-newcastle,en,SearchPodFilters.tsx,n_a
/city-breaks/from-newcastle,en,PromopageSearchPod.tsx,availability/last-available-date
/city-breaks/from-newcastle,en,PersistentInfoBanner.tsx,n_a
/five-star-city-holidays,en,PersistentInfoBanner.tsx,n_a
/five-star-city-holidays,en,PromopageSearchPod.tsx,availability/last-available-date
/five-star-city-holidays,en,SearchPodFilters.tsx,n_a
/five-star-city-holidays,en,SearchResults.tsx,shortlist/delete
/five-star-city-holidays,en,SearchResults.tsx,search/recommended
/five-star-city-holidays,en,HolidayWithConfidence.tsx,n_a
/five-star-city-holidays,en,TextBlock.tsx,n_a
/five-star-city-holidays,en,CustomersFeedback.tsx,n_a
/five-star-city-holidays,en,AlternativeBoardsPopup.tsx,n_a
/five-star-holidays,en,PersistentInfoBanner.tsx,n_a
/five-star-holidays,en,PromopageSearchPod.tsx,availability/last-available-date
/five-star-holidays,en,SearchPodFilters.tsx,n_a
/five-star-holidays,en,SearchResults.tsx,shortlist/delete
/five-star-holidays,en,SearchResults.tsx,search/recommended
/five-star-holidays,en,HolidayWithConfidence.tsx,n_a
/five-star-holidays,en,TextBlock.tsx,n_a
/five-star-holidays,en,QuestionAndAnswer.tsx,help-centre/faq/save
/five-star-holidays,en,CustomersFeedback.tsx,n_a
/five-star-holidays,en,AlternativeBoardsPopup.tsx,n_a
/five-star-holidays/from-belfast,en,AlternativeBoardsPopup.tsx,n_a
/five-star-holidays/from-belfast,en,CustomersFeedback.tsx,n_a
/five-star-holidays/from-belfast,en,SearchResults.tsx,shortlist/delete
/five-star-holidays/from-belfast,en,SearchResults.tsx,search/recommended
/five-star-holidays/from-belfast,en,HolidayWithConfidence.tsx,n_a
/five-star-holidays/from-belfast,en,TextBlock.tsx,n_a
/five-star-holidays/from-belfast,en,SearchPodFilters.tsx,n_a
/five-star-holidays/from-belfast,en,PromopageSearchPod.tsx,availability/last-available-date
/five-star-holidays/from-belfast,en,PersistentInfoBanner.tsx,n_a
/five-star-holidays/from-bristol,en,AlternativeBoardsPopup.tsx,n_a
/five-star-holidays/from-bristol,en,CustomersFeedback.tsx,n_a
/five-star-holidays/from-bristol,en,SearchResults.tsx,shortlist/delete
/five-star-holidays/from-bristol,en,SearchResults.tsx,search/recommended
/five-star-holidays/from-bristol,en,HolidayWithConfidence.tsx,n_a
/five-star-holidays/from-bristol,en,TextBlock.tsx,n_a
/five-star-holidays/from-bristol,en,SearchPodFilters.tsx,n_a
/five-star-holidays/from-bristol,en,PromopageSearchPod.tsx,availability/last-available-date
/five-star-holidays/from-bristol,en,PersistentInfoBanner.tsx,n_a
/five-star-holidays/from-edinburgh,en,AlternativeBoardsPopup.tsx,n_a
/five-star-holidays/from-edinburgh,en,CustomersFeedback.tsx,n_a
/five-star-holidays/from-edinburgh,en,SearchResults.tsx,shortlist/delete
/five-star-holidays/from-edinburgh,en,SearchResults.tsx,search/recommended
/five-star-holidays/from-edinburgh,en,HolidayWithConfidence.tsx,n_a
/five-star-holidays/from-edinburgh,en,TextBlock.tsx,n_a
/five-star-holidays/from-edinburgh,en,SearchPodFilters.tsx,n_a
/five-star-holidays/from-edinburgh,en,PromopageSearchPod.tsx,availability/last-available-date
/five-star-holidays/from-edinburgh,en,PersistentInfoBanner.tsx,n_a
/five-star-holidays/from-glasgow,en,AlternativeBoardsPopup.tsx,n_a
/five-star-holidays/from-glasgow,en,CustomersFeedback.tsx,n_a
/five-star-holidays/from-glasgow,en,SearchResults.tsx,shortlist/delete
/five-star-holidays/from-glasgow,en,SearchResults.tsx,search/recommended
/five-star-holidays/from-glasgow,en,HolidayWithConfidence.tsx,n_a
/five-star-holidays/from-glasgow,en,TextBlock.tsx,n_a
/five-star-holidays/from-glasgow,en,SearchPodFilters.tsx,n_a
/five-star-holidays/from-glasgow,en,PromopageSearchPod.tsx,availability/last-available-date
/five-star-holidays/from-glasgow,en,PersistentInfoBanner.tsx,n_a
/five-star-holidays/from-liverpool,en,AlternativeBoardsPopup.tsx,n_a
/five-star-holidays/from-liverpool,en,CustomersFeedback.tsx,n_a
/five-star-holidays/from-liverpool,en,SearchResults.tsx,shortlist/delete
/five-star-holidays/from-liverpool,en,SearchResults.tsx,search/recommended
/five-star-holidays/from-liverpool,en,HolidayWithConfidence.tsx,n_a
/five-star-holidays/from-liverpool,en,TextBlock.tsx,n_a
/five-star-holidays/from-liverpool,en,SearchPodFilters.tsx,n_a
/five-star-holidays/from-liverpool,en,PromopageSearchPod.tsx,availability/last-available-date
/five-star-holidays/from-liverpool,en,PersistentInfoBanner.tsx,n_a
/five-star-holidays/from-london,en,AlternativeBoardsPopup.tsx,n_a
/five-star-holidays/from-london,en,CustomersFeedback.tsx,n_a
/five-star-holidays/from-london,en,SearchResults.tsx,shortlist/delete
/five-star-holidays/from-london,en,SearchResults.tsx,search/recommended
/five-star-holidays/from-london,en,HolidayWithConfidence.tsx,n_a
/five-star-holidays/from-london,en,TextBlock.tsx,n_a
/five-star-holidays/from-london,en,SearchPodFilters.tsx,n_a
/five-star-holidays/from-london,en,PromopageSearchPod.tsx,availability/last-available-date
/five-star-holidays/from-london,en,PersistentInfoBanner.tsx,n_a
/five-star-holidays/from-london-gatwick,en,AlternativeBoardsPopup.tsx,n_a
/five-star-holidays/from-london-gatwick,en,CustomersFeedback.tsx,n_a
/five-star-holidays/from-london-gatwick,en,SearchResults.tsx,shortlist/delete
/five-star-holidays/from-london-gatwick,en,SearchResults.tsx,search/recommended
/five-star-holidays/from-london-gatwick,en,HolidayWithConfidence.tsx,n_a
/five-star-holidays/from-london-gatwick,en,TextBlock.tsx,n_a
/five-star-holidays/from-london-gatwick,en,SearchPodFilters.tsx,n_a
/five-star-holidays/from-london-gatwick,en,PromopageSearchPod.tsx,availability/last-available-date
/five-star-holidays/from-london-gatwick,en,PersistentInfoBanner.tsx,n_a
/five-star-holidays/from-london-luton,en,AlternativeBoardsPopup.tsx,n_a
/five-star-holidays/from-london-luton,en,CustomersFeedback.tsx,n_a
/five-star-holidays/from-london-luton,en,SearchResults.tsx,shortlist/delete
/five-star-holidays/from-london-luton,en,SearchResults.tsx,search/recommended
/five-star-holidays/from-london-luton,en,HolidayWithConfidence.tsx,n_a
/five-star-holidays/from-london-luton,en,TextBlock.tsx,n_a
/five-star-holidays/from-london-luton,en,SearchPodFilters.tsx,n_a
/five-star-holidays/from-london-luton,en,PromopageSearchPod.tsx,availability/last-available-date
/five-star-holidays/from-london-luton,en,PersistentInfoBanner.tsx,n_a
/five-star-holidays/from-london-southend,en,AlternativeBoardsPopup.tsx,n_a
/five-star-holidays/from-london-southend,en,CustomersFeedback.tsx,n_a
/five-star-holidays/from-london-southend,en,SearchResults.tsx,shortlist/delete
/five-star-holidays/from-london-southend,en,SearchResults.tsx,search/recommended
/five-star-holidays/from-london-southend,en,HolidayWithConfidence.tsx,n_a
/five-star-holidays/from-london-southend,en,TextBlock.tsx,n_a
/five-star-holidays/from-london-southend,en,SearchPodFilters.tsx,n_a
/five-star-holidays/from-london-southend,en,PromopageSearchPod.tsx,availability/last-available-date
/five-star-holidays/from-london-southend,en,PersistentInfoBanner.tsx,n_a
/five-star-holidays/from-london-stansted,en,AlternativeBoardsPopup.tsx,n_a
/five-star-holidays/from-london-stansted,en,CustomersFeedback.tsx,n_a
/five-star-holidays/from-london-stansted,en,SearchResults.tsx,shortlist/delete
/five-star-holidays/from-london-stansted,en,SearchResults.tsx,search/recommended
/five-star-holidays/from-london-stansted,en,HolidayWithConfidence.tsx,n_a
/five-star-holidays/from-london-stansted,en,TextBlock.tsx,n_a
/five-star-holidays/from-london-stansted,en,SearchPodFilters.tsx,n_a
/five-star-holidays/from-london-stansted,en,PromopageSearchPod.tsx,availability/last-available-date
/five-star-holidays/from-london-stansted,en,PersistentInfoBanner.tsx,n_a
/five-star-holidays/from-manchester,en,AlternativeBoardsPopup.tsx,n_a
/five-star-holidays/from-manchester,en,CustomersFeedback.tsx,n_a
/five-star-holidays/from-manchester,en,SearchResults.tsx,shortlist/delete
/five-star-holidays/from-manchester,en,SearchResults.tsx,search/recommended
/five-star-holidays/from-manchester,en,HolidayWithConfidence.tsx,n_a
/five-star-holidays/from-manchester,en,TextBlock.tsx,n_a
/five-star-holidays/from-manchester,en,SearchPodFilters.tsx,n_a
/five-star-holidays/from-manchester,en,PromopageSearchPod.tsx,availability/last-available-date
/five-star-holidays/from-manchester,en,PersistentInfoBanner.tsx,n_a
/five-star-holidays/from-newcastle,en,AlternativeBoardsPopup.tsx,n_a
/five-star-holidays/from-newcastle,en,CustomersFeedback.tsx,n_a
/five-star-holidays/from-newcastle,en,SearchResults.tsx,shortlist/delete
/five-star-holidays/from-newcastle,en,SearchResults.tsx,search/recommended
/five-star-holidays/from-newcastle,en,HolidayWithConfidence.tsx,n_a
/five-star-holidays/from-newcastle,en,TextBlock.tsx,n_a
/five-star-holidays/from-newcastle,en,SearchPodFilters.tsx,n_a
/five-star-holidays/from-newcastle,en,PromopageSearchPod.tsx,availability/last-available-date
/five-star-holidays/from-newcastle,en,PersistentInfoBanner.tsx,n_a
/four-star-holidays,en,PersistentInfoBanner.tsx,n_a
/four-star-holidays,en,PromopageSearchPod.tsx,availability/last-available-date
/four-star-holidays,en,SearchPodFilters.tsx,n_a
/four-star-holidays,en,SearchResults.tsx,shortlist/delete
/four-star-holidays,en,SearchResults.tsx,search/recommended
/four-star-holidays,en,HolidayWithConfidence.tsx,n_a
/four-star-holidays,en,TextBlock.tsx,n_a
/four-star-holidays,en,QuestionAndAnswer.tsx,help-centre/faq/save
/four-star-holidays,en,CustomersFeedback.tsx,n_a
/four-star-holidays,en,AlternativeBoardsPopup.tsx,n_a
/all-inclusive-holidays-from-gatwick,en,PersistentInfoBanner.tsx,n_a
/all-inclusive-holidays-from-gatwick,en,PromopageSearchPod.tsx,availability/last-available-date
/all-inclusive-holidays-from-gatwick,en,SearchPodFilters.tsx,n_a
/all-inclusive-holidays-from-gatwick,en,SearchResults.tsx,shortlist/delete
/all-inclusive-holidays-from-gatwick,en,SearchResults.tsx,search/recommended
/all-inclusive-holidays-from-gatwick,en,HolidayWithConfidence.tsx,n_a
/all-inclusive-holidays-from-gatwick,en,TextBlock.tsx,n_a
/all-inclusive-holidays-from-gatwick,en,CustomersFeedback.tsx,n_a
/all-inclusive-holidays-from-gatwick,en,AlternativeBoardsPopup.tsx,n_a
/city-breaks-from-gatwick,en,PersistentInfoBanner.tsx,n_a
/city-breaks-from-gatwick,en,PromopageSearchPod.tsx,availability/last-available-date
/city-breaks-from-gatwick,en,SearchPodFilters.tsx,n_a
/city-breaks-from-gatwick,en,SearchResults.tsx,shortlist/delete
/city-breaks-from-gatwick,en,SearchResults.tsx,search/recommended
/city-breaks-from-gatwick,en,HolidayWithConfidence.tsx,n_a
/city-breaks-from-gatwick,en,TextBlock.tsx,n_a
/city-breaks-from-gatwick,en,CustomersFeedback.tsx,n_a
/city-breaks-from-gatwick,en,AlternativeBoardsPopup.tsx,n_a
/south-aegean-islands,en,PersistentInfoBanner.tsx,n_a
/south-aegean-islands,en,PromopageSearchPod.tsx,availability/last-available-date
/south-aegean-islands,en,SearchPodFilters.tsx,n_a
/south-aegean-islands,en,SearchResults.tsx,shortlist/delete
/south-aegean-islands,en,SearchResults.tsx,search/recommended
/south-aegean-islands,en,HolidayWithConfidence.tsx,n_a
/south-aegean-islands,en,CustomersFeedback.tsx,n_a
/south-aegean-islands,en,AlternativeBoardsPopup.tsx,n_a
/deals,en,CustomersFeedback.tsx,n_a
/deals,en,ConfidenceModuleTransformer.tsx,n_a
/deals,en,TextBlock.tsx,n_a
/deals,en,FeaturedHotels.tsx,availability/from
/deals,en,FeaturedHotels.tsx,price
/deals,en,FeaturedHotels.tsx,destinations/search
/deals,en,PromoBlocks.tsx,availability/from
/deals,en,PromoBlocks.tsx,price
/deals,en,PromoBlocks.tsx,destinations/search
/deals,en,PartnershipComponent.tsx,price
/deals,en,PartnershipComponent.tsx,destinations/search
/deals,en,PromoMerchBanner.tsx,n_a
/deals,en,HolidaysUnder.tsx,n_a
/deals,en,DealsPromoTiles.tsx,requested-price
/deals,en,FullWidthBanner.tsx,n_a
/deals,en,SearchPod.tsx,destinations/search
/deals,en,SearchPod.tsx,tracking/user-search
/deals,en,PersistentInfoBanner.tsx,n_a
/deals,en,PromopageSearchPod.tsx,availability/last-available-date
/deals,en,SearchPodFilters.tsx,n_a
/deals,en,SearchResults.tsx,shortlist/delete
/deals,en,SearchResults.tsx,search/recommended
/deals,en,HolidayWithConfidence.tsx,n_a
/deals,en,AlternativeBoardsPopup.tsx,n_a
/deals,en,PersistentInfoBanner.tsx,n_a
/deals,en,PromopageSearchPod.tsx,availability/last-available-date
/deals,en,SearchPodFilters.tsx,n_a
/deals,en,SearchResults.tsx,shortlist/delete
/deals,en,SearchResults.tsx,search/recommended
/deals,en,HolidayWithConfidence.tsx,n_a
/deals,en,TextBlock.tsx,n_a
/deals,en,CustomersFeedback.tsx,n_a
/deals,en,AlternativeBoardsPopup.tsx,n_a
/deals,en,CustomersFeedback.tsx,n_a
/deals,en,ConfidenceModuleTransformer.tsx,n_a
/deals,en,TextBlock.tsx,n_a
/deals,en,FeaturedHotels.tsx,availability/from
/deals,en,FeaturedHotels.tsx,price
/deals,en,FeaturedHotels.tsx,destinations/search
/deals,en,PromoBlocks.tsx,availability/from
/deals,en,PromoBlocks.tsx,price
/deals,en,PromoBlocks.tsx,destinations/search
/deals,en,PartnershipComponent.tsx,price
/deals,en,PartnershipComponent.tsx,destinations/search
/deals,en,PromoMerchBanner.tsx,n_a
/deals,en,HolidaysUnder.tsx,n_a
/deals,en,DealsPromoTiles.tsx,requested-price
/deals,en,FullWidthBanner.tsx,n_a
/deals,en,SearchPod.tsx,destinations/search
/deals,en,SearchPod.tsx,tracking/user-search
/deals,en,PersistentInfoBanner.tsx,n_a
/deals,en,PromopageSearchPod.tsx,availability/last-available-date
/deals,en,SearchPodFilters.tsx,n_a
/deals,en,SearchResults.tsx,shortlist/delete
/deals,en,SearchResults.tsx,search/recommended
/deals,en,HolidayWithConfidence.tsx,n_a
/deals,en,AlternativeBoardsPopup.tsx,n_a
/deals/disney-deals,en,PersistentInfoBanner.tsx,n_a
/deals/disney-deals,en,PromopageSearchPod.tsx,availability/last-available-date
/deals/disney-deals,en,SearchPodFilters.tsx,n_a
/deals/disney-deals,en,SearchResults.tsx,shortlist/delete
/deals/disney-deals,en,SearchResults.tsx,search/recommended
/deals/disney-deals,en,HolidayWithConfidence.tsx,n_a
/deals/disney-deals,en,CustomersFeedback.tsx,n_a
/deals/disney-deals,en,AlternativeBoardsPopup.tsx,n_a
/deals/deals-of-the-week,en,PersistentInfoBanner.tsx,n_a
/deals/deals-of-the-week,en,PromopageSearchPod.tsx,availability/last-available-date
/deals/deals-of-the-week,en,SearchPodFilters.tsx,n_a
/deals/deals-of-the-week,en,SearchResults.tsx,shortlist/delete
/deals/deals-of-the-week,en,SearchResults.tsx,search/recommended
/deals/deals-of-the-week,en,HolidayWithConfidence.tsx,n_a
/deals/deals-of-the-week,en,CustomersFeedback.tsx,n_a
/deals/deals-of-the-week,en,AlternativeBoardsPopup.tsx,n_a
/deals/discounted-holidays,en,PersistentInfoBanner.tsx,n_a
/deals/discounted-holidays,en,PromopageSearchPod.tsx,availability/last-available-date
/deals/discounted-holidays,en,SearchPodFilters.tsx,n_a
/deals/discounted-holidays,en,SearchResults.tsx,shortlist/delete
/deals/discounted-holidays,en,SearchResults.tsx,search/recommended
/deals/discounted-holidays,en,HolidayWithConfidence.tsx,n_a
/deals/discounted-holidays,en,CustomersFeedback.tsx,n_a
/deals/discounted-holidays,en,AlternativeBoardsPopup.tsx,n_a
/deals/long-stay-holidays,en,PersistentInfoBanner.tsx,n_a
/deals/long-stay-holidays,en,PromopageSearchPod.tsx,availability/last-available-date
/deals/long-stay-holidays,en,SearchPodFilters.tsx,n_a
/deals/long-stay-holidays,en,SearchResults.tsx,shortlist/delete
/deals/long-stay-holidays,en,SearchResults.tsx,search/recommended
/deals/long-stay-holidays,en,HolidayWithConfidence.tsx,n_a
/deals/long-stay-holidays,en,TextBlock.tsx,n_a
/deals/long-stay-holidays,en,CustomersFeedback.tsx,n_a
/deals/long-stay-holidays,en,AlternativeBoardsPopup.tsx,n_a
/deals/solo-holiday-deals,en,PersistentInfoBanner.tsx,n_a
/deals/solo-holiday-deals,en,PromopageSearchPod.tsx,availability/last-available-date
/deals/solo-holiday-deals,en,SearchPodFilters.tsx,n_a
/deals/solo-holiday-deals,en,SearchResults.tsx,shortlist/delete
/deals/solo-holiday-deals,en,SearchResults.tsx,search/recommended
/deals/solo-holiday-deals,en,HolidayWithConfidence.tsx,n_a
/deals/solo-holiday-deals,en,CustomersFeedback.tsx,n_a
/deals/solo-holiday-deals,en,AlternativeBoardsPopup.tsx,n_a
/deals/certified-sustainable-hotels,en,PersistentInfoBanner.tsx,n_a
/deals/certified-sustainable-hotels,en,PromopageSearchPod.tsx,availability/last-available-date
/deals/certified-sustainable-hotels,en,SearchPodFilters.tsx,n_a
/deals/certified-sustainable-hotels,en,SearchResults.tsx,shortlist/delete
/deals/certified-sustainable-hotels,en,SearchResults.tsx,search/recommended
/deals/certified-sustainable-hotels,en,HolidayWithConfidence.tsx,n_a
/deals/certified-sustainable-hotels,en,CustomersFeedback.tsx,n_a
/deals/certified-sustainable-hotels,en,AlternativeBoardsPopup.tsx,n_a
/deals/group-holiday-deals,en,PersistentInfoBanner.tsx,n_a
/deals/group-holiday-deals,en,PromopageSearchPod.tsx,availability/last-available-date
/deals/group-holiday-deals,en,SearchPodFilters.tsx,n_a
/deals/group-holiday-deals,en,SearchResults.tsx,shortlist/delete
/deals/group-holiday-deals,en,SearchResults.tsx,search/recommended
/deals/group-holiday-deals,en,HolidayWithConfidence.tsx,n_a
/deals/group-holiday-deals,en,CustomersFeedback.tsx,n_a
/deals/group-holiday-deals,en,AlternativeBoardsPopup.tsx,n_a
/deals/all-inclusive-holiday-deals,en,PersistentInfoBanner.tsx,n_a
/deals/all-inclusive-holiday-deals,en,PromopageSearchPod.tsx,availability/last-available-date
/deals/all-inclusive-holiday-deals,en,SearchPodFilters.tsx,n_a
/deals/all-inclusive-holiday-deals,en,SearchResults.tsx,shortlist/delete
/deals/all-inclusive-holiday-deals,en,SearchResults.tsx,search/recommended
/deals/all-inclusive-holiday-deals,en,HolidayWithConfidence.tsx,n_a
/deals/all-inclusive-holiday-deals,en,TextBlock.tsx,n_a
/deals/all-inclusive-holiday-deals,en,QuestionAndAnswer.tsx,help-centre/faq/save
/deals/all-inclusive-holiday-deals,en,CustomersFeedback.tsx,n_a
/deals/all-inclusive-holiday-deals,en,AlternativeBoardsPopup.tsx,n_a
/deals/christmas-holidays,en,PersistentInfoBanner.tsx,n_a
/deals/christmas-holidays,en,PromopageSearchPod.tsx,availability/last-available-date
/deals/christmas-holidays,en,SearchPodFilters.tsx,n_a
/deals/christmas-holidays,en,SearchResults.tsx,shortlist/delete
/deals/christmas-holidays,en,SearchResults.tsx,search/recommended
/deals/christmas-holidays,en,HolidayWithConfidence.tsx,n_a
/deals/christmas-holidays,en,TextBlock.tsx,n_a
/deals/christmas-holidays,en,CustomersFeedback.tsx,n_a
/deals/christmas-holidays,en,AlternativeBoardsPopup.tsx,n_a
/deals/beach-holiday-deals,en,PersistentInfoBanner.tsx,n_a
/deals/beach-holiday-deals,en,PromopageSearchPod.tsx,availability/last-available-date
/deals/beach-holiday-deals,en,SearchPodFilters.tsx,n_a
/deals/beach-holiday-deals,en,SearchResults.tsx,shortlist/delete
/deals/beach-holiday-deals,en,SearchResults.tsx,search/recommended
/deals/beach-holiday-deals,en,TextBlock.tsx,n_a
/deals/beach-holiday-deals,en,QuestionAndAnswer.tsx,help-centre/faq/save
/deals/beach-holiday-deals,en,HolidayWithConfidence.tsx,n_a
/deals/beach-holiday-deals,en,CustomersFeedback.tsx,n_a
/deals/beach-holiday-deals,en,AlternativeBoardsPopup.tsx,n_a
/deals/cheap-beach-breaks,en,PersistentInfoBanner.tsx,n_a
/deals/cheap-beach-breaks,en,PromopageSearchPod.tsx,availability/last-available-date
/deals/cheap-beach-breaks,en,SearchPodFilters.tsx,n_a
/deals/cheap-beach-breaks,en,SearchResults.tsx,shortlist/delete
/deals/cheap-beach-breaks,en,SearchResults.tsx,search/recommended
/deals/cheap-beach-breaks,en,TextBlock.tsx,n_a
/deals/cheap-beach-breaks,en,HolidayWithConfidence.tsx,n_a
/deals/cheap-beach-breaks,en,CustomersFeedback.tsx,n_a
/deals/cheap-beach-breaks,en,AlternativeBoardsPopup.tsx,n_a
/deals/summer-beach-deals,en,PersistentInfoBanner.tsx,n_a
/deals/summer-beach-deals,en,PromopageSearchPod.tsx,availability/last-available-date
/deals/summer-beach-deals,en,SearchPodFilters.tsx,n_a
/deals/summer-beach-deals,en,SearchResults.tsx,shortlist/delete
/deals/summer-beach-deals,en,SearchResults.tsx,search/recommended
/deals/summer-beach-deals,en,TextBlock.tsx,n_a
/deals/summer-beach-deals,en,HolidayWithConfidence.tsx,n_a
/deals/summer-beach-deals,en,CustomersFeedback.tsx,n_a
/deals/summer-beach-deals,en,AlternativeBoardsPopup.tsx,n_a
/deals/bed-and-breakfast-holidays,en,PersistentInfoBanner.tsx,n_a
/deals/bed-and-breakfast-holidays,en,PromopageSearchPod.tsx,availability/last-available-date
/deals/bed-and-breakfast-holidays,en,SearchPodFilters.tsx,n_a
/deals/bed-and-breakfast-holidays,en,SearchResults.tsx,shortlist/delete
/deals/bed-and-breakfast-holidays,en,SearchResults.tsx,search/recommended
/deals/bed-and-breakfast-holidays,en,HolidayWithConfidence.tsx,n_a
/deals/bed-and-breakfast-holidays,en,TextBlock.tsx,n_a
/deals/bed-and-breakfast-holidays,en,QuestionAndAnswer.tsx,help-centre/faq/save
/deals/bed-and-breakfast-holidays,en,CustomersFeedback.tsx,n_a
/deals/bed-and-breakfast-holidays,en,AlternativeBoardsPopup.tsx,n_a
/deals/black-friday-holidays,en,PersistentInfoBanner.tsx,n_a
/deals/black-friday-holidays,en,PromopageSearchPod.tsx,availability/last-available-date
/deals/black-friday-holidays,en,SearchPodFilters.tsx,n_a
/deals/black-friday-holidays,en,SearchResults.tsx,shortlist/delete
/deals/black-friday-holidays,en,SearchResults.tsx,search/recommended
/deals/black-friday-holidays,en,TextBlock.tsx,n_a
/deals/black-friday-holidays,en,HolidayWithConfidence.tsx,n_a
/deals/black-friday-holidays,en,QuestionAndAnswer.tsx,help-centre/faq/save
/deals/black-friday-holidays,en,CustomersFeedback.tsx,n_a
/deals/black-friday-holidays,en,AlternativeBoardsPopup.tsx,n_a
/deals/amsterdam-deals,en,PersistentInfoBanner.tsx,n_a
/deals/amsterdam-deals,en,PromopageSearchPod.tsx,availability/last-available-date
/deals/amsterdam-deals,en,SearchPodFilters.tsx,n_a
/deals/amsterdam-deals,en,SearchResults.tsx,shortlist/delete
/deals/amsterdam-deals,en,SearchResults.tsx,search/recommended
/deals/amsterdam-deals,en,HolidayWithConfidence.tsx,n_a
/deals/amsterdam-deals,en,TextBlock.tsx,n_a
/deals/amsterdam-deals,en,QuestionAndAnswer.tsx,help-centre/faq/save
/deals/amsterdam-deals,en,CustomersFeedback.tsx,n_a
/deals/amsterdam-deals,en,AlternativeBoardsPopup.tsx,n_a
/deals/our-top-10-cities,en,PersistentInfoBanner.tsx,n_a
/deals/our-top-10-cities,en,PromopageSearchPod.tsx,availability/last-available-date
/deals/our-top-10-cities,en,SearchPodFilters.tsx,n_a
/deals/our-top-10-cities,en,SearchResults.tsx,shortlist/delete
/deals/our-top-10-cities,en,SearchResults.tsx,search/recommended
/deals/our-top-10-cities,en,HolidayWithConfidence.tsx,n_a
/deals/our-top-10-cities,en,CustomersFeedback.tsx,n_a
/deals/our-top-10-cities,en,AlternativeBoardsPopup.tsx,n_a
/deals/paris-deals,en,PersistentInfoBanner.tsx,n_a
/deals/paris-deals,en,PromopageSearchPod.tsx,availability/last-available-date
/deals/paris-deals,en,SearchPodFilters.tsx,n_a
/deals/paris-deals,en,SearchResults.tsx,shortlist/delete
/deals/paris-deals,en,SearchResults.tsx,search/recommended
/deals/paris-deals,en,HolidayWithConfidence.tsx,n_a
/deals/paris-deals,en,TextBlock.tsx,n_a
/deals/paris-deals,en,QuestionAndAnswer.tsx,help-centre/faq/save
/deals/paris-deals,en,CustomersFeedback.tsx,n_a
/deals/paris-deals,en,AlternativeBoardsPopup.tsx,n_a
/deals/cyprus-deals,en,PersistentInfoBanner.tsx,n_a
/deals/cyprus-deals,en,PromopageSearchPod.tsx,availability/last-available-date
/deals/cyprus-deals,en,SearchPodFilters.tsx,n_a
/deals/cyprus-deals,en,SearchResults.tsx,shortlist/delete
/deals/cyprus-deals,en,SearchResults.tsx,search/recommended
/deals/cyprus-deals,en,TextBlock.tsx,n_a
/deals/cyprus-deals,en,HolidayWithConfidence.tsx,n_a
/deals/cyprus-deals,en,CustomersFeedback.tsx,n_a
/deals/cyprus-deals,en,AlternativeBoardsPopup.tsx,n_a
/deals/egypt-holiday-deals,en,PersistentInfoBanner.tsx,n_a
/deals/egypt-holiday-deals,en,PromopageSearchPod.tsx,availability/last-available-date
/deals/egypt-holiday-deals,en,SearchPodFilters.tsx,n_a
/deals/egypt-holiday-deals,en,SearchResults.tsx,shortlist/delete
/deals/egypt-holiday-deals,en,SearchResults.tsx,search/recommended
/deals/egypt-holiday-deals,en,HolidayWithConfidence.tsx,n_a
/deals/egypt-holiday-deals,en,TextBlock.tsx,n_a
/deals/egypt-holiday-deals,en,QuestionAndAnswer.tsx,help-centre/faq/save
/deals/egypt-holiday-deals,en,CustomersFeedback.tsx,n_a
/deals/egypt-holiday-deals,en,AlternativeBoardsPopup.tsx,n_a
/deals/cheap-city-breaks,en,PersistentInfoBanner.tsx,n_a
/deals/cheap-city-breaks,en,PromopageSearchPod.tsx,availability/last-available-date
/deals/cheap-city-breaks,en,SearchPodFilters.tsx,n_a
/deals/cheap-city-breaks,en,SearchResults.tsx,shortlist/delete
/deals/cheap-city-breaks,en,SearchResults.tsx,search/recommended
/deals/cheap-city-breaks,en,HolidayWithConfidence.tsx,n_a
/deals/cheap-city-breaks,en,CustomersFeedback.tsx,n_a
/deals/cheap-city-breaks,en,AlternativeBoardsPopup.tsx,n_a
/deals/uk-city-breaks,en,PersistentInfoBanner.tsx,n_a
/deals/uk-city-breaks,en,PromopageSearchPod.tsx,availability/last-available-date
/deals/uk-city-breaks,en,SearchPodFilters.tsx,n_a
/deals/uk-city-breaks,en,SearchResults.tsx,shortlist/delete
/deals/uk-city-breaks,en,SearchResults.tsx,search/recommended
/deals/uk-city-breaks,en,HolidayWithConfidence.tsx,n_a
/deals/uk-city-breaks,en,TextBlock.tsx,n_a
/deals/uk-city-breaks,en,CustomersFeedback.tsx,n_a
/deals/uk-city-breaks,en,AlternativeBoardsPopup.tsx,n_a
/deals/greece-deals,en,PersistentInfoBanner.tsx,n_a
/deals/greece-deals,en,PromopageSearchPod.tsx,availability/last-available-date
/deals/greece-deals,en,SearchPodFilters.tsx,n_a
/deals/greece-deals,en,SearchResults.tsx,shortlist/delete
/deals/greece-deals,en,SearchResults.tsx,search/recommended
/deals/greece-deals,en,TextBlock.tsx,n_a
/deals/greece-deals,en,QuestionAndAnswer.tsx,help-centre/faq/save
/deals/greece-deals,en,HolidayWithConfidence.tsx,n_a
/deals/greece-deals,en,CustomersFeedback.tsx,n_a
/deals/greece-deals,en,AlternativeBoardsPopup.tsx,n_a
/deals/holiday-deals-from-london-gatwick,en,PersistentInfoBanner.tsx,n_a
/deals/holiday-deals-from-london-gatwick,en,PromopageSearchPod.tsx,availability/last-available-date
/deals/holiday-deals-from-london-gatwick,en,SearchPodFilters.tsx,n_a
/deals/holiday-deals-from-london-gatwick,en,SearchResults.tsx,shortlist/delete
/deals/holiday-deals-from-london-gatwick,en,SearchResults.tsx,search/recommended
/deals/holiday-deals-from-london-gatwick,en,HolidayWithConfidence.tsx,n_a
/deals/holiday-deals-from-london-gatwick,en,TextBlock.tsx,n_a
/deals/holiday-deals-from-london-gatwick,en,CustomersFeedback.tsx,n_a
/deals/holiday-deals-from-london-gatwick,en,AlternativeBoardsPopup.tsx,n_a
/deals/holidays-under-200pp,en,PersistentInfoBanner.tsx,n_a
/deals/holidays-under-200pp,en,PromopageSearchPod.tsx,availability/last-available-date
/deals/holidays-under-200pp,en,SearchPodFilters.tsx,n_a
/deals/holidays-under-200pp,en,SearchResults.tsx,shortlist/delete
/deals/holidays-under-200pp,en,SearchResults.tsx,search/recommended
/deals/holidays-under-200pp,en,HolidayWithConfidence.tsx,n_a
/deals/holidays-under-200pp,en,TextBlock.tsx,n_a
/deals/holidays-under-200pp,en,CustomersFeedback.tsx,n_a
/deals/holidays-under-200pp,en,AlternativeBoardsPopup.tsx,n_a
/deals/holidays-under-300pp,en,PersistentInfoBanner.tsx,n_a
/deals/holidays-under-300pp,en,PromopageSearchPod.tsx,availability/last-available-date
/deals/holidays-under-300pp,en,SearchPodFilters.tsx,n_a
/deals/holidays-under-300pp,en,SearchResults.tsx,shortlist/delete
/deals/holidays-under-300pp,en,SearchResults.tsx,search/recommended
/deals/holidays-under-300pp,en,HolidayWithConfidence.tsx,n_a
/deals/holidays-under-300pp,en,TextBlock.tsx,n_a
/deals/holidays-under-300pp,en,CustomersFeedback.tsx,n_a
/deals/holidays-under-300pp,en,AlternativeBoardsPopup.tsx,n_a
/deals/holidays-under-400pp,en,PersistentInfoBanner.tsx,n_a
/deals/holidays-under-400pp,en,PromopageSearchPod.tsx,availability/last-available-date
/deals/holidays-under-400pp,en,SearchPodFilters.tsx,n_a
/deals/holidays-under-400pp,en,SearchResults.tsx,shortlist/delete
/deals/holidays-under-400pp,en,SearchResults.tsx,search/recommended
/deals/holidays-under-400pp,en,HolidayWithConfidence.tsx,n_a
/deals/holidays-under-400pp,en,TextBlock.tsx,n_a
/deals/holidays-under-400pp,en,CustomersFeedback.tsx,n_a
/deals/holidays-under-400pp,en,AlternativeBoardsPopup.tsx,n_a
/deals/holidays-under-500pp,en,PersistentInfoBanner.tsx,n_a
/deals/holidays-under-500pp,en,PromopageSearchPod.tsx,availability/last-available-date
/deals/holidays-under-500pp,en,SearchPodFilters.tsx,n_a
/deals/holidays-under-500pp,en,SearchResults.tsx,shortlist/delete
/deals/holidays-under-500pp,en,SearchResults.tsx,search/recommended
/deals/holidays-under-500pp,en,HolidayWithConfidence.tsx,n_a
/deals/holidays-under-500pp,en,TextBlock.tsx,n_a
/deals/holidays-under-500pp,en,CustomersFeedback.tsx,n_a
/deals/holidays-under-500pp,en,AlternativeBoardsPopup.tsx,n_a
/deals/italy-holiday-deals,en,PersistentInfoBanner.tsx,n_a
/deals/italy-holiday-deals,en,PromopageSearchPod.tsx,availability/last-available-date
/deals/italy-holiday-deals,en,SearchPodFilters.tsx,n_a
/deals/italy-holiday-deals,en,SearchResults.tsx,shortlist/delete
/deals/italy-holiday-deals,en,SearchResults.tsx,search/recommended
/deals/italy-holiday-deals,en,TextBlock.tsx,n_a
/deals/italy-holiday-deals,en,QuestionAndAnswer.tsx,help-centre/faq/save
/deals/italy-holiday-deals,en,HolidayWithConfidence.tsx,n_a
/deals/italy-holiday-deals,en,CustomersFeedback.tsx,n_a
/deals/italy-holiday-deals,en,AlternativeBoardsPopup.tsx,n_a
/deals/lakes-holiday-deals,en,PersistentInfoBanner.tsx,n_a
/deals/lakes-holiday-deals,en,PromopageSearchPod.tsx,availability/last-available-date
/deals/lakes-holiday-deals,en,SearchPodFilters.tsx,n_a
/deals/lakes-holiday-deals,en,SearchResults.tsx,shortlist/delete
/deals/lakes-holiday-deals,en,SearchResults.tsx,search/recommended
/deals/lakes-holiday-deals,en,HolidayWithConfidence.tsx,n_a
/deals/lakes-holiday-deals,en,TextBlock.tsx,n_a
/deals/lakes-holiday-deals,en,QuestionAndAnswer.tsx,help-centre/faq/save
/deals/lakes-holiday-deals,en,CustomersFeedback.tsx,n_a
/deals/lakes-holiday-deals,en,AlternativeBoardsPopup.tsx,n_a
/deals/malta-deals,en,PersistentInfoBanner.tsx,n_a
/deals/malta-deals,en,PromopageSearchPod.tsx,availability/last-available-date
/deals/malta-deals,en,SearchPodFilters.tsx,n_a
/deals/malta-deals,en,SearchResults.tsx,shortlist/delete
/deals/malta-deals,en,SearchResults.tsx,search/recommended
/deals/malta-deals,en,TextBlock.tsx,n_a
/deals/malta-deals,en,HolidayWithConfidence.tsx,n_a
/deals/malta-deals,en,QuestionAndAnswer.tsx,help-centre/faq/save
/deals/malta-deals,en,CustomersFeedback.tsx,n_a
/deals/malta-deals,en,AlternativeBoardsPopup.tsx,n_a
/deals/next-winter,en,PersistentInfoBanner.tsx,n_a
/deals/next-winter,en,PromopageSearchPod.tsx,availability/last-available-date
/deals/next-winter,en,SearchPodFilters.tsx,n_a
/deals/next-winter,en,SearchResults.tsx,shortlist/delete
/deals/next-winter,en,SearchResults.tsx,search/recommended
/deals/next-winter,en,HolidayWithConfidence.tsx,n_a
/deals/next-winter,en,TextBlock.tsx,n_a
/deals/next-winter,en,CustomersFeedback.tsx,n_a
/deals/next-winter,en,AlternativeBoardsPopup.tsx,n_a
/deals/portugal-deals,en,PersistentInfoBanner.tsx,n_a
/deals/portugal-deals,en,PromopageSearchPod.tsx,availability/last-available-date
/deals/portugal-deals,en,SearchPodFilters.tsx,n_a
/deals/portugal-deals,en,SearchResults.tsx,shortlist/delete
/deals/portugal-deals,en,SearchResults.tsx,search/recommended
/deals/portugal-deals,en,HolidayWithConfidence.tsx,n_a
/deals/portugal-deals,en,TextBlock.tsx,n_a
/deals/portugal-deals,en,QuestionAndAnswer.tsx,help-centre/faq/save
/deals/portugal-deals,en,CustomersFeedback.tsx,n_a
/deals/portugal-deals,en,AlternativeBoardsPopup.tsx,n_a
/deals/promotions,en,PersistentInfoBanner.tsx,n_a
/deals/promotions,en,PromopageSearchPod.tsx,availability/last-available-date
/deals/promotions,en,SearchPodFilters.tsx,n_a
/deals/promotions,en,SearchResults.tsx,shortlist/delete
/deals/promotions,en,SearchResults.tsx,search/recommended
/deals/promotions,en,HolidayWithConfidence.tsx,n_a
/deals/promotions,en,PromoMerchBanner.tsx,n_a
/deals/promotions,en,CustomersFeedback.tsx,n_a
/deals/promotions,en,AlternativeBoardsPopup.tsx,n_a
/deals/school-holiday-deals,en,PersistentInfoBanner.tsx,n_a
/deals/school-holiday-deals,en,PromopageSearchPod.tsx,availability/last-available-date
/deals/school-holiday-deals,en,SearchPodFilters.tsx,n_a
/deals/school-holiday-deals,en,SearchResults.tsx,shortlist/delete
/deals/school-holiday-deals,en,SearchResults.tsx,search/recommended
/deals/school-holiday-deals,en,HolidayWithConfidence.tsx,n_a
/deals/school-holiday-deals,en,TextBlock.tsx,n_a
/deals/school-holiday-deals,en,QuestionAndAnswer.tsx,help-centre/faq/save
/deals/school-holiday-deals,en,CustomersFeedback.tsx,n_a
/deals/school-holiday-deals,en,AlternativeBoardsPopup.tsx,n_a
/deals/short-break-deals,en,PersistentInfoBanner.tsx,n_a
/deals/short-break-deals,en,PromopageSearchPod.tsx,availability/last-available-date
/deals/short-break-deals,en,SearchPodFilters.tsx,n_a
/deals/short-break-deals,en,SearchResults.tsx,shortlist/delete
/deals/short-break-deals,en,SearchResults.tsx,search/recommended
/deals/short-break-deals,en,QuestionAndAnswer.tsx,help-centre/faq/save
/deals/short-break-deals,en,HolidayWithConfidence.tsx,n_a
/deals/short-break-deals,en,CustomersFeedback.tsx,n_a
/deals/short-break-deals,en,AlternativeBoardsPopup.tsx,n_a
/deals/spain-deals,en,PersistentInfoBanner.tsx,n_a
/deals/spain-deals,en,PromopageSearchPod.tsx,availability/last-available-date
/deals/spain-deals,en,SearchPodFilters.tsx,n_a
/deals/spain-deals,en,SearchResults.tsx,shortlist/delete
/deals/spain-deals,en,SearchResults.tsx,search/recommended
/deals/spain-deals,en,HolidayWithConfidence.tsx,n_a
/deals/spain-deals,en,TextBlock.tsx,n_a
/deals/spain-deals,en,CustomersFeedback.tsx,n_a
/deals/spain-deals,en,AlternativeBoardsPopup.tsx,n_a
/deals/beach-city-breaks,en,PersistentInfoBanner.tsx,n_a
/deals/beach-city-breaks,en,PromopageSearchPod.tsx,availability/last-available-date
/deals/beach-city-breaks,en,SearchPodFilters.tsx,n_a
/deals/beach-city-breaks,en,SearchResults.tsx,shortlist/delete
/deals/beach-city-breaks,en,SearchResults.tsx,search/recommended
/deals/beach-city-breaks,en,TextBlock.tsx,n_a
/deals/beach-city-breaks,en,HolidayWithConfidence.tsx,n_a
/deals/beach-city-breaks,en,CustomersFeedback.tsx,n_a
/deals/beach-city-breaks,en,AlternativeBoardsPopup.tsx,n_a
/deals/summer-city-breaks,en,PersistentInfoBanner.tsx,n_a
/deals/summer-city-breaks,en,PromopageSearchPod.tsx,availability/last-available-date
/deals/summer-city-breaks,en,SearchPodFilters.tsx,n_a
/deals/summer-city-breaks,en,SearchResults.tsx,shortlist/delete
/deals/summer-city-breaks,en,SearchResults.tsx,search/recommended
/deals/summer-city-breaks,en,HolidayWithConfidence.tsx,n_a
/deals/summer-city-breaks,en,TextBlock.tsx,n_a
/deals/summer-city-breaks,en,QuestionAndAnswer.tsx,help-centre/faq/save
/deals/summer-city-breaks,en,CustomersFeedback.tsx,n_a
/deals/summer-city-breaks,en,AlternativeBoardsPopup.tsx,n_a
/deals/turkey-deals,en,PersistentInfoBanner.tsx,n_a
/deals/turkey-deals,en,PromopageSearchPod.tsx,availability/last-available-date
/deals/turkey-deals,en,SearchPodFilters.tsx,n_a
/deals/turkey-deals,en,SearchResults.tsx,shortlist/delete
/deals/turkey-deals,en,SearchResults.tsx,search/recommended
/deals/turkey-deals,en,TextBlock.tsx,n_a
/deals/turkey-deals,en,HolidayWithConfidence.tsx,n_a
/deals/turkey-deals,en,QuestionAndAnswer.tsx,help-centre/faq/save
/deals/turkey-deals,en,CustomersFeedback.tsx,n_a
/deals/turkey-deals,en,AlternativeBoardsPopup.tsx,n_a
/deals/waterpark-holiday-deals,en,PersistentInfoBanner.tsx,n_a
/deals/waterpark-holiday-deals,en,PromopageSearchPod.tsx,availability/last-available-date
/deals/waterpark-holiday-deals,en,SearchPodFilters.tsx,n_a
/deals/waterpark-holiday-deals,en,SearchResults.tsx,shortlist/delete
/deals/waterpark-holiday-deals,en,SearchResults.tsx,search/recommended
/deals/waterpark-holiday-deals,en,TextBlock.tsx,n_a
/deals/waterpark-holiday-deals,en,HolidayWithConfidence.tsx,n_a
/deals/waterpark-holiday-deals,en,QuestionAndAnswer.tsx,help-centre/faq/save
/deals/waterpark-holiday-deals,en,CustomersFeedback.tsx,n_a
/deals/waterpark-holiday-deals,en,AlternativeBoardsPopup.tsx,n_a
/deals/self-catering-holidays,en,PersistentInfoBanner.tsx,n_a
/deals/self-catering-holidays,en,PromopageSearchPod.tsx,availability/last-available-date
/deals/self-catering-holidays,en,SearchPodFilters.tsx,n_a
/deals/self-catering-holidays,en,SearchResults.tsx,shortlist/delete
/deals/self-catering-holidays,en,SearchResults.tsx,search/recommended
/deals/self-catering-holidays,en,TextBlock.tsx,n_a
/deals/self-catering-holidays,en,HolidayWithConfidence.tsx,n_a
/deals/self-catering-holidays,en,QuestionAndAnswer.tsx,help-centre/faq/save
/deals/self-catering-holidays,en,CustomersFeedback.tsx,n_a
/deals/self-catering-holidays,en,AlternativeBoardsPopup.tsx,n_a
/deals/spa-holidays,en,PersistentInfoBanner.tsx,n_a
/deals/spa-holidays,en,PromopageSearchPod.tsx,availability/last-available-date
/deals/spa-holidays,en,SearchPodFilters.tsx,n_a
/deals/spa-holidays,en,SearchResults.tsx,shortlist/delete
/deals/spa-holidays,en,SearchResults.tsx,search/recommended
/deals/spa-holidays,en,TextBlock.tsx,n_a
/deals/spa-holidays,en,HolidayWithConfidence.tsx,n_a
/deals/spa-holidays,en,QuestionAndAnswer.tsx,help-centre/faq/save
/deals/spa-holidays,en,CustomersFeedback.tsx,n_a
/deals/spa-holidays,en,AlternativeBoardsPopup.tsx,n_a
/deals/christmas-market-holidays,en,PersistentInfoBanner.tsx,n_a
/deals/christmas-market-holidays,en,PromopageSearchPod.tsx,availability/last-available-date
/deals/christmas-market-holidays,en,SearchPodFilters.tsx,n_a
/deals/christmas-market-holidays,en,SearchResults.tsx,shortlist/delete
/deals/christmas-market-holidays,en,SearchResults.tsx,search/recommended
/deals/christmas-market-holidays,en,TextBlock.tsx,n_a
/deals/christmas-market-holidays,en,HolidayWithConfidence.tsx,n_a
/deals/christmas-market-holidays,en,CustomersFeedback.tsx,n_a
/deals/christmas-market-holidays,en,AlternativeBoardsPopup.tsx,n_a
/deals/luxury-beach-holiday-deals,en,PersistentInfoBanner.tsx,n_a
/deals/luxury-beach-holiday-deals,en,PromopageSearchPod.tsx,availability/last-available-date
/deals/luxury-beach-holiday-deals,en,SearchPodFilters.tsx,n_a
/deals/luxury-beach-holiday-deals,en,SearchResults.tsx,shortlist/delete
/deals/luxury-beach-holiday-deals,en,SearchResults.tsx,search/recommended
/deals/luxury-beach-holiday-deals,en,HolidayWithConfidence.tsx,n_a
/deals/luxury-beach-holiday-deals,en,TextBlock.tsx,n_a
/deals/luxury-beach-holiday-deals,en,QuestionAndAnswer.tsx,help-centre/faq/save
/deals/luxury-beach-holiday-deals,en,CustomersFeedback.tsx,n_a
/deals/luxury-beach-holiday-deals,en,AlternativeBoardsPopup.tsx,n_a
/deals/luxury-city-break-deals,en,PersistentInfoBanner.tsx,n_a
/deals/luxury-city-break-deals,en,PromopageSearchPod.tsx,availability/last-available-date
/deals/luxury-city-break-deals,en,SearchPodFilters.tsx,n_a
/deals/luxury-city-break-deals,en,SearchResults.tsx,shortlist/delete
/deals/luxury-city-break-deals,en,SearchResults.tsx,search/recommended
/deals/luxury-city-break-deals,en,HolidayWithConfidence.tsx,n_a
/deals/luxury-city-break-deals,en,TextBlock.tsx,n_a
/deals/luxury-city-break-deals,en,QuestionAndAnswer.tsx,help-centre/faq/save
/deals/luxury-city-break-deals,en,CustomersFeedback.tsx,n_a
/deals/luxury-city-break-deals,en,AlternativeBoardsPopup.tsx,n_a
/deals/easter-deals,en,PersistentInfoBanner.tsx,n_a
/deals/easter-deals,en,PromopageSearchPod.tsx,availability/last-available-date
/deals/easter-deals,en,SearchPodFilters.tsx,n_a
/deals/easter-deals,en,SearchResults.tsx,shortlist/delete
/deals/easter-deals,en,SearchResults.tsx,search/recommended
/deals/easter-deals,en,HolidayWithConfidence.tsx,n_a
/deals/easter-deals,en,TextBlock.tsx,n_a
/deals/easter-deals,en,QuestionAndAnswer.tsx,help-centre/faq/save
/deals/easter-deals,en,CustomersFeedback.tsx,n_a
/deals/easter-deals,en,AlternativeBoardsPopup.tsx,n_a
/deals/easter-deals/from-belfast,en,AlternativeBoardsPopup.tsx,n_a
/deals/easter-deals/from-belfast,en,CustomersFeedback.tsx,n_a
/deals/easter-deals/from-belfast,en,SearchResults.tsx,shortlist/delete
/deals/easter-deals/from-belfast,en,SearchResults.tsx,search/recommended
/deals/easter-deals/from-belfast,en,HolidayWithConfidence.tsx,n_a
/deals/easter-deals/from-belfast,en,TextBlock.tsx,n_a
/deals/easter-deals/from-belfast,en,SearchPodFilters.tsx,n_a
/deals/easter-deals/from-belfast,en,PromopageSearchPod.tsx,availability/last-available-date
/deals/easter-deals/from-belfast,en,PersistentInfoBanner.tsx,n_a
/deals/easter-deals/from-bristol,en,AlternativeBoardsPopup.tsx,n_a
/deals/easter-deals/from-bristol,en,CustomersFeedback.tsx,n_a
/deals/easter-deals/from-bristol,en,SearchResults.tsx,shortlist/delete
/deals/easter-deals/from-bristol,en,SearchResults.tsx,search/recommended
/deals/easter-deals/from-bristol,en,HolidayWithConfidence.tsx,n_a
/deals/easter-deals/from-bristol,en,TextBlock.tsx,n_a
/deals/easter-deals/from-bristol,en,SearchPodFilters.tsx,n_a
/deals/easter-deals/from-bristol,en,PromopageSearchPod.tsx,availability/last-available-date
/deals/easter-deals/from-bristol,en,PersistentInfoBanner.tsx,n_a
/deals/easter-deals/from-edinburgh,en,AlternativeBoardsPopup.tsx,n_a
/deals/easter-deals/from-edinburgh,en,CustomersFeedback.tsx,n_a
/deals/easter-deals/from-edinburgh,en,SearchResults.tsx,shortlist/delete
/deals/easter-deals/from-edinburgh,en,SearchResults.tsx,search/recommended
/deals/easter-deals/from-edinburgh,en,HolidayWithConfidence.tsx,n_a
/deals/easter-deals/from-edinburgh,en,TextBlock.tsx,n_a
/deals/easter-deals/from-edinburgh,en,SearchPodFilters.tsx,n_a
/deals/easter-deals/from-edinburgh,en,PromopageSearchPod.tsx,availability/last-available-date
/deals/easter-deals/from-edinburgh,en,PersistentInfoBanner.tsx,n_a
/deals/easter-deals/from-glasgow,en,AlternativeBoardsPopup.tsx,n_a
/deals/easter-deals/from-glasgow,en,CustomersFeedback.tsx,n_a
/deals/easter-deals/from-glasgow,en,SearchResults.tsx,shortlist/delete
/deals/easter-deals/from-glasgow,en,SearchResults.tsx,search/recommended
/deals/easter-deals/from-glasgow,en,HolidayWithConfidence.tsx,n_a
/deals/easter-deals/from-glasgow,en,TextBlock.tsx,n_a
/deals/easter-deals/from-glasgow,en,SearchPodFilters.tsx,n_a
/deals/easter-deals/from-glasgow,en,PromopageSearchPod.tsx,availability/last-available-date
/deals/easter-deals/from-glasgow,en,PersistentInfoBanner.tsx,n_a
/deals/easter-deals/from-liverpool,en,AlternativeBoardsPopup.tsx,n_a
/deals/easter-deals/from-liverpool,en,CustomersFeedback.tsx,n_a
/deals/easter-deals/from-liverpool,en,SearchResults.tsx,shortlist/delete
/deals/easter-deals/from-liverpool,en,SearchResults.tsx,search/recommended
/deals/easter-deals/from-liverpool,en,HolidayWithConfidence.tsx,n_a
/deals/easter-deals/from-liverpool,en,TextBlock.tsx,n_a
/deals/easter-deals/from-liverpool,en,SearchPodFilters.tsx,n_a
/deals/easter-deals/from-liverpool,en,PromopageSearchPod.tsx,availability/last-available-date
/deals/easter-deals/from-liverpool,en,PersistentInfoBanner.tsx,n_a
/deals/easter-deals/from-london,en,AlternativeBoardsPopup.tsx,n_a
/deals/easter-deals/from-london,en,CustomersFeedback.tsx,n_a
/deals/easter-deals/from-london,en,SearchResults.tsx,shortlist/delete
/deals/easter-deals/from-london,en,SearchResults.tsx,search/recommended
/deals/easter-deals/from-london,en,HolidayWithConfidence.tsx,n_a
/deals/easter-deals/from-london,en,TextBlock.tsx,n_a
/deals/easter-deals/from-london,en,SearchPodFilters.tsx,n_a
/deals/easter-deals/from-london,en,PromopageSearchPod.tsx,availability/last-available-date
/deals/easter-deals/from-london,en,PersistentInfoBanner.tsx,n_a
/deals/easter-deals/from-london-gatwick,en,AlternativeBoardsPopup.tsx,n_a
/deals/easter-deals/from-london-gatwick,en,CustomersFeedback.tsx,n_a
/deals/easter-deals/from-london-gatwick,en,SearchResults.tsx,shortlist/delete
/deals/easter-deals/from-london-gatwick,en,SearchResults.tsx,search/recommended
/deals/easter-deals/from-london-gatwick,en,HolidayWithConfidence.tsx,n_a
/deals/easter-deals/from-london-gatwick,en,TextBlock.tsx,n_a
/deals/easter-deals/from-london-gatwick,en,SearchPodFilters.tsx,n_a
/deals/easter-deals/from-london-gatwick,en,PromopageSearchPod.tsx,availability/last-available-date
/deals/easter-deals/from-london-gatwick,en,PersistentInfoBanner.tsx,n_a
/deals/easter-deals/from-london-luton,en,AlternativeBoardsPopup.tsx,n_a
/deals/easter-deals/from-london-luton,en,CustomersFeedback.tsx,n_a
/deals/easter-deals/from-london-luton,en,SearchResults.tsx,shortlist/delete
/deals/easter-deals/from-london-luton,en,SearchResults.tsx,search/recommended
/deals/easter-deals/from-london-luton,en,HolidayWithConfidence.tsx,n_a
/deals/easter-deals/from-london-luton,en,TextBlock.tsx,n_a
/deals/easter-deals/from-london-luton,en,SearchPodFilters.tsx,n_a
/deals/easter-deals/from-london-luton,en,PromopageSearchPod.tsx,availability/last-available-date
/deals/easter-deals/from-london-luton,en,PersistentInfoBanner.tsx,n_a
/deals/easter-deals/from-london-southend,en,AlternativeBoardsPopup.tsx,n_a
/deals/easter-deals/from-london-southend,en,CustomersFeedback.tsx,n_a
/deals/easter-deals/from-london-southend,en,SearchResults.tsx,shortlist/delete
/deals/easter-deals/from-london-southend,en,SearchResults.tsx,search/recommended
/deals/easter-deals/from-london-southend,en,HolidayWithConfidence.tsx,n_a
/deals/easter-deals/from-london-southend,en,TextBlock.tsx,n_a
/deals/easter-deals/from-london-southend,en,SearchPodFilters.tsx,n_a
/deals/easter-deals/from-london-southend,en,PromopageSearchPod.tsx,availability/last-available-date
/deals/easter-deals/from-london-southend,en,PersistentInfoBanner.tsx,n_a
/deals/easter-deals/from-london-stansted,en,AlternativeBoardsPopup.tsx,n_a
/deals/easter-deals/from-london-stansted,en,CustomersFeedback.tsx,n_a
/deals/easter-deals/from-london-stansted,en,SearchResults.tsx,shortlist/delete
/deals/easter-deals/from-london-stansted,en,SearchResults.tsx,search/recommended
/deals/easter-deals/from-london-stansted,en,HolidayWithConfidence.tsx,n_a
/deals/easter-deals/from-london-stansted,en,TextBlock.tsx,n_a
/deals/easter-deals/from-london-stansted,en,SearchPodFilters.tsx,n_a
/deals/easter-deals/from-london-stansted,en,PromopageSearchPod.tsx,availability/last-available-date
/deals/easter-deals/from-london-stansted,en,PersistentInfoBanner.tsx,n_a
/deals/easter-deals/from-manchester,en,AlternativeBoardsPopup.tsx,n_a
/deals/easter-deals/from-manchester,en,CustomersFeedback.tsx,n_a
/deals/easter-deals/from-manchester,en,SearchResults.tsx,shortlist/delete
/deals/easter-deals/from-manchester,en,SearchResults.tsx,search/recommended
/deals/easter-deals/from-manchester,en,HolidayWithConfidence.tsx,n_a
/deals/easter-deals/from-manchester,en,TextBlock.tsx,n_a
/deals/easter-deals/from-manchester,en,SearchPodFilters.tsx,n_a
/deals/easter-deals/from-manchester,en,PromopageSearchPod.tsx,availability/last-available-date
/deals/easter-deals/from-manchester,en,PersistentInfoBanner.tsx,n_a
/deals/easter-deals/from-newcastle,en,AlternativeBoardsPopup.tsx,n_a
/deals/easter-deals/from-newcastle,en,CustomersFeedback.tsx,n_a
/deals/easter-deals/from-newcastle,en,SearchResults.tsx,shortlist/delete
/deals/easter-deals/from-newcastle,en,SearchResults.tsx,search/recommended
/deals/easter-deals/from-newcastle,en,HolidayWithConfidence.tsx,n_a
/deals/easter-deals/from-newcastle,en,TextBlock.tsx,n_a
/deals/easter-deals/from-newcastle,en,SearchPodFilters.tsx,n_a
/deals/easter-deals/from-newcastle,en,PromopageSearchPod.tsx,availability/last-available-date
/deals/easter-deals/from-newcastle,en,PersistentInfoBanner.tsx,n_a
/deals/next-summer,en,PersistentInfoBanner.tsx,n_a
/deals/next-summer,en,PromopageSearchPod.tsx,availability/last-available-date
/deals/next-summer,en,SearchPodFilters.tsx,n_a
/deals/next-summer,en,SearchResults.tsx,shortlist/delete
/deals/next-summer,en,SearchResults.tsx,search/recommended
/deals/next-summer,en,HolidayWithConfidence.tsx,n_a
/deals/next-summer,en,TextBlock.tsx,n_a
/deals/next-summer,en,CustomersFeedback.tsx,n_a
/deals/next-summer,en,AlternativeBoardsPopup.tsx,n_a
/deals/may-school-holidays,en,PersistentInfoBanner.tsx,n_a
/deals/may-school-holidays,en,PromopageSearchPod.tsx,availability/last-available-date
/deals/may-school-holidays,en,SearchPodFilters.tsx,n_a
/deals/may-school-holidays,en,SearchResults.tsx,shortlist/delete
/deals/may-school-holidays,en,SearchResults.tsx,search/recommended
/deals/may-school-holidays,en,HolidayWithConfidence.tsx,n_a
/deals/may-school-holidays,en,TextBlock.tsx,n_a
/deals/may-school-holidays,en,CustomersFeedback.tsx,n_a
/deals/may-school-holidays,en,AlternativeBoardsPopup.tsx,n_a
/deals/october-school-holidays,en,PersistentInfoBanner.tsx,n_a
/deals/october-school-holidays,en,PromopageSearchPod.tsx,availability/last-available-date
/deals/october-school-holidays,en,SearchPodFilters.tsx,n_a
/deals/october-school-holidays,en,SearchResults.tsx,shortlist/delete
/deals/october-school-holidays,en,SearchResults.tsx,search/recommended
/deals/october-school-holidays,en,HolidayWithConfidence.tsx,n_a
/deals/october-school-holidays,en,TextBlock.tsx,n_a
/deals/october-school-holidays,en,QuestionAndAnswer.tsx,help-centre/faq/save
/deals/october-school-holidays,en,CustomersFeedback.tsx,n_a
/deals/october-school-holidays,en,AlternativeBoardsPopup.tsx,n_a
/deals/adults-holiday-deals,en,PersistentInfoBanner.tsx,n_a
/deals/adults-holiday-deals,en,PromopageSearchPod.tsx,availability/last-available-date
/deals/adults-holiday-deals,en,SearchPodFilters.tsx,n_a
/deals/adults-holiday-deals,en,SearchResults.tsx,shortlist/delete
/deals/adults-holiday-deals,en,SearchResults.tsx,search/recommended
/deals/adults-holiday-deals,en,TextBlock.tsx,n_a
/deals/adults-holiday-deals,en,HolidayWithConfidence.tsx,n_a
/deals/adults-holiday-deals,en,QuestionAndAnswer.tsx,help-centre/faq/save
/deals/adults-holiday-deals,en,CustomersFeedback.tsx,n_a
/deals/adults-holiday-deals,en,AlternativeBoardsPopup.tsx,n_a
/deals/family-holiday-deals,en,PersistentInfoBanner.tsx,n_a
/deals/family-holiday-deals,en,PromopageSearchPod.tsx,availability/last-available-date
/deals/family-holiday-deals,en,SearchPodFilters.tsx,n_a
/deals/family-holiday-deals,en,SearchResults.tsx,shortlist/delete
/deals/family-holiday-deals,en,SearchResults.tsx,search/recommended
/deals/family-holiday-deals,en,TextBlock.tsx,n_a
/deals/family-holiday-deals,en,HolidayWithConfidence.tsx,n_a
/deals/family-holiday-deals,en,QuestionAndAnswer.tsx,help-centre/faq/save
/deals/family-holiday-deals,en,CustomersFeedback.tsx,n_a
/deals/family-holiday-deals,en,AlternativeBoardsPopup.tsx,n_a
/deals/balearic-islands,en,PersistentInfoBanner.tsx,n_a
/deals/balearic-islands,en,PromopageSearchPod.tsx,availability/last-available-date
/deals/balearic-islands,en,SearchPodFilters.tsx,n_a
/deals/balearic-islands,en,SearchResults.tsx,shortlist/delete
/deals/balearic-islands,en,SearchResults.tsx,search/recommended
/deals/balearic-islands,en,HolidayWithConfidence.tsx,n_a
/deals/balearic-islands,en,TextBlock.tsx,n_a
/deals/balearic-islands,en,QuestionAndAnswer.tsx,help-centre/faq/save
/deals/balearic-islands,en,CustomersFeedback.tsx,n_a
/deals/balearic-islands,en,AlternativeBoardsPopup.tsx,n_a
/deals/free-child-places,en,PersistentInfoBanner.tsx,n_a
/deals/free-child-places,en,PromopageSearchPod.tsx,availability/last-available-date
/deals/free-child-places,en,SearchPodFilters.tsx,n_a
/deals/free-child-places,en,SearchResults.tsx,shortlist/delete
/deals/free-child-places,en,SearchResults.tsx,search/recommended
/deals/free-child-places,en,HolidayWithConfidence.tsx,n_a
/deals/free-child-places,en,TextBlock.tsx,n_a
/deals/free-child-places,en,QuestionAndAnswer.tsx,help-centre/faq/save
/deals/free-child-places,en,CustomersFeedback.tsx,n_a
/deals/free-child-places,en,AlternativeBoardsPopup.tsx,n_a
/deals/canary-islands,en,PersistentInfoBanner.tsx,n_a
/deals/canary-islands,en,PromopageSearchPod.tsx,availability/last-available-date
/deals/canary-islands,en,SearchPodFilters.tsx,n_a
/deals/canary-islands,en,SearchResults.tsx,shortlist/delete
/deals/canary-islands,en,SearchResults.tsx,search/recommended
/deals/canary-islands,en,HolidayWithConfidence.tsx,n_a
/deals/canary-islands,en,TextBlock.tsx,n_a
/deals/canary-islands,en,QuestionAndAnswer.tsx,help-centre/faq/save
/deals/canary-islands,en,CustomersFeedback.tsx,n_a
/deals/canary-islands,en,AlternativeBoardsPopup.tsx,n_a
/deals/tenerife-holiday-deals,en,PersistentInfoBanner.tsx,n_a
/deals/tenerife-holiday-deals,en,PromopageSearchPod.tsx,availability/last-available-date
/deals/tenerife-holiday-deals,en,SearchPodFilters.tsx,n_a
/deals/tenerife-holiday-deals,en,SearchResults.tsx,shortlist/delete
/deals/tenerife-holiday-deals,en,SearchResults.tsx,search/recommended
/deals/tenerife-holiday-deals,en,HolidayWithConfidence.tsx,n_a
/deals/tenerife-holiday-deals,en,TextBlock.tsx,n_a
/deals/tenerife-holiday-deals,en,CustomersFeedback.tsx,n_a
/deals/tenerife-holiday-deals,en,AlternativeBoardsPopup.tsx,n_a
/deals/last-minute-city-breaks,en,PersistentInfoBanner.tsx,n_a
/deals/last-minute-city-breaks,en,PromopageSearchPod.tsx,availability/last-available-date
/deals/last-minute-city-breaks,en,SearchPodFilters.tsx,n_a
/deals/last-minute-city-breaks,en,SearchResults.tsx,shortlist/delete
/deals/last-minute-city-breaks,en,SearchResults.tsx,search/recommended
/deals/last-minute-city-breaks,en,HolidayWithConfidence.tsx,n_a
/deals/last-minute-city-breaks,en,TextBlock.tsx,n_a
/deals/last-minute-city-breaks,en,QuestionAndAnswer.tsx,help-centre/faq/save
/deals/last-minute-city-breaks,en,CustomersFeedback.tsx,n_a
/deals/last-minute-city-breaks,en,AlternativeBoardsPopup.tsx,n_a
/deals/last-minute-beach-holidays,en,PersistentInfoBanner.tsx,n_a
/deals/last-minute-beach-holidays,en,PromopageSearchPod.tsx,availability/last-available-date
/deals/last-minute-beach-holidays,en,SearchPodFilters.tsx,n_a
/deals/last-minute-beach-holidays,en,SearchResults.tsx,shortlist/delete
/deals/last-minute-beach-holidays,en,SearchResults.tsx,search/recommended
/deals/last-minute-beach-holidays,en,HolidayWithConfidence.tsx,n_a
/deals/last-minute-beach-holidays,en,TextBlock.tsx,n_a
/deals/last-minute-beach-holidays,en,QuestionAndAnswer.tsx,help-centre/faq/save
/deals/last-minute-beach-holidays,en,CustomersFeedback.tsx,n_a
/deals/last-minute-beach-holidays,en,AlternativeBoardsPopup.tsx,n_a
/deals/last-minute-holiday-deals,en,PersistentInfoBanner.tsx,n_a
/deals/last-minute-holiday-deals,en,PromopageSearchPod.tsx,availability/last-available-date
/deals/last-minute-holiday-deals,en,SearchPodFilters.tsx,n_a
/deals/last-minute-holiday-deals,en,SearchResults.tsx,shortlist/delete
/deals/last-minute-holiday-deals,en,SearchResults.tsx,search/recommended
/deals/last-minute-holiday-deals,en,TextBlock.tsx,n_a
/deals/last-minute-holiday-deals,en,HolidayWithConfidence.tsx,n_a
/deals/last-minute-holiday-deals,en,QuestionAndAnswer.tsx,help-centre/faq/save
/deals/last-minute-holiday-deals,en,CustomersFeedback.tsx,n_a
/deals/last-minute-holiday-deals,en,AlternativeBoardsPopup.tsx,n_a
/deals/single-parent-holiday-deals,en,PersistentInfoBanner.tsx,n_a
/deals/single-parent-holiday-deals,en,PromopageSearchPod.tsx,availability/last-available-date
/deals/single-parent-holiday-deals,en,SearchPodFilters.tsx,n_a
/deals/single-parent-holiday-deals,en,SearchResults.tsx,shortlist/delete
/deals/single-parent-holiday-deals,en,SearchResults.tsx,search/recommended
/deals/single-parent-holiday-deals,en,HolidayWithConfidence.tsx,n_a
/deals/single-parent-holiday-deals,en,CustomersFeedback.tsx,n_a
/deals/single-parent-holiday-deals,en,AlternativeBoardsPopup.tsx,n_a
/deals/autumn-holidays,en,PersistentInfoBanner.tsx,n_a
/deals/autumn-holidays,en,PromopageSearchPod.tsx,availability/last-available-date
/deals/autumn-holidays,en,SearchPodFilters.tsx,n_a
/deals/autumn-holidays,en,SearchResults.tsx,shortlist/delete
/deals/autumn-holidays,en,SearchResults.tsx,search/recommended
/deals/autumn-holidays,en,HolidayWithConfidence.tsx,n_a
/deals/autumn-holidays,en,AlternativeBoardsPopup.tsx,n_a
/deals/spring-holidays,en,PersistentInfoBanner.tsx,n_a
/deals/spring-holidays,en,PromopageSearchPod.tsx,availability/last-available-date
/deals/spring-holidays,en,SearchPodFilters.tsx,n_a
/deals/spring-holidays,en,SearchResults.tsx,shortlist/delete
/deals/spring-holidays,en,SearchResults.tsx,search/recommended
/deals/spring-holidays,en,HolidayWithConfidence.tsx,n_a
/deals/spring-holidays,en,AlternativeBoardsPopup.tsx,n_a
/deals/summer-holidays,en,PersistentInfoBanner.tsx,n_a
/deals/summer-holidays,en,PromopageSearchPod.tsx,availability/last-available-date
/deals/summer-holidays,en,SearchPodFilters.tsx,n_a
/deals/summer-holidays,en,SearchResults.tsx,shortlist/delete
/deals/summer-holidays,en,SearchResults.tsx,search/recommended
/deals/summer-holidays,en,HolidayWithConfidence.tsx,n_a
/deals/summer-holidays,en,TextBlock.tsx,n_a
/deals/summer-holidays,en,QuestionAndAnswer.tsx,help-centre/faq/save
/deals/summer-holidays,en,CustomersFeedback.tsx,n_a
/deals/summer-holidays,en,AlternativeBoardsPopup.tsx,n_a
/deals/winter-city-breaks,en,PersistentInfoBanner.tsx,n_a
/deals/winter-city-breaks,en,PromopageSearchPod.tsx,availability/last-available-date
/deals/winter-city-breaks,en,SearchPodFilters.tsx,n_a
/deals/winter-city-breaks,en,SearchResults.tsx,shortlist/delete
/deals/winter-city-breaks,en,SearchResults.tsx,search/recommended
/deals/winter-city-breaks,en,HolidayWithConfidence.tsx,n_a
/deals/winter-city-breaks,en,TextBlock.tsx,n_a
/deals/winter-city-breaks,en,QuestionAndAnswer.tsx,help-centre/faq/save
/deals/winter-city-breaks,en,CustomersFeedback.tsx,n_a
/deals/winter-city-breaks,en,AlternativeBoardsPopup.tsx,n_a
/deals/winter-beach-holidays,en,PersistentInfoBanner.tsx,n_a
/deals/winter-beach-holidays,en,PromopageSearchPod.tsx,availability/last-available-date
/deals/winter-beach-holidays,en,SearchPodFilters.tsx,n_a
/deals/winter-beach-holidays,en,SearchResults.tsx,shortlist/delete
/deals/winter-beach-holidays,en,SearchResults.tsx,search/recommended
/deals/winter-beach-holidays,en,HolidayWithConfidence.tsx,n_a
/deals/winter-beach-holidays,en,TextBlock.tsx,n_a
/deals/winter-beach-holidays,en,CustomersFeedback.tsx,n_a
/deals/winter-beach-holidays,en,AlternativeBoardsPopup.tsx,n_a
/deals/winter-holidays,en,PersistentInfoBanner.tsx,n_a
/deals/winter-holidays,en,PromopageSearchPod.tsx,availability/last-available-date
/deals/winter-holidays,en,SearchPodFilters.tsx,n_a
/deals/winter-holidays,en,SearchResults.tsx,shortlist/delete
/deals/winter-holidays,en,SearchResults.tsx,search/recommended
/deals/winter-holidays,en,HolidayWithConfidence.tsx,n_a
/deals/winter-holidays,en,TextBlock.tsx,n_a
/deals/winter-holidays,en,QuestionAndAnswer.tsx,help-centre/faq/save
/deals/winter-holidays,en,CustomersFeedback.tsx,n_a
/deals/winter-holidays,en,AlternativeBoardsPopup.tsx,n_a
/deals/free-child-places-2024,en,PersistentInfoBanner.tsx,n_a
/deals/free-child-places-2024,en,PromopageSearchPod.tsx,availability/last-available-date
/deals/free-child-places-2024,en,SearchPodFilters.tsx,n_a
/deals/free-child-places-2024,en,SearchResults.tsx,shortlist/delete
/deals/free-child-places-2024,en,SearchResults.tsx,search/recommended
/deals/free-child-places-2024,en,HolidayWithConfidence.tsx,n_a
/deals/free-child-places-2024,en,TextBlock.tsx,n_a
/deals/free-child-places-2024,en,CustomersFeedback.tsx,n_a
/deals/free-child-places-2024,en,AlternativeBoardsPopup.tsx,n_a
/deals/all-inclusive-deals,en,PersistentInfoBanner.tsx,n_a
/deals/all-inclusive-deals,en,PromopageSearchPod.tsx,availability/last-available-date
/deals/all-inclusive-deals,en,SearchPodFilters.tsx,n_a
/deals/all-inclusive-deals,en,SearchResults.tsx,shortlist/delete
/deals/all-inclusive-deals,en,SearchResults.tsx,search/recommended
/deals/all-inclusive-deals,en,HolidayWithConfidence.tsx,n_a
/deals/all-inclusive-deals,en,TextBlock.tsx,n_a
/deals/all-inclusive-deals,en,CustomersFeedback.tsx,n_a
/deals/all-inclusive-deals,en,AlternativeBoardsPopup.tsx,n_a
/deals/all-inclusive-deals/from-newcastle,en,AlternativeBoardsPopup.tsx,n_a
/deals/all-inclusive-deals/from-newcastle,en,CustomersFeedback.tsx,n_a
/deals/all-inclusive-deals/from-newcastle,en,SearchResults.tsx,shortlist/delete
/deals/all-inclusive-deals/from-newcastle,en,SearchResults.tsx,search/recommended
/deals/all-inclusive-deals/from-newcastle,en,HolidayWithConfidence.tsx,n_a
/deals/all-inclusive-deals/from-newcastle,en,TextBlock.tsx,n_a
/deals/all-inclusive-deals/from-newcastle,en,SearchPodFilters.tsx,n_a
/deals/all-inclusive-deals/from-newcastle,en,PromopageSearchPod.tsx,availability/last-available-date
/deals/all-inclusive-deals/from-newcastle,en,PersistentInfoBanner.tsx,n_a
/deals/all-inclusive-deals/from-manchester,en,AlternativeBoardsPopup.tsx,n_a
/deals/all-inclusive-deals/from-manchester,en,CustomersFeedback.tsx,n_a
/deals/all-inclusive-deals/from-manchester,en,SearchResults.tsx,shortlist/delete
/deals/all-inclusive-deals/from-manchester,en,SearchResults.tsx,search/recommended
/deals/all-inclusive-deals/from-manchester,en,HolidayWithConfidence.tsx,n_a
/deals/all-inclusive-deals/from-manchester,en,TextBlock.tsx,n_a
/deals/all-inclusive-deals/from-manchester,en,SearchPodFilters.tsx,n_a
/deals/all-inclusive-deals/from-manchester,en,PromopageSearchPod.tsx,availability/last-available-date
/deals/all-inclusive-deals/from-manchester,en,PersistentInfoBanner.tsx,n_a
/deals/all-inclusive-deals/from-london,en,AlternativeBoardsPopup.tsx,n_a
/deals/all-inclusive-deals/from-london,en,CustomersFeedback.tsx,n_a
/deals/all-inclusive-deals/from-london,en,SearchResults.tsx,shortlist/delete
/deals/all-inclusive-deals/from-london,en,SearchResults.tsx,search/recommended
/deals/all-inclusive-deals/from-london,en,HolidayWithConfidence.tsx,n_a
/deals/all-inclusive-deals/from-london,en,TextBlock.tsx,n_a
/deals/all-inclusive-deals/from-london,en,SearchPodFilters.tsx,n_a
/deals/all-inclusive-deals/from-london,en,PromopageSearchPod.tsx,availability/last-available-date
/deals/all-inclusive-deals/from-london,en,PersistentInfoBanner.tsx,n_a
/deals/all-inclusive-deals/from-london-stansted,en,AlternativeBoardsPopup.tsx,n_a
/deals/all-inclusive-deals/from-london-stansted,en,CustomersFeedback.tsx,n_a
/deals/all-inclusive-deals/from-london-stansted,en,SearchResults.tsx,shortlist/delete
/deals/all-inclusive-deals/from-london-stansted,en,SearchResults.tsx,search/recommended
/deals/all-inclusive-deals/from-london-stansted,en,HolidayWithConfidence.tsx,n_a
/deals/all-inclusive-deals/from-london-stansted,en,TextBlock.tsx,n_a
/deals/all-inclusive-deals/from-london-stansted,en,SearchPodFilters.tsx,n_a
/deals/all-inclusive-deals/from-london-stansted,en,PromopageSearchPod.tsx,availability/last-available-date
/deals/all-inclusive-deals/from-london-stansted,en,PersistentInfoBanner.tsx,n_a
/deals/all-inclusive-deals/from-london-southend,en,AlternativeBoardsPopup.tsx,n_a
/deals/all-inclusive-deals/from-london-southend,en,CustomersFeedback.tsx,n_a
/deals/all-inclusive-deals/from-london-southend,en,SearchResults.tsx,shortlist/delete
/deals/all-inclusive-deals/from-london-southend,en,SearchResults.tsx,search/recommended
/deals/all-inclusive-deals/from-london-southend,en,HolidayWithConfidence.tsx,n_a
/deals/all-inclusive-deals/from-london-southend,en,TextBlock.tsx,n_a
/deals/all-inclusive-deals/from-london-southend,en,SearchPodFilters.tsx,n_a
/deals/all-inclusive-deals/from-london-southend,en,PromopageSearchPod.tsx,availability/last-available-date
/deals/all-inclusive-deals/from-london-southend,en,PersistentInfoBanner.tsx,n_a
/deals/all-inclusive-deals/from-london-luton,en,AlternativeBoardsPopup.tsx,n_a
/deals/all-inclusive-deals/from-london-luton,en,CustomersFeedback.tsx,n_a
/deals/all-inclusive-deals/from-london-luton,en,SearchResults.tsx,shortlist/delete
/deals/all-inclusive-deals/from-london-luton,en,SearchResults.tsx,search/recommended
/deals/all-inclusive-deals/from-london-luton,en,HolidayWithConfidence.tsx,n_a
/deals/all-inclusive-deals/from-london-luton,en,TextBlock.tsx,n_a
/deals/all-inclusive-deals/from-london-luton,en,SearchPodFilters.tsx,n_a
/deals/all-inclusive-deals/from-london-luton,en,PromopageSearchPod.tsx,availability/last-available-date
/deals/all-inclusive-deals/from-london-luton,en,PersistentInfoBanner.tsx,n_a
/deals/all-inclusive-deals/from-london-gatwick,en,AlternativeBoardsPopup.tsx,n_a
/deals/all-inclusive-deals/from-london-gatwick,en,CustomersFeedback.tsx,n_a
/deals/all-inclusive-deals/from-london-gatwick,en,SearchResults.tsx,shortlist/delete
/deals/all-inclusive-deals/from-london-gatwick,en,SearchResults.tsx,search/recommended
/deals/all-inclusive-deals/from-london-gatwick,en,HolidayWithConfidence.tsx,n_a
/deals/all-inclusive-deals/from-london-gatwick,en,TextBlock.tsx,n_a
/deals/all-inclusive-deals/from-london-gatwick,en,SearchPodFilters.tsx,n_a
/deals/all-inclusive-deals/from-london-gatwick,en,PromopageSearchPod.tsx,availability/last-available-date
/deals/all-inclusive-deals/from-london-gatwick,en,PersistentInfoBanner.tsx,n_a
/deals/all-inclusive-deals/from-liverpool,en,AlternativeBoardsPopup.tsx,n_a
/deals/all-inclusive-deals/from-liverpool,en,CustomersFeedback.tsx,n_a
/deals/all-inclusive-deals/from-liverpool,en,SearchResults.tsx,shortlist/delete
/deals/all-inclusive-deals/from-liverpool,en,SearchResults.tsx,search/recommended
/deals/all-inclusive-deals/from-liverpool,en,HolidayWithConfidence.tsx,n_a
/deals/all-inclusive-deals/from-liverpool,en,TextBlock.tsx,n_a
/deals/all-inclusive-deals/from-liverpool,en,SearchPodFilters.tsx,n_a
/deals/all-inclusive-deals/from-liverpool,en,PromopageSearchPod.tsx,availability/last-available-date
/deals/all-inclusive-deals/from-liverpool,en,PersistentInfoBanner.tsx,n_a
/deals/all-inclusive-deals/from-glasgow,en,AlternativeBoardsPopup.tsx,n_a
/deals/all-inclusive-deals/from-glasgow,en,CustomersFeedback.tsx,n_a
/deals/all-inclusive-deals/from-glasgow,en,SearchResults.tsx,shortlist/delete
/deals/all-inclusive-deals/from-glasgow,en,SearchResults.tsx,search/recommended
/deals/all-inclusive-deals/from-glasgow,en,HolidayWithConfidence.tsx,n_a
/deals/all-inclusive-deals/from-glasgow,en,TextBlock.tsx,n_a
/deals/all-inclusive-deals/from-glasgow,en,SearchPodFilters.tsx,n_a
/deals/all-inclusive-deals/from-glasgow,en,PromopageSearchPod.tsx,availability/last-available-date
/deals/all-inclusive-deals/from-glasgow,en,PersistentInfoBanner.tsx,n_a
/deals/all-inclusive-deals/from-edinburgh,en,AlternativeBoardsPopup.tsx,n_a
/deals/all-inclusive-deals/from-edinburgh,en,CustomersFeedback.tsx,n_a
/deals/all-inclusive-deals/from-edinburgh,en,SearchResults.tsx,shortlist/delete
/deals/all-inclusive-deals/from-edinburgh,en,SearchResults.tsx,search/recommended
/deals/all-inclusive-deals/from-edinburgh,en,HolidayWithConfidence.tsx,n_a
/deals/all-inclusive-deals/from-edinburgh,en,TextBlock.tsx,n_a
/deals/all-inclusive-deals/from-edinburgh,en,SearchPodFilters.tsx,n_a
/deals/all-inclusive-deals/from-edinburgh,en,PromopageSearchPod.tsx,availability/last-available-date
/deals/all-inclusive-deals/from-edinburgh,en,PersistentInfoBanner.tsx,n_a
/deals/all-inclusive-deals/from-bristol,en,AlternativeBoardsPopup.tsx,n_a
/deals/all-inclusive-deals/from-bristol,en,CustomersFeedback.tsx,n_a
/deals/all-inclusive-deals/from-bristol,en,SearchResults.tsx,shortlist/delete
/deals/all-inclusive-deals/from-bristol,en,SearchResults.tsx,search/recommended
/deals/all-inclusive-deals/from-bristol,en,HolidayWithConfidence.tsx,n_a
/deals/all-inclusive-deals/from-bristol,en,TextBlock.tsx,n_a
/deals/all-inclusive-deals/from-bristol,en,SearchPodFilters.tsx,n_a
/deals/all-inclusive-deals/from-bristol,en,PromopageSearchPod.tsx,availability/last-available-date
/deals/all-inclusive-deals/from-bristol,en,PersistentInfoBanner.tsx,n_a
/deals/all-inclusive-deals/from-belfast,en,AlternativeBoardsPopup.tsx,n_a
/deals/all-inclusive-deals/from-belfast,en,CustomersFeedback.tsx,n_a
/deals/all-inclusive-deals/from-belfast,en,SearchResults.tsx,shortlist/delete
/deals/all-inclusive-deals/from-belfast,en,SearchResults.tsx,search/recommended
/deals/all-inclusive-deals/from-belfast,en,HolidayWithConfidence.tsx,n_a
/deals/all-inclusive-deals/from-belfast,en,TextBlock.tsx,n_a
/deals/all-inclusive-deals/from-belfast,en,SearchPodFilters.tsx,n_a
/deals/all-inclusive-deals/from-belfast,en,PromopageSearchPod.tsx,availability/last-available-date
/deals/all-inclusive-deals/from-belfast,en,PersistentInfoBanner.tsx,n_a
/deals/summer-family-holidays,en,PersistentInfoBanner.tsx,n_a
/deals/summer-family-holidays,en,PromopageSearchPod.tsx,availability/last-available-date
/deals/summer-family-holidays,en,SearchPodFilters.tsx,n_a
/deals/summer-family-holidays,en,SearchResults.tsx,shortlist/delete
/deals/summer-family-holidays,en,SearchResults.tsx,search/recommended
/deals/summer-family-holidays,en,HolidayWithConfidence.tsx,n_a
/deals/summer-family-holidays,en,TextBlock.tsx,n_a
/deals/summer-family-holidays,en,CustomersFeedback.tsx,n_a
/deals/summer-family-holidays,en,AlternativeBoardsPopup.tsx,n_a
/deals/august-bank-holidays,en,PersistentInfoBanner.tsx,n_a
/deals/august-bank-holidays,en,PromopageSearchPod.tsx,availability/last-available-date
/deals/august-bank-holidays,en,SearchPodFilters.tsx,n_a
/deals/august-bank-holidays,en,SearchResults.tsx,shortlist/delete
/deals/august-bank-holidays,en,SearchResults.tsx,search/recommended
/deals/august-bank-holidays,en,HolidayWithConfidence.tsx,n_a
/deals/august-bank-holidays,en,TextBlock.tsx,n_a
/deals/august-bank-holidays,en,CustomersFeedback.tsx,n_a
/deals/august-bank-holidays,en,AlternativeBoardsPopup.tsx,n_a
/deals/from-belfast,en,AlternativeBoardsPopup.tsx,n_a
/deals/from-belfast,en,CustomersFeedback.tsx,n_a
/deals/from-belfast,en,SearchResults.tsx,shortlist/delete
/deals/from-belfast,en,SearchResults.tsx,search/recommended
/deals/from-belfast,en,HolidayWithConfidence.tsx,n_a
/deals/from-belfast,en,TextBlock.tsx,n_a
/deals/from-belfast,en,SearchPodFilters.tsx,n_a
/deals/from-belfast,en,PromopageSearchPod.tsx,availability/last-available-date
/deals/from-belfast,en,PersistentInfoBanner.tsx,n_a
/deals/from-london-southend,en,AlternativeBoardsPopup.tsx,n_a
/deals/from-london-southend,en,CustomersFeedback.tsx,n_a
/deals/from-london-southend,en,SearchResults.tsx,shortlist/delete
/deals/from-london-southend,en,SearchResults.tsx,search/recommended
/deals/from-london-southend,en,HolidayWithConfidence.tsx,n_a
/deals/from-london-southend,en,TextBlock.tsx,n_a
/deals/from-london-southend,en,SearchPodFilters.tsx,n_a
/deals/from-london-southend,en,PromopageSearchPod.tsx,availability/last-available-date
/deals/from-london-southend,en,PersistentInfoBanner.tsx,n_a
/deals/from-bristol,en,AlternativeBoardsPopup.tsx,n_a
/deals/from-bristol,en,CustomersFeedback.tsx,n_a
/deals/from-bristol,en,SearchResults.tsx,shortlist/delete
/deals/from-bristol,en,SearchResults.tsx,search/recommended
/deals/from-bristol,en,HolidayWithConfidence.tsx,n_a
/deals/from-bristol,en,TextBlock.tsx,n_a
/deals/from-bristol,en,SearchPodFilters.tsx,n_a
/deals/from-bristol,en,PromopageSearchPod.tsx,availability/last-available-date
/deals/from-bristol,en,PersistentInfoBanner.tsx,n_a
/deals/from-edinburgh,en,AlternativeBoardsPopup.tsx,n_a
/deals/from-edinburgh,en,CustomersFeedback.tsx,n_a
/deals/from-edinburgh,en,SearchResults.tsx,shortlist/delete
/deals/from-edinburgh,en,SearchResults.tsx,search/recommended
/deals/from-edinburgh,en,HolidayWithConfidence.tsx,n_a
/deals/from-edinburgh,en,TextBlock.tsx,n_a
/deals/from-edinburgh,en,SearchPodFilters.tsx,n_a
/deals/from-edinburgh,en,PromopageSearchPod.tsx,availability/last-available-date
/deals/from-edinburgh,en,PersistentInfoBanner.tsx,n_a
/deals/from-glasgow,en,AlternativeBoardsPopup.tsx,n_a
/deals/from-glasgow,en,CustomersFeedback.tsx,n_a
/deals/from-glasgow,en,SearchResults.tsx,shortlist/delete
/deals/from-glasgow,en,SearchResults.tsx,search/recommended
/deals/from-glasgow,en,HolidayWithConfidence.tsx,n_a
/deals/from-glasgow,en,TextBlock.tsx,n_a
/deals/from-glasgow,en,SearchPodFilters.tsx,n_a
/deals/from-glasgow,en,PromopageSearchPod.tsx,availability/last-available-date
/deals/from-glasgow,en,PersistentInfoBanner.tsx,n_a
/deals/from-liverpool,en,AlternativeBoardsPopup.tsx,n_a
/deals/from-liverpool,en,CustomersFeedback.tsx,n_a
/deals/from-liverpool,en,SearchResults.tsx,shortlist/delete
/deals/from-liverpool,en,SearchResults.tsx,search/recommended
/deals/from-liverpool,en,HolidayWithConfidence.tsx,n_a
/deals/from-liverpool,en,TextBlock.tsx,n_a
/deals/from-liverpool,en,SearchPodFilters.tsx,n_a
/deals/from-liverpool,en,PromopageSearchPod.tsx,availability/last-available-date
/deals/from-liverpool,en,PersistentInfoBanner.tsx,n_a
/deals/from-london,en,AlternativeBoardsPopup.tsx,n_a
/deals/from-london,en,CustomersFeedback.tsx,n_a
/deals/from-london,en,SearchResults.tsx,shortlist/delete
/deals/from-london,en,SearchResults.tsx,search/recommended
/deals/from-london,en,HolidayWithConfidence.tsx,n_a
/deals/from-london,en,TextBlock.tsx,n_a
/deals/from-london,en,SearchPodFilters.tsx,n_a
/deals/from-london,en,PromopageSearchPod.tsx,availability/last-available-date
/deals/from-london,en,PersistentInfoBanner.tsx,n_a
/deals/from-london-gatwick,en,AlternativeBoardsPopup.tsx,n_a
/deals/from-london-gatwick,en,CustomersFeedback.tsx,n_a
/deals/from-london-gatwick,en,SearchResults.tsx,shortlist/delete
/deals/from-london-gatwick,en,SearchResults.tsx,search/recommended
/deals/from-london-gatwick,en,HolidayWithConfidence.tsx,n_a
/deals/from-london-gatwick,en,TextBlock.tsx,n_a
/deals/from-london-gatwick,en,SearchPodFilters.tsx,n_a
/deals/from-london-gatwick,en,PromopageSearchPod.tsx,availability/last-available-date
/deals/from-london-gatwick,en,PersistentInfoBanner.tsx,n_a
/deals/from-london-luton,en,AlternativeBoardsPopup.tsx,n_a
/deals/from-london-luton,en,CustomersFeedback.tsx,n_a
/deals/from-london-luton,en,SearchResults.tsx,shortlist/delete
/deals/from-london-luton,en,SearchResults.tsx,search/recommended
/deals/from-london-luton,en,HolidayWithConfidence.tsx,n_a
/deals/from-london-luton,en,TextBlock.tsx,n_a
/deals/from-london-luton,en,SearchPodFilters.tsx,n_a
/deals/from-london-luton,en,PromopageSearchPod.tsx,availability/last-available-date
/deals/from-london-luton,en,PersistentInfoBanner.tsx,n_a
/deals/from-london-stansted,en,AlternativeBoardsPopup.tsx,n_a
/deals/from-london-stansted,en,CustomersFeedback.tsx,n_a
/deals/from-london-stansted,en,SearchResults.tsx,shortlist/delete
/deals/from-london-stansted,en,SearchResults.tsx,search/recommended
/deals/from-london-stansted,en,HolidayWithConfidence.tsx,n_a
/deals/from-london-stansted,en,TextBlock.tsx,n_a
/deals/from-london-stansted,en,SearchPodFilters.tsx,n_a
/deals/from-london-stansted,en,PromopageSearchPod.tsx,availability/last-available-date
/deals/from-london-stansted,en,PersistentInfoBanner.tsx,n_a
/deals/from-newcastle,en,AlternativeBoardsPopup.tsx,n_a
/deals/from-newcastle,en,CustomersFeedback.tsx,n_a
/deals/from-newcastle,en,SearchResults.tsx,shortlist/delete
/deals/from-newcastle,en,SearchResults.tsx,search/recommended
/deals/from-newcastle,en,HolidayWithConfidence.tsx,n_a
/deals/from-newcastle,en,TextBlock.tsx,n_a
/deals/from-newcastle,en,SearchPodFilters.tsx,n_a
/deals/from-newcastle,en,PromopageSearchPod.tsx,availability/last-available-date
/deals/from-newcastle,en,PersistentInfoBanner.tsx,n_a
/deals/from-manchester,en,AlternativeBoardsPopup.tsx,n_a
/deals/from-manchester,en,CustomersFeedback.tsx,n_a
/deals/from-manchester,en,SearchResults.tsx,shortlist/delete
/deals/from-manchester,en,SearchResults.tsx,search/recommended
/deals/from-manchester,en,HolidayWithConfidence.tsx,n_a
/deals/from-manchester,en,TextBlock.tsx,n_a
/deals/from-manchester,en,SearchPodFilters.tsx,n_a
/deals/from-manchester,en,PromopageSearchPod.tsx,availability/last-available-date
/deals/from-manchester,en,PersistentInfoBanner.tsx,n_a
/holidays-in-january,en,PersistentInfoBanner.tsx,n_a
/holidays-in-january,en,PromopageSearchPod.tsx,availability/last-available-date
/holidays-in-january,en,SearchPodFilters.tsx,n_a
/holidays-in-january,en,SearchResults.tsx,shortlist/delete
/holidays-in-january,en,SearchResults.tsx,search/recommended
/holidays-in-january,en,HolidayWithConfidence.tsx,n_a
/holidays-in-january,en,TextBlock.tsx,n_a
/holidays-in-january,en,QuestionAndAnswer.tsx,help-centre/faq/save
/holidays-in-january,en,CustomersFeedback.tsx,n_a
/holidays-in-january,en,AlternativeBoardsPopup.tsx,n_a
/holidays-in-february,en,PersistentInfoBanner.tsx,n_a
/holidays-in-february,en,PromopageSearchPod.tsx,availability/last-available-date
/holidays-in-february,en,SearchPodFilters.tsx,n_a
/holidays-in-february,en,SearchResults.tsx,shortlist/delete
/holidays-in-february,en,SearchResults.tsx,search/recommended
/holidays-in-february,en,HolidayWithConfidence.tsx,n_a
/holidays-in-february,en,TextBlock.tsx,n_a
/holidays-in-february,en,QuestionAndAnswer.tsx,help-centre/faq/save
/holidays-in-february,en,CustomersFeedback.tsx,n_a
/holidays-in-february,en,AlternativeBoardsPopup.tsx,n_a
/holidays-in-march,en,PersistentInfoBanner.tsx,n_a
/holidays-in-march,en,PromopageSearchPod.tsx,availability/last-available-date
/holidays-in-march,en,SearchPodFilters.tsx,n_a
/holidays-in-march,en,SearchResults.tsx,shortlist/delete
/holidays-in-march,en,SearchResults.tsx,search/recommended
/holidays-in-march,en,HolidayWithConfidence.tsx,n_a
/holidays-in-march,en,TextBlock.tsx,n_a
/holidays-in-march,en,QuestionAndAnswer.tsx,help-centre/faq/save
/holidays-in-march,en,CustomersFeedback.tsx,n_a
/holidays-in-march,en,AlternativeBoardsPopup.tsx,n_a
/holidays-in-april,en,PersistentInfoBanner.tsx,n_a
/holidays-in-april,en,PromopageSearchPod.tsx,availability/last-available-date
/holidays-in-april,en,SearchPodFilters.tsx,n_a
/holidays-in-april,en,SearchResults.tsx,shortlist/delete
/holidays-in-april,en,SearchResults.tsx,search/recommended
/holidays-in-april,en,HolidayWithConfidence.tsx,n_a
/holidays-in-april,en,TextBlock.tsx,n_a
/holidays-in-april,en,QuestionAndAnswer.tsx,help-centre/faq/save
/holidays-in-april,en,CustomersFeedback.tsx,n_a
/holidays-in-april,en,AlternativeBoardsPopup.tsx,n_a
/holidays-in-may,en,PersistentInfoBanner.tsx,n_a
/holidays-in-may,en,PromopageSearchPod.tsx,availability/last-available-date
/holidays-in-may,en,SearchPodFilters.tsx,n_a
/holidays-in-may,en,SearchResults.tsx,shortlist/delete
/holidays-in-may,en,SearchResults.tsx,search/recommended
/holidays-in-may,en,HolidayWithConfidence.tsx,n_a
/holidays-in-may,en,TextBlock.tsx,n_a
/holidays-in-may,en,QuestionAndAnswer.tsx,help-centre/faq/save
/holidays-in-may,en,CustomersFeedback.tsx,n_a
/holidays-in-may,en,AlternativeBoardsPopup.tsx,n_a
/holidays-in-june,en,PersistentInfoBanner.tsx,n_a
/holidays-in-june,en,PromopageSearchPod.tsx,availability/last-available-date
/holidays-in-june,en,SearchPodFilters.tsx,n_a
/holidays-in-june,en,SearchResults.tsx,shortlist/delete
/holidays-in-june,en,SearchResults.tsx,search/recommended
/holidays-in-june,en,HolidayWithConfidence.tsx,n_a
/holidays-in-june,en,TextBlock.tsx,n_a
/holidays-in-june,en,QuestionAndAnswer.tsx,help-centre/faq/save
/holidays-in-june,en,CustomersFeedback.tsx,n_a
/holidays-in-june,en,AlternativeBoardsPopup.tsx,n_a
/holidays-in-july,en,PersistentInfoBanner.tsx,n_a
/holidays-in-july,en,PromopageSearchPod.tsx,availability/last-available-date
/holidays-in-july,en,SearchPodFilters.tsx,n_a
/holidays-in-july,en,SearchResults.tsx,shortlist/delete
/holidays-in-july,en,SearchResults.tsx,search/recommended
/holidays-in-july,en,HolidayWithConfidence.tsx,n_a
/holidays-in-july,en,TextBlock.tsx,n_a
/holidays-in-july,en,QuestionAndAnswer.tsx,help-centre/faq/save
/holidays-in-july,en,CustomersFeedback.tsx,n_a
/holidays-in-july,en,AlternativeBoardsPopup.tsx,n_a
/holidays-in-august,en,PersistentInfoBanner.tsx,n_a
/holidays-in-august,en,PromopageSearchPod.tsx,availability/last-available-date
/holidays-in-august,en,SearchPodFilters.tsx,n_a
/holidays-in-august,en,SearchResults.tsx,shortlist/delete
/holidays-in-august,en,SearchResults.tsx,search/recommended
/holidays-in-august,en,HolidayWithConfidence.tsx,n_a
/holidays-in-august,en,TextBlock.tsx,n_a
/holidays-in-august,en,QuestionAndAnswer.tsx,help-centre/faq/save
/holidays-in-august,en,CustomersFeedback.tsx,n_a
/holidays-in-august,en,AlternativeBoardsPopup.tsx,n_a
/holidays-in-september,en,PersistentInfoBanner.tsx,n_a
/holidays-in-september,en,PromopageSearchPod.tsx,availability/last-available-date
/holidays-in-september,en,SearchPodFilters.tsx,n_a
/holidays-in-september,en,SearchResults.tsx,shortlist/delete
/holidays-in-september,en,SearchResults.tsx,search/recommended
/holidays-in-september,en,HolidayWithConfidence.tsx,n_a
/holidays-in-september,en,TextBlock.tsx,n_a
/holidays-in-september,en,QuestionAndAnswer.tsx,help-centre/faq/save
/holidays-in-september,en,CustomersFeedback.tsx,n_a
/holidays-in-september,en,AlternativeBoardsPopup.tsx,n_a
/holidays-in-october,en,PersistentInfoBanner.tsx,n_a
/holidays-in-october,en,PromopageSearchPod.tsx,availability/last-available-date
/holidays-in-october,en,SearchPodFilters.tsx,n_a
/holidays-in-october,en,SearchResults.tsx,shortlist/delete
/holidays-in-october,en,SearchResults.tsx,search/recommended
/holidays-in-october,en,HolidayWithConfidence.tsx,n_a
/holidays-in-october,en,TextBlock.tsx,n_a
/holidays-in-october,en,QuestionAndAnswer.tsx,help-centre/faq/save
/holidays-in-october,en,CustomersFeedback.tsx,n_a
/holidays-in-october,en,AlternativeBoardsPopup.tsx,n_a
/holidays-in-november,en,PersistentInfoBanner.tsx,n_a
/holidays-in-november,en,PromopageSearchPod.tsx,availability/last-available-date
/holidays-in-november,en,SearchPodFilters.tsx,n_a
/holidays-in-november,en,SearchResults.tsx,shortlist/delete
/holidays-in-november,en,SearchResults.tsx,search/recommended
/holidays-in-november,en,HolidayWithConfidence.tsx,n_a
/holidays-in-november,en,TextBlock.tsx,n_a
/holidays-in-november,en,QuestionAndAnswer.tsx,help-centre/faq/save
/holidays-in-november,en,CustomersFeedback.tsx,n_a
/holidays-in-november,en,AlternativeBoardsPopup.tsx,n_a
/holidays-in-december,en,PersistentInfoBanner.tsx,n_a
/holidays-in-december,en,PromopageSearchPod.tsx,availability/last-available-date
/holidays-in-december,en,SearchPodFilters.tsx,n_a
/holidays-in-december,en,SearchResults.tsx,shortlist/delete
/holidays-in-december,en,SearchResults.tsx,search/recommended
/holidays-in-december,en,HolidayWithConfidence.tsx,n_a
/holidays-in-december,en,TextBlock.tsx,n_a
/holidays-in-december,en,QuestionAndAnswer.tsx,help-centre/faq/save
/holidays-in-december,en,CustomersFeedback.tsx,n_a
/holidays-in-december,en,AlternativeBoardsPopup.tsx,n_a
/holidays-from-liverpool,en,PersistentInfoBanner.tsx,n_a
/holidays-from-liverpool,en,PromopageSearchPod.tsx,availability/last-available-date
/holidays-from-liverpool,en,SearchPodFilters.tsx,n_a
/holidays-from-liverpool,en,SearchResults.tsx,shortlist/delete
/holidays-from-liverpool,en,SearchResults.tsx,search/recommended
/holidays-from-liverpool,en,HolidayWithConfidence.tsx,n_a
/holidays-from-liverpool,en,TextBlock.tsx,n_a
/holidays-from-liverpool,en,CustomersFeedback.tsx,n_a
/holidays-from-liverpool,en,AlternativeBoardsPopup.tsx,n_a
/holidays-from-manchester,en,PersistentInfoBanner.tsx,n_a
/holidays-from-manchester,en,PromopageSearchPod.tsx,availability/last-available-date
/holidays-from-manchester,en,SearchPodFilters.tsx,n_a
/holidays-from-manchester,en,SearchResults.tsx,shortlist/delete
/holidays-from-manchester,en,SearchResults.tsx,search/recommended
/holidays-from-manchester,en,HolidayWithConfidence.tsx,n_a
/holidays-from-manchester,en,TextBlock.tsx,n_a
/holidays-from-manchester,en,CustomersFeedback.tsx,n_a
/holidays-from-manchester,en,AlternativeBoardsPopup.tsx,n_a
/holidays-from-southampton,en,PersistentInfoBanner.tsx,n_a
/holidays-from-southampton,en,PromopageSearchPod.tsx,availability/last-available-date
/holidays-from-southampton,en,SearchPodFilters.tsx,n_a
/holidays-from-southampton,en,SearchResults.tsx,shortlist/delete
/holidays-from-southampton,en,SearchResults.tsx,search/recommended
/holidays-from-southampton,en,HolidayWithConfidence.tsx,n_a
/holidays-from-southampton,en,TextBlock.tsx,n_a
/holidays-from-southampton,en,CustomersFeedback.tsx,n_a
/holidays-from-southampton,en,AlternativeBoardsPopup.tsx,n_a
/holidays-from-belfast,en,PersistentInfoBanner.tsx,n_a
/holidays-from-belfast,en,PromopageSearchPod.tsx,availability/last-available-date
/holidays-from-belfast,en,SearchPodFilters.tsx,n_a
/holidays-from-belfast,en,SearchResults.tsx,shortlist/delete
/holidays-from-belfast,en,SearchResults.tsx,search/recommended
/holidays-from-belfast,en,HolidayWithConfidence.tsx,n_a
/holidays-from-belfast,en,TextBlock.tsx,n_a
/holidays-from-belfast,en,CustomersFeedback.tsx,n_a
/holidays-from-belfast,en,AlternativeBoardsPopup.tsx,n_a
/holidays-from-bristol,en,PersistentInfoBanner.tsx,n_a
/holidays-from-bristol,en,PromopageSearchPod.tsx,availability/last-available-date
/holidays-from-bristol,en,SearchPodFilters.tsx,n_a
/holidays-from-bristol,en,SearchResults.tsx,shortlist/delete
/holidays-from-bristol,en,SearchResults.tsx,search/recommended
/holidays-from-bristol,en,HolidayWithConfidence.tsx,n_a
/holidays-from-bristol,en,TextBlock.tsx,n_a
/holidays-from-bristol,en,CustomersFeedback.tsx,n_a
/holidays-from-bristol,en,AlternativeBoardsPopup.tsx,n_a
/holidays-from-glasgow,en,PersistentInfoBanner.tsx,n_a
/holidays-from-glasgow,en,PromopageSearchPod.tsx,availability/last-available-date
/holidays-from-glasgow,en,SearchPodFilters.tsx,n_a
/holidays-from-glasgow,en,SearchResults.tsx,shortlist/delete
/holidays-from-glasgow,en,SearchResults.tsx,search/recommended
/holidays-from-glasgow,en,HolidayWithConfidence.tsx,n_a
/holidays-from-glasgow,en,TextBlock.tsx,n_a
/holidays-from-glasgow,en,CustomersFeedback.tsx,n_a
/holidays-from-glasgow,en,AlternativeBoardsPopup.tsx,n_a
/holidays-from-edinburgh,en,PersistentInfoBanner.tsx,n_a
/holidays-from-edinburgh,en,PromopageSearchPod.tsx,availability/last-available-date
/holidays-from-edinburgh,en,SearchPodFilters.tsx,n_a
/holidays-from-edinburgh,en,SearchResults.tsx,shortlist/delete
/holidays-from-edinburgh,en,SearchResults.tsx,search/recommended
/holidays-from-edinburgh,en,HolidayWithConfidence.tsx,n_a
/holidays-from-edinburgh,en,TextBlock.tsx,n_a
/holidays-from-edinburgh,en,CustomersFeedback.tsx,n_a
/holidays-from-edinburgh,en,AlternativeBoardsPopup.tsx,n_a
/holidays-from-london,en,PersistentInfoBanner.tsx,n_a
/holidays-from-london,en,PromopageSearchPod.tsx,availability/last-available-date
/holidays-from-london,en,SearchPodFilters.tsx,n_a
/holidays-from-london,en,SearchResults.tsx,shortlist/delete
/holidays-from-london,en,SearchResults.tsx,search/recommended
/holidays-from-london,en,HolidayWithConfidence.tsx,n_a
/holidays-from-london,en,TextBlock.tsx,n_a
/holidays-from-london,en,CustomersFeedback.tsx,n_a
/holidays-from-london,en,AlternativeBoardsPopup.tsx,n_a
/holidays-from-birmingham,en,PersistentInfoBanner.tsx,n_a
/holidays-from-birmingham,en,PromopageSearchPod.tsx,availability/last-available-date
/holidays-from-birmingham,en,SearchPodFilters.tsx,n_a
/holidays-from-birmingham,en,SearchResults.tsx,shortlist/delete
/holidays-from-birmingham,en,SearchResults.tsx,search/recommended
/holidays-from-birmingham,en,HolidayWithConfidence.tsx,n_a
/holidays-from-birmingham,en,TextBlock.tsx,n_a
/holidays-from-birmingham,en,CustomersFeedback.tsx,n_a
/holidays-from-birmingham,en,AlternativeBoardsPopup.tsx,n_a
/holidays-from-london-luton,en,PersistentInfoBanner.tsx,n_a
/holidays-from-london-luton,en,PromopageSearchPod.tsx,availability/last-available-date
/holidays-from-london-luton,en,SearchPodFilters.tsx,n_a
/holidays-from-london-luton,en,SearchResults.tsx,shortlist/delete
/holidays-from-london-luton,en,SearchResults.tsx,search/recommended
/holidays-from-london-luton,en,HolidayWithConfidence.tsx,n_a
/holidays-from-london-luton,en,TextBlock.tsx,n_a
/holidays-from-london-luton,en,CustomersFeedback.tsx,n_a
/holidays-from-london-luton,en,AlternativeBoardsPopup.tsx,n_a
/holidays-from-london-southend,en,PersistentInfoBanner.tsx,n_a
/holidays-from-london-southend,en,PromopageSearchPod.tsx,availability/last-available-date
/holidays-from-london-southend,en,SearchPodFilters.tsx,n_a
/holidays-from-london-southend,en,SearchResults.tsx,shortlist/delete
/holidays-from-london-southend,en,SearchResults.tsx,search/recommended
/holidays-from-london-southend,en,HolidayWithConfidence.tsx,n_a
/holidays-from-london-southend,en,TextBlock.tsx,n_a
/holidays-from-london-southend,en,CustomersFeedback.tsx,n_a
/holidays-from-london-southend,en,AlternativeBoardsPopup.tsx,n_a
/holidays-from-newcastle,en,PersistentInfoBanner.tsx,n_a
/holidays-from-newcastle,en,PromopageSearchPod.tsx,availability/last-available-date
/holidays-from-newcastle,en,SearchPodFilters.tsx,n_a
/holidays-from-newcastle,en,SearchResults.tsx,shortlist/delete
/holidays-from-newcastle,en,SearchResults.tsx,search/recommended
/holidays-from-newcastle,en,HolidayWithConfidence.tsx,n_a
/holidays-from-newcastle,en,TextBlock.tsx,n_a
/holidays-from-newcastle,en,CustomersFeedback.tsx,n_a
/holidays-from-newcastle,en,AlternativeBoardsPopup.tsx,n_a
/holidays-from-london-stansted,en,PersistentInfoBanner.tsx,n_a
/holidays-from-london-stansted,en,PromopageSearchPod.tsx,availability/last-available-date
/holidays-from-london-stansted,en,SearchPodFilters.tsx,n_a
/holidays-from-london-stansted,en,SearchResults.tsx,shortlist/delete
/holidays-from-london-stansted,en,SearchResults.tsx,search/recommended
/holidays-from-london-stansted,en,HolidayWithConfidence.tsx,n_a
/holidays-from-london-stansted,en,TextBlock.tsx,n_a
/holidays-from-london-stansted,en,CustomersFeedback.tsx,n_a
/holidays-from-london-stansted,en,AlternativeBoardsPopup.tsx,n_a
/offers,en,PersistentInfoBanner.tsx,n_a
/offers,en,PromopageSearchPod.tsx,availability/last-available-date
/offers,en,SearchPodFilters.tsx,n_a
/offers,en,SearchResults.tsx,shortlist/delete
/offers,en,SearchResults.tsx,search/recommended
/offers,en,HolidayWithConfidence.tsx,n_a
/offers,en,TextBlock.tsx,n_a
/offers,en,CustomersFeedback.tsx,n_a
/offers,en,AlternativeBoardsPopup.tsx,n_a
/offers/from-london-southend,en,AlternativeBoardsPopup.tsx,n_a
/offers/from-london-southend,en,CustomersFeedback.tsx,n_a
/offers/from-london-southend,en,SearchResults.tsx,shortlist/delete
/offers/from-london-southend,en,SearchResults.tsx,search/recommended
/offers/from-london-southend,en,HolidayWithConfidence.tsx,n_a
/offers/from-london-southend,en,TextBlock.tsx,n_a
/offers/from-london-southend,en,SearchPodFilters.tsx,n_a
/offers/from-london-southend,en,PromopageSearchPod.tsx,availability/last-available-date
/offers/from-london-southend,en,PersistentInfoBanner.tsx,n_a
/offers/from-newcastle,en,AlternativeBoardsPopup.tsx,n_a
/offers/from-newcastle,en,CustomersFeedback.tsx,n_a
/offers/from-newcastle,en,SearchResults.tsx,shortlist/delete
/offers/from-newcastle,en,SearchResults.tsx,search/recommended
/offers/from-newcastle,en,HolidayWithConfidence.tsx,n_a
/offers/from-newcastle,en,TextBlock.tsx,n_a
/offers/from-newcastle,en,SearchPodFilters.tsx,n_a
/offers/from-newcastle,en,PromopageSearchPod.tsx,availability/last-available-date
/offers/from-newcastle,en,PersistentInfoBanner.tsx,n_a
/offers/black-friday-deals,en,PersistentInfoBanner.tsx,n_a
/offers/black-friday-deals,en,PromopageSearchPod.tsx,availability/last-available-date
/offers/black-friday-deals,en,SearchPodFilters.tsx,n_a
/offers/black-friday-deals,en,SearchResults.tsx,shortlist/delete
/offers/black-friday-deals,en,SearchResults.tsx,search/recommended
/offers/black-friday-deals,en,HolidayWithConfidence.tsx,n_a
/offers/black-friday-deals,en,CustomersFeedback.tsx,n_a
/offers/black-friday-deals,en,AlternativeBoardsPopup.tsx,n_a
/offers/city-hotel-deals,en,PersistentInfoBanner.tsx,n_a
/offers/city-hotel-deals,en,PromopageSearchPod.tsx,availability/last-available-date
/offers/city-hotel-deals,en,SearchPodFilters.tsx,n_a
/offers/city-hotel-deals,en,SearchResults.tsx,shortlist/delete
/offers/city-hotel-deals,en,SearchResults.tsx,search/recommended
/offers/city-hotel-deals,en,TextBlock.tsx,n_a
/offers/city-hotel-deals,en,HolidayWithConfidence.tsx,n_a
/offers/city-hotel-deals,en,CustomersFeedback.tsx,n_a
/offers/city-hotel-deals,en,AlternativeBoardsPopup.tsx,n_a
/offers/cyprus-deals,en,PersistentInfoBanner.tsx,n_a
/offers/cyprus-deals,en,PromopageSearchPod.tsx,availability/last-available-date
/offers/cyprus-deals,en,SearchPodFilters.tsx,n_a
/offers/cyprus-deals,en,SearchResults.tsx,shortlist/delete
/offers/cyprus-deals,en,SearchResults.tsx,search/recommended
/offers/cyprus-deals,en,HolidayWithConfidence.tsx,n_a
/offers/cyprus-deals,en,CustomersFeedback.tsx,n_a
/offers/cyprus-deals,en,AlternativeBoardsPopup.tsx,n_a
/offers/favourite-hotels,en,PersistentInfoBanner.tsx,n_a
/offers/favourite-hotels,en,PromopageSearchPod.tsx,availability/last-available-date
/offers/favourite-hotels,en,SearchPodFilters.tsx,n_a
/offers/favourite-hotels,en,SearchResults.tsx,shortlist/delete
/offers/favourite-hotels,en,SearchResults.tsx,search/recommended
/offers/favourite-hotels,en,HolidayWithConfidence.tsx,n_a
/offers/favourite-hotels,en,CustomersFeedback.tsx,n_a
/offers/favourite-hotels,en,AlternativeBoardsPopup.tsx,n_a
/offers/from-belfast,en,AlternativeBoardsPopup.tsx,n_a
/offers/from-belfast,en,CustomersFeedback.tsx,n_a
/offers/from-belfast,en,SearchResults.tsx,shortlist/delete
/offers/from-belfast,en,SearchResults.tsx,search/recommended
/offers/from-belfast,en,HolidayWithConfidence.tsx,n_a
/offers/from-belfast,en,TextBlock.tsx,n_a
/offers/from-belfast,en,SearchPodFilters.tsx,n_a
/offers/from-belfast,en,PromopageSearchPod.tsx,availability/last-available-date
/offers/from-belfast,en,PersistentInfoBanner.tsx,n_a
/offers/greece-deals,en,PersistentInfoBanner.tsx,n_a
/offers/greece-deals,en,PromopageSearchPod.tsx,availability/last-available-date
/offers/greece-deals,en,SearchPodFilters.tsx,n_a
/offers/greece-deals,en,SearchResults.tsx,shortlist/delete
/offers/greece-deals,en,SearchResults.tsx,search/recommended
/offers/greece-deals,en,HolidayWithConfidence.tsx,n_a
/offers/greece-deals,en,CustomersFeedback.tsx,n_a
/offers/greece-deals,en,AlternativeBoardsPopup.tsx,n_a
/offers/hotel-deals,en,PersistentInfoBanner.tsx,n_a
/offers/hotel-deals,en,PromopageSearchPod.tsx,availability/last-available-date
/offers/hotel-deals,en,SearchPodFilters.tsx,n_a
/offers/hotel-deals,en,SearchResults.tsx,shortlist/delete
/offers/hotel-deals,en,SearchResults.tsx,search/recommended
/offers/hotel-deals,en,TextBlock.tsx,n_a
/offers/hotel-deals,en,HolidayWithConfidence.tsx,n_a
/offers/hotel-deals,en,CustomersFeedback.tsx,n_a
/offers/hotel-deals,en,AlternativeBoardsPopup.tsx,n_a
/offers/malta-deals,en,PersistentInfoBanner.tsx,n_a
/offers/malta-deals,en,PromopageSearchPod.tsx,availability/last-available-date
/offers/malta-deals,en,SearchPodFilters.tsx,n_a
/offers/malta-deals,en,TextBlock.tsx,n_a
/offers/malta-deals,en,SearchResults.tsx,shortlist/delete
/offers/malta-deals,en,SearchResults.tsx,search/recommended
/offers/malta-deals,en,HolidayWithConfidence.tsx,n_a
/offers/malta-deals,en,CustomersFeedback.tsx,n_a
/offers/malta-deals,en,AlternativeBoardsPopup.tsx,n_a
/offers/portugal-deals,en,PersistentInfoBanner.tsx,n_a
/offers/portugal-deals,en,PromopageSearchPod.tsx,availability/last-available-date
/offers/portugal-deals,en,SearchPodFilters.tsx,n_a
/offers/portugal-deals,en,SearchResults.tsx,shortlist/delete
/offers/portugal-deals,en,SearchResults.tsx,search/recommended
/offers/portugal-deals,en,HolidayWithConfidence.tsx,n_a
/offers/portugal-deals,en,TextBlock.tsx,n_a
/offers/portugal-deals,en,CustomersFeedback.tsx,n_a
/offers/portugal-deals,en,AlternativeBoardsPopup.tsx,n_a
/offers/spain-deals,en,PersistentInfoBanner.tsx,n_a
/offers/spain-deals,en,PromopageSearchPod.tsx,availability/last-available-date
/offers/spain-deals,en,SearchPodFilters.tsx,n_a
/offers/spain-deals,en,SearchResults.tsx,shortlist/delete
/offers/spain-deals,en,SearchResults.tsx,search/recommended
/offers/spain-deals,en,HolidayWithConfidence.tsx,n_a
/offers/spain-deals,en,TextBlock.tsx,n_a
/offers/spain-deals,en,CustomersFeedback.tsx,n_a
/offers/spain-deals,en,AlternativeBoardsPopup.tsx,n_a
/offers/turkey-deals,en,PersistentInfoBanner.tsx,n_a
/offers/turkey-deals,en,PromopageSearchPod.tsx,availability/last-available-date
/offers/turkey-deals,en,SearchPodFilters.tsx,n_a
/offers/turkey-deals,en,SearchResults.tsx,shortlist/delete
/offers/turkey-deals,en,SearchResults.tsx,search/recommended
/offers/turkey-deals,en,HolidayWithConfidence.tsx,n_a
/offers/turkey-deals,en,CustomersFeedback.tsx,n_a
/offers/turkey-deals,en,AlternativeBoardsPopup.tsx,n_a
/offers/from-bristol,en,AlternativeBoardsPopup.tsx,n_a
/offers/from-bristol,en,CustomersFeedback.tsx,n_a
/offers/from-bristol,en,SearchResults.tsx,shortlist/delete
/offers/from-bristol,en,SearchResults.tsx,search/recommended
/offers/from-bristol,en,HolidayWithConfidence.tsx,n_a
/offers/from-bristol,en,TextBlock.tsx,n_a
/offers/from-bristol,en,SearchPodFilters.tsx,n_a
/offers/from-bristol,en,PromopageSearchPod.tsx,availability/last-available-date
/offers/from-bristol,en,PersistentInfoBanner.tsx,n_a
/offers/from-edinburgh,en,AlternativeBoardsPopup.tsx,n_a
/offers/from-edinburgh,en,CustomersFeedback.tsx,n_a
/offers/from-edinburgh,en,SearchResults.tsx,shortlist/delete
/offers/from-edinburgh,en,SearchResults.tsx,search/recommended
/offers/from-edinburgh,en,HolidayWithConfidence.tsx,n_a
/offers/from-edinburgh,en,TextBlock.tsx,n_a
/offers/from-edinburgh,en,SearchPodFilters.tsx,n_a
/offers/from-edinburgh,en,PromopageSearchPod.tsx,availability/last-available-date
/offers/from-edinburgh,en,PersistentInfoBanner.tsx,n_a
/offers/from-glasgow,en,AlternativeBoardsPopup.tsx,n_a
/offers/from-glasgow,en,CustomersFeedback.tsx,n_a
/offers/from-glasgow,en,SearchResults.tsx,shortlist/delete
/offers/from-glasgow,en,SearchResults.tsx,search/recommended
/offers/from-glasgow,en,HolidayWithConfidence.tsx,n_a
/offers/from-glasgow,en,TextBlock.tsx,n_a
/offers/from-glasgow,en,SearchPodFilters.tsx,n_a
/offers/from-glasgow,en,PromopageSearchPod.tsx,availability/last-available-date
/offers/from-glasgow,en,PersistentInfoBanner.tsx,n_a
/offers/from-liverpool,en,AlternativeBoardsPopup.tsx,n_a
/offers/from-liverpool,en,CustomersFeedback.tsx,n_a
/offers/from-liverpool,en,SearchResults.tsx,shortlist/delete
/offers/from-liverpool,en,SearchResults.tsx,search/recommended
/offers/from-liverpool,en,HolidayWithConfidence.tsx,n_a
/offers/from-liverpool,en,TextBlock.tsx,n_a
/offers/from-liverpool,en,SearchPodFilters.tsx,n_a
/offers/from-liverpool,en,PromopageSearchPod.tsx,availability/last-available-date
/offers/from-liverpool,en,PersistentInfoBanner.tsx,n_a
/offers/from-london,en,AlternativeBoardsPopup.tsx,n_a
/offers/from-london,en,CustomersFeedback.tsx,n_a
/offers/from-london,en,SearchResults.tsx,shortlist/delete
/offers/from-london,en,SearchResults.tsx,search/recommended
/offers/from-london,en,HolidayWithConfidence.tsx,n_a
/offers/from-london,en,TextBlock.tsx,n_a
/offers/from-london,en,SearchPodFilters.tsx,n_a
/offers/from-london,en,PromopageSearchPod.tsx,availability/last-available-date
/offers/from-london,en,PersistentInfoBanner.tsx,n_a
/offers/from-london-gatwick,en,AlternativeBoardsPopup.tsx,n_a
/offers/from-london-gatwick,en,CustomersFeedback.tsx,n_a
/offers/from-london-gatwick,en,SearchResults.tsx,shortlist/delete
/offers/from-london-gatwick,en,SearchResults.tsx,search/recommended
/offers/from-london-gatwick,en,HolidayWithConfidence.tsx,n_a
/offers/from-london-gatwick,en,TextBlock.tsx,n_a
/offers/from-london-gatwick,en,SearchPodFilters.tsx,n_a
/offers/from-london-gatwick,en,PromopageSearchPod.tsx,availability/last-available-date
/offers/from-london-gatwick,en,PersistentInfoBanner.tsx,n_a
/offers/from-london-luton,en,AlternativeBoardsPopup.tsx,n_a
/offers/from-london-luton,en,CustomersFeedback.tsx,n_a
/offers/from-london-luton,en,SearchResults.tsx,shortlist/delete
/offers/from-london-luton,en,SearchResults.tsx,search/recommended
/offers/from-london-luton,en,HolidayWithConfidence.tsx,n_a
/offers/from-london-luton,en,TextBlock.tsx,n_a
/offers/from-london-luton,en,SearchPodFilters.tsx,n_a
/offers/from-london-luton,en,PromopageSearchPod.tsx,availability/last-available-date
/offers/from-london-luton,en,PersistentInfoBanner.tsx,n_a
/offers/from-london-stansted,en,AlternativeBoardsPopup.tsx,n_a
/offers/from-london-stansted,en,CustomersFeedback.tsx,n_a
/offers/from-london-stansted,en,SearchResults.tsx,shortlist/delete
/offers/from-london-stansted,en,SearchResults.tsx,search/recommended
/offers/from-london-stansted,en,HolidayWithConfidence.tsx,n_a
/offers/from-london-stansted,en,TextBlock.tsx,n_a
/offers/from-london-stansted,en,SearchPodFilters.tsx,n_a
/offers/from-london-stansted,en,PromopageSearchPod.tsx,availability/last-available-date
/offers/from-london-stansted,en,PersistentInfoBanner.tsx,n_a
/offers/from-manchester,en,AlternativeBoardsPopup.tsx,n_a
/offers/from-manchester,en,CustomersFeedback.tsx,n_a
/offers/from-manchester,en,SearchResults.tsx,shortlist/delete
/offers/from-manchester,en,SearchResults.tsx,search/recommended
/offers/from-manchester,en,HolidayWithConfidence.tsx,n_a
/offers/from-manchester,en,TextBlock.tsx,n_a
/offers/from-manchester,en,SearchPodFilters.tsx,n_a
/offers/from-manchester,en,PromopageSearchPod.tsx,availability/last-available-date
/offers/from-manchester,en,PersistentInfoBanner.tsx,n_a
/offers/balearic-islands,en,PersistentInfoBanner.tsx,n_a
/offers/balearic-islands,en,PromopageSearchPod.tsx,availability/last-available-date
/offers/balearic-islands,en,SearchPodFilters.tsx,n_a
/offers/balearic-islands,en,SearchResults.tsx,shortlist/delete
/offers/balearic-islands,en,SearchResults.tsx,search/recommended
/offers/balearic-islands,en,HolidayWithConfidence.tsx,n_a
/offers/balearic-islands,en,TextBlock.tsx,n_a
/offers/balearic-islands,en,CustomersFeedback.tsx,n_a
/offers/balearic-islands,en,AlternativeBoardsPopup.tsx,n_a
/offers/canary-islands,en,PersistentInfoBanner.tsx,n_a
/offers/canary-islands,en,PromopageSearchPod.tsx,availability/last-available-date
/offers/canary-islands,en,SearchPodFilters.tsx,n_a
/offers/canary-islands,en,SearchResults.tsx,shortlist/delete
/offers/canary-islands,en,SearchResults.tsx,search/recommended
/offers/canary-islands,en,HolidayWithConfidence.tsx,n_a
/offers/canary-islands,en,TextBlock.tsx,n_a
/offers/canary-islands,en,CustomersFeedback.tsx,n_a
/offers/canary-islands,en,AlternativeBoardsPopup.tsx,n_a
/free-child-places,en,PersistentInfoBanner.tsx,n_a
/free-child-places,en,PromopageSearchPod.tsx,availability/last-available-date
/free-child-places,en,SearchPodFilters.tsx,n_a
/free-child-places,en,SearchResults.tsx,shortlist/delete
/free-child-places,en,SearchResults.tsx,search/recommended
/free-child-places,en,HolidayWithConfidence.tsx,n_a
/free-child-places,en,TextBlock.tsx,n_a
/free-child-places,en,CustomersFeedback.tsx,n_a
/free-child-places,en,AlternativeBoardsPopup.tsx,n_a
/free-child-places-from-belfast,en,PersistentInfoBanner.tsx,n_a
/free-child-places-from-belfast,en,PromopageSearchPod.tsx,availability/last-available-date
/free-child-places-from-belfast,en,SearchPodFilters.tsx,n_a
/free-child-places-from-belfast,en,SearchResults.tsx,shortlist/delete
/free-child-places-from-belfast,en,SearchResults.tsx,search/recommended
/free-child-places-from-belfast,en,HolidayWithConfidence.tsx,n_a
/free-child-places-from-belfast,en,TextBlock.tsx,n_a
/free-child-places-from-belfast,en,CustomersFeedback.tsx,n_a
/free-child-places-from-belfast,en,AlternativeBoardsPopup.tsx,n_a
/free-child-places-from-newcastle,en,PersistentInfoBanner.tsx,n_a
/free-child-places-from-newcastle,en,PromopageSearchPod.tsx,availability/last-available-date
/free-child-places-from-newcastle,en,SearchPodFilters.tsx,n_a
/free-child-places-from-newcastle,en,SearchResults.tsx,shortlist/delete
/free-child-places-from-newcastle,en,SearchResults.tsx,search/recommended
/free-child-places-from-newcastle,en,HolidayWithConfidence.tsx,n_a
/free-child-places-from-newcastle,en,TextBlock.tsx,n_a
/free-child-places-from-newcastle,en,CustomersFeedback.tsx,n_a
/free-child-places-from-newcastle,en,AlternativeBoardsPopup.tsx,n_a
/free-child-places-from-bristol,en,PersistentInfoBanner.tsx,n_a
/free-child-places-from-bristol,en,PromopageSearchPod.tsx,availability/last-available-date
/free-child-places-from-bristol,en,SearchPodFilters.tsx,n_a
/free-child-places-from-bristol,en,SearchResults.tsx,shortlist/delete
/free-child-places-from-bristol,en,SearchResults.tsx,search/recommended
/free-child-places-from-bristol,en,HolidayWithConfidence.tsx,n_a
/free-child-places-from-bristol,en,TextBlock.tsx,n_a
/free-child-places-from-bristol,en,CustomersFeedback.tsx,n_a
/free-child-places-from-bristol,en,AlternativeBoardsPopup.tsx,n_a
/free-child-places-from-edinburgh,en,PersistentInfoBanner.tsx,n_a
/free-child-places-from-edinburgh,en,PromopageSearchPod.tsx,availability/last-available-date
/free-child-places-from-edinburgh,en,SearchPodFilters.tsx,n_a
/free-child-places-from-edinburgh,en,SearchResults.tsx,shortlist/delete
/free-child-places-from-edinburgh,en,SearchResults.tsx,search/recommended
/free-child-places-from-edinburgh,en,HolidayWithConfidence.tsx,n_a
/free-child-places-from-edinburgh,en,TextBlock.tsx,n_a
/free-child-places-from-edinburgh,en,CustomersFeedback.tsx,n_a
/free-child-places-from-edinburgh,en,AlternativeBoardsPopup.tsx,n_a
/free-child-places-from-glasgow,en,PersistentInfoBanner.tsx,n_a
/free-child-places-from-glasgow,en,PromopageSearchPod.tsx,availability/last-available-date
/free-child-places-from-glasgow,en,SearchPodFilters.tsx,n_a
/free-child-places-from-glasgow,en,SearchResults.tsx,shortlist/delete
/free-child-places-from-glasgow,en,SearchResults.tsx,search/recommended
/free-child-places-from-glasgow,en,HolidayWithConfidence.tsx,n_a
/free-child-places-from-glasgow,en,TextBlock.tsx,n_a
/free-child-places-from-glasgow,en,CustomersFeedback.tsx,n_a
/free-child-places-from-glasgow,en,AlternativeBoardsPopup.tsx,n_a
/free-child-places-from-london-gatwick,en,PersistentInfoBanner.tsx,n_a
/free-child-places-from-london-gatwick,en,PromopageSearchPod.tsx,availability/last-available-date
/free-child-places-from-london-gatwick,en,SearchPodFilters.tsx,n_a
/free-child-places-from-london-gatwick,en,SearchResults.tsx,shortlist/delete
/free-child-places-from-london-gatwick,en,SearchResults.tsx,search/recommended
/free-child-places-from-london-gatwick,en,HolidayWithConfidence.tsx,n_a
/free-child-places-from-london-gatwick,en,TextBlock.tsx,n_a
/free-child-places-from-london-gatwick,en,CustomersFeedback.tsx,n_a
/free-child-places-from-london-gatwick,en,AlternativeBoardsPopup.tsx,n_a
/free-child-places-from-liverpool,en,PersistentInfoBanner.tsx,n_a
/free-child-places-from-liverpool,en,PromopageSearchPod.tsx,availability/last-available-date
/free-child-places-from-liverpool,en,SearchPodFilters.tsx,n_a
/free-child-places-from-liverpool,en,SearchResults.tsx,shortlist/delete
/free-child-places-from-liverpool,en,SearchResults.tsx,search/recommended
/free-child-places-from-liverpool,en,HolidayWithConfidence.tsx,n_a
/free-child-places-from-liverpool,en,TextBlock.tsx,n_a
/free-child-places-from-liverpool,en,CustomersFeedback.tsx,n_a
/free-child-places-from-liverpool,en,AlternativeBoardsPopup.tsx,n_a
/free-child-places-from-london-luton,en,PersistentInfoBanner.tsx,n_a
/free-child-places-from-london-luton,en,PromopageSearchPod.tsx,availability/last-available-date
/free-child-places-from-london-luton,en,SearchPodFilters.tsx,n_a
/free-child-places-from-london-luton,en,SearchResults.tsx,shortlist/delete
/free-child-places-from-london-luton,en,SearchResults.tsx,search/recommended
/free-child-places-from-london-luton,en,HolidayWithConfidence.tsx,n_a
/free-child-places-from-london-luton,en,TextBlock.tsx,n_a
/free-child-places-from-london-luton,en,CustomersFeedback.tsx,n_a
/free-child-places-from-london-luton,en,AlternativeBoardsPopup.tsx,n_a
/free-child-places-from-london-southend,en,PersistentInfoBanner.tsx,n_a
/free-child-places-from-london-southend,en,PromopageSearchPod.tsx,availability/last-available-date
/free-child-places-from-london-southend,en,SearchPodFilters.tsx,n_a
/free-child-places-from-london-southend,en,SearchResults.tsx,shortlist/delete
/free-child-places-from-london-southend,en,SearchResults.tsx,search/recommended
/free-child-places-from-london-southend,en,HolidayWithConfidence.tsx,n_a
/free-child-places-from-london-southend,en,TextBlock.tsx,n_a
/free-child-places-from-london-southend,en,CustomersFeedback.tsx,n_a
/free-child-places-from-london-southend,en,AlternativeBoardsPopup.tsx,n_a
/free-child-places-from-london-stansted,en,PersistentInfoBanner.tsx,n_a
/free-child-places-from-london-stansted,en,PromopageSearchPod.tsx,availability/last-available-date
/free-child-places-from-london-stansted,en,SearchPodFilters.tsx,n_a
/free-child-places-from-london-stansted,en,SearchResults.tsx,shortlist/delete
/free-child-places-from-london-stansted,en,SearchResults.tsx,search/recommended
/free-child-places-from-london-stansted,en,HolidayWithConfidence.tsx,n_a
/free-child-places-from-london-stansted,en,TextBlock.tsx,n_a
/free-child-places-from-london-stansted,en,CustomersFeedback.tsx,n_a
/free-child-places-from-london-stansted,en,AlternativeBoardsPopup.tsx,n_a
/free-child-places-from-manchester,en,PersistentInfoBanner.tsx,n_a
/free-child-places-from-manchester,en,PromopageSearchPod.tsx,availability/last-available-date
/free-child-places-from-manchester,en,SearchPodFilters.tsx,n_a
/free-child-places-from-manchester,en,SearchResults.tsx,shortlist/delete
/free-child-places-from-manchester,en,SearchResults.tsx,search/recommended
/free-child-places-from-manchester,en,HolidayWithConfidence.tsx,n_a
/free-child-places-from-manchester,en,TextBlock.tsx,n_a
/free-child-places-from-manchester,en,CustomersFeedback.tsx,n_a
/free-child-places-from-manchester,en,AlternativeBoardsPopup.tsx,n_a
/holidays-from-gatwick,en,PersistentInfoBanner.tsx,n_a
/holidays-from-gatwick,en,PromopageSearchPod.tsx,availability/last-available-date
/holidays-from-gatwick,en,SearchPodFilters.tsx,n_a
/holidays-from-gatwick,en,SearchResults.tsx,shortlist/delete
/holidays-from-gatwick,en,SearchResults.tsx,search/recommended
/holidays-from-gatwick,en,HolidayWithConfidence.tsx,n_a
/holidays-from-gatwick,en,TextBlock.tsx,n_a
/holidays-from-gatwick,en,CustomersFeedback.tsx,n_a
/holidays-from-gatwick,en,AlternativeBoardsPopup.tsx,n_a
/green-list-holiday-destinations,en,PersistentInfoBanner.tsx,n_a
/green-list-holiday-destinations,en,PromopageSearchPod.tsx,availability/last-available-date
/green-list-holiday-destinations,en,SearchPodFilters.tsx,n_a
/green-list-holiday-destinations,en,SearchResults.tsx,shortlist/delete
/green-list-holiday-destinations,en,SearchResults.tsx,search/recommended
/green-list-holiday-destinations,en,TextBlock.tsx,n_a
/green-list-holiday-destinations,en,HolidayWithConfidence.tsx,n_a
/green-list-holiday-destinations,en,CustomersFeedback.tsx,n_a
/green-list-holiday-destinations,en,AlternativeBoardsPopup.tsx,n_a
/christmas-holidays,en,PersistentInfoBanner.tsx,n_a
/christmas-holidays,en,PromopageSearchPod.tsx,availability/last-available-date
/christmas-holidays,en,SearchPodFilters.tsx,n_a
/christmas-holidays,en,SearchResults.tsx,shortlist/delete
/christmas-holidays,en,SearchResults.tsx,search/recommended
/christmas-holidays,en,HolidayWithConfidence.tsx,n_a
/christmas-holidays,en,CustomersFeedback.tsx,n_a
/christmas-holidays,en,AlternativeBoardsPopup.tsx,n_a
/bed-and-breakfast-holidays,en,PersistentInfoBanner.tsx,n_a
/bed-and-breakfast-holidays,en,PromopageSearchPod.tsx,availability/last-available-date
/bed-and-breakfast-holidays,en,SearchPodFilters.tsx,n_a
/bed-and-breakfast-holidays,en,SearchResults.tsx,shortlist/delete
/bed-and-breakfast-holidays,en,SearchResults.tsx,search/recommended
/bed-and-breakfast-holidays,en,HolidayWithConfidence.tsx,n_a
/bed-and-breakfast-holidays,en,CustomersFeedback.tsx,n_a
/bed-and-breakfast-holidays,en,AlternativeBoardsPopup.tsx,n_a
/october-school-holidays,en,PersistentInfoBanner.tsx,n_a
/october-school-holidays,en,PromopageSearchPod.tsx,availability/last-available-date
/october-school-holidays,en,SearchPodFilters.tsx,n_a
/october-school-holidays,en,SearchResults.tsx,shortlist/delete
/october-school-holidays,en,SearchResults.tsx,search/recommended
/october-school-holidays,en,HolidayWithConfidence.tsx,n_a
/october-school-holidays,en,TextBlock.tsx,n_a
/october-school-holidays,en,CustomersFeedback.tsx,n_a
/october-school-holidays,en,AlternativeBoardsPopup.tsx,n_a
/easter-holidays,en,PersistentInfoBanner.tsx,n_a
/easter-holidays,en,PromopageSearchPod.tsx,availability/last-available-date
/easter-holidays,en,SearchPodFilters.tsx,n_a
/easter-holidays,en,SearchResults.tsx,shortlist/delete
/easter-holidays,en,SearchResults.tsx,search/recommended
/easter-holidays,en,HolidayWithConfidence.tsx,n_a
/easter-holidays,en,TextBlock.tsx,n_a
/easter-holidays,en,CustomersFeedback.tsx,n_a
/easter-holidays,en,AlternativeBoardsPopup.tsx,n_a
/easter-holidays/from-belfast,en,PersistentInfoBanner.tsx,n_a
/easter-holidays/from-belfast,en,SearchPodFilters.tsx,n_a
/easter-holidays/from-belfast,en,SearchResults.tsx,shortlist/delete
/easter-holidays/from-belfast,en,SearchResults.tsx,search/recommended
/easter-holidays/from-belfast,en,HolidayWithConfidence.tsx,n_a
/easter-holidays/from-belfast,en,TextBlock.tsx,n_a
/easter-holidays/from-belfast,en,CustomersFeedback.tsx,n_a
/easter-holidays/from-belfast,en,AlternativeBoardsPopup.tsx,n_a
/easter-holidays/from-belfast,en,PromopageSearchPod.tsx,availability/last-available-date
/easter-holidays/from-bristol,en,PersistentInfoBanner.tsx,n_a
/easter-holidays/from-bristol,en,SearchPodFilters.tsx,n_a
/easter-holidays/from-bristol,en,SearchResults.tsx,shortlist/delete
/easter-holidays/from-bristol,en,SearchResults.tsx,search/recommended
/easter-holidays/from-bristol,en,HolidayWithConfidence.tsx,n_a
/easter-holidays/from-bristol,en,TextBlock.tsx,n_a
/easter-holidays/from-bristol,en,CustomersFeedback.tsx,n_a
/easter-holidays/from-bristol,en,AlternativeBoardsPopup.tsx,n_a
/easter-holidays/from-bristol,en,PromopageSearchPod.tsx,availability/last-available-date
/easter-holidays/from-edinburgh,en,PersistentInfoBanner.tsx,n_a
/easter-holidays/from-edinburgh,en,SearchPodFilters.tsx,n_a
/easter-holidays/from-edinburgh,en,SearchResults.tsx,shortlist/delete
/easter-holidays/from-edinburgh,en,SearchResults.tsx,search/recommended
/easter-holidays/from-edinburgh,en,HolidayWithConfidence.tsx,n_a
/easter-holidays/from-edinburgh,en,TextBlock.tsx,n_a
/easter-holidays/from-edinburgh,en,CustomersFeedback.tsx,n_a
/easter-holidays/from-edinburgh,en,AlternativeBoardsPopup.tsx,n_a
/easter-holidays/from-edinburgh,en,PromopageSearchPod.tsx,availability/last-available-date
/easter-holidays/from-glasgow,en,PersistentInfoBanner.tsx,n_a
/easter-holidays/from-glasgow,en,SearchPodFilters.tsx,n_a
/easter-holidays/from-glasgow,en,SearchResults.tsx,shortlist/delete
/easter-holidays/from-glasgow,en,SearchResults.tsx,search/recommended
/easter-holidays/from-glasgow,en,HolidayWithConfidence.tsx,n_a
/easter-holidays/from-glasgow,en,TextBlock.tsx,n_a
/easter-holidays/from-glasgow,en,CustomersFeedback.tsx,n_a
/easter-holidays/from-glasgow,en,AlternativeBoardsPopup.tsx,n_a
/easter-holidays/from-glasgow,en,PromopageSearchPod.tsx,availability/last-available-date
/easter-holidays/from-liverpool,en,PersistentInfoBanner.tsx,n_a
/easter-holidays/from-liverpool,en,SearchPodFilters.tsx,n_a
/easter-holidays/from-liverpool,en,SearchResults.tsx,shortlist/delete
/easter-holidays/from-liverpool,en,SearchResults.tsx,search/recommended
/easter-holidays/from-liverpool,en,HolidayWithConfidence.tsx,n_a
/easter-holidays/from-liverpool,en,TextBlock.tsx,n_a
/easter-holidays/from-liverpool,en,CustomersFeedback.tsx,n_a
/easter-holidays/from-liverpool,en,AlternativeBoardsPopup.tsx,n_a
/easter-holidays/from-liverpool,en,PromopageSearchPod.tsx,availability/last-available-date
/easter-holidays/from-london,en,PersistentInfoBanner.tsx,n_a
/easter-holidays/from-london,en,SearchPodFilters.tsx,n_a
/easter-holidays/from-london,en,SearchResults.tsx,shortlist/delete
/easter-holidays/from-london,en,SearchResults.tsx,search/recommended
/easter-holidays/from-london,en,HolidayWithConfidence.tsx,n_a
/easter-holidays/from-london,en,TextBlock.tsx,n_a
/easter-holidays/from-london,en,CustomersFeedback.tsx,n_a
/easter-holidays/from-london,en,AlternativeBoardsPopup.tsx,n_a
/easter-holidays/from-london,en,PromopageSearchPod.tsx,availability/last-available-date
/easter-holidays/from-london-gatwick,en,PersistentInfoBanner.tsx,n_a
/easter-holidays/from-london-gatwick,en,SearchPodFilters.tsx,n_a
/easter-holidays/from-london-gatwick,en,SearchResults.tsx,shortlist/delete
/easter-holidays/from-london-gatwick,en,SearchResults.tsx,search/recommended
/easter-holidays/from-london-gatwick,en,HolidayWithConfidence.tsx,n_a
/easter-holidays/from-london-gatwick,en,TextBlock.tsx,n_a
/easter-holidays/from-london-gatwick,en,CustomersFeedback.tsx,n_a
/easter-holidays/from-london-gatwick,en,AlternativeBoardsPopup.tsx,n_a
/easter-holidays/from-london-gatwick,en,PromopageSearchPod.tsx,availability/last-available-date
/easter-holidays/from-london-luton,en,PersistentInfoBanner.tsx,n_a
/easter-holidays/from-london-luton,en,SearchPodFilters.tsx,n_a
/easter-holidays/from-london-luton,en,SearchResults.tsx,shortlist/delete
/easter-holidays/from-london-luton,en,SearchResults.tsx,search/recommended
/easter-holidays/from-london-luton,en,HolidayWithConfidence.tsx,n_a
/easter-holidays/from-london-luton,en,TextBlock.tsx,n_a
/easter-holidays/from-london-luton,en,CustomersFeedback.tsx,n_a
/easter-holidays/from-london-luton,en,AlternativeBoardsPopup.tsx,n_a
/easter-holidays/from-london-luton,en,PromopageSearchPod.tsx,availability/last-available-date
/easter-holidays/from-london-southend,en,PersistentInfoBanner.tsx,n_a
/easter-holidays/from-london-southend,en,SearchPodFilters.tsx,n_a
/easter-holidays/from-london-southend,en,SearchResults.tsx,shortlist/delete
/easter-holidays/from-london-southend,en,SearchResults.tsx,search/recommended
/easter-holidays/from-london-southend,en,HolidayWithConfidence.tsx,n_a
/easter-holidays/from-london-southend,en,TextBlock.tsx,n_a
/easter-holidays/from-london-southend,en,CustomersFeedback.tsx,n_a
/easter-holidays/from-london-southend,en,AlternativeBoardsPopup.tsx,n_a
/easter-holidays/from-london-southend,en,PromopageSearchPod.tsx,availability/last-available-date
/easter-holidays/from-london-stansted,en,PersistentInfoBanner.tsx,n_a
/easter-holidays/from-london-stansted,en,SearchPodFilters.tsx,n_a
/easter-holidays/from-london-stansted,en,SearchResults.tsx,shortlist/delete
/easter-holidays/from-london-stansted,en,SearchResults.tsx,search/recommended
/easter-holidays/from-london-stansted,en,HolidayWithConfidence.tsx,n_a
/easter-holidays/from-london-stansted,en,TextBlock.tsx,n_a
/easter-holidays/from-london-stansted,en,CustomersFeedback.tsx,n_a
/easter-holidays/from-london-stansted,en,AlternativeBoardsPopup.tsx,n_a
/easter-holidays/from-london-stansted,en,PromopageSearchPod.tsx,availability/last-available-date
/easter-holidays/from-manchester,en,PersistentInfoBanner.tsx,n_a
/easter-holidays/from-manchester,en,SearchPodFilters.tsx,n_a
/easter-holidays/from-manchester,en,SearchResults.tsx,shortlist/delete
/easter-holidays/from-manchester,en,SearchResults.tsx,search/recommended
/easter-holidays/from-manchester,en,HolidayWithConfidence.tsx,n_a
/easter-holidays/from-manchester,en,TextBlock.tsx,n_a
/easter-holidays/from-manchester,en,CustomersFeedback.tsx,n_a
/easter-holidays/from-manchester,en,AlternativeBoardsPopup.tsx,n_a
/easter-holidays/from-manchester,en,PromopageSearchPod.tsx,availability/last-available-date
/easter-holidays/from-newcastle,en,PersistentInfoBanner.tsx,n_a
/easter-holidays/from-newcastle,en,SearchPodFilters.tsx,n_a
/easter-holidays/from-newcastle,en,SearchResults.tsx,shortlist/delete
/easter-holidays/from-newcastle,en,SearchResults.tsx,search/recommended
/easter-holidays/from-newcastle,en,HolidayWithConfidence.tsx,n_a
/easter-holidays/from-newcastle,en,TextBlock.tsx,n_a
/easter-holidays/from-newcastle,en,CustomersFeedback.tsx,n_a
/easter-holidays/from-newcastle,en,AlternativeBoardsPopup.tsx,n_a
/easter-holidays/from-newcastle,en,PromopageSearchPod.tsx,availability/last-available-date
/half-term-holidays,en,PersistentInfoBanner.tsx,n_a
/half-term-holidays,en,PromopageSearchPod.tsx,availability/last-available-date
/half-term-holidays,en,SearchPodFilters.tsx,n_a
/half-term-holidays,en,SearchResults.tsx,shortlist/delete
/half-term-holidays,en,SearchResults.tsx,search/recommended
/half-term-holidays,en,HolidayWithConfidence.tsx,n_a
/half-term-holidays,en,CustomersFeedback.tsx,n_a
/half-term-holidays,en,AlternativeBoardsPopup.tsx,n_a
/christmas-market-breaks,en,PersistentInfoBanner.tsx,n_a
/christmas-market-breaks,en,PromopageSearchPod.tsx,availability/last-available-date
/christmas-market-breaks,en,SearchPodFilters.tsx,n_a
/christmas-market-breaks,en,SearchResults.tsx,shortlist/delete
/christmas-market-breaks,en,SearchResults.tsx,search/recommended
/christmas-market-breaks,en,HolidayWithConfidence.tsx,n_a
/christmas-market-breaks,en,CustomersFeedback.tsx,n_a
/christmas-market-breaks,en,AlternativeBoardsPopup.tsx,n_a
/summer-city-breaks,en,PersistentInfoBanner.tsx,n_a
/summer-city-breaks,en,PromopageSearchPod.tsx,availability/last-available-date
/summer-city-breaks,en,SearchPodFilters.tsx,n_a
/summer-city-breaks,en,SearchResults.tsx,shortlist/delete
/summer-city-breaks,en,SearchResults.tsx,search/recommended
/summer-city-breaks,en,TextBlock.tsx,n_a
/summer-city-breaks,en,HolidayWithConfidence.tsx,n_a
/summer-city-breaks,en,CustomersFeedback.tsx,n_a
/summer-city-breaks,en,AlternativeBoardsPopup.tsx,n_a
/short-beach-breaks,en,PersistentInfoBanner.tsx,n_a
/short-beach-breaks,en,PromopageSearchPod.tsx,availability/last-available-date
/short-beach-breaks,en,SearchPodFilters.tsx,n_a
/short-beach-breaks,en,SearchResults.tsx,shortlist/delete
/short-beach-breaks,en,SearchResults.tsx,search/recommended
/short-beach-breaks,en,HolidayWithConfidence.tsx,n_a
/short-beach-breaks,en,CustomersFeedback.tsx,n_a
/short-beach-breaks,en,AlternativeBoardsPopup.tsx,n_a
/winter-holidays-2022,en,PersistentInfoBanner.tsx,n_a
/winter-holidays-2022,en,PromopageSearchPod.tsx,availability/last-available-date
/winter-holidays-2022,en,SearchPodFilters.tsx,n_a
/winter-holidays-2022,en,SearchResults.tsx,shortlist/delete
/winter-holidays-2022,en,SearchResults.tsx,search/recommended
/winter-holidays-2022,en,HolidayWithConfidence.tsx,n_a
/winter-holidays-2022,en,TextBlock.tsx,n_a
/winter-holidays-2022,en,CustomersFeedback.tsx,n_a
/winter-holidays-2022,en,AlternativeBoardsPopup.tsx,n_a
/undiscovered-holidays,en,PersistentInfoBanner.tsx,n_a
/undiscovered-holidays,en,PromopageSearchPod.tsx,availability/last-available-date
/undiscovered-holidays,en,SearchPodFilters.tsx,n_a
/undiscovered-holidays,en,SearchResults.tsx,shortlist/delete
/undiscovered-holidays,en,SearchResults.tsx,search/recommended
/undiscovered-holidays,en,HolidayWithConfidence.tsx,n_a
/undiscovered-holidays,en,TextBlock.tsx,n_a
/undiscovered-holidays,en,CustomersFeedback.tsx,n_a
/undiscovered-holidays,en,AlternativeBoardsPopup.tsx,n_a
/last-minute-city-breaks,en,PersistentInfoBanner.tsx,n_a
/last-minute-city-breaks,en,PromopageSearchPod.tsx,availability/last-available-date
/last-minute-city-breaks,en,SearchPodFilters.tsx,n_a
/last-minute-city-breaks,en,SearchResults.tsx,shortlist/delete
/last-minute-city-breaks,en,SearchResults.tsx,search/recommended
/last-minute-city-breaks,en,HolidayWithConfidence.tsx,n_a
/last-minute-city-breaks,en,TextBlock.tsx,n_a
/last-minute-city-breaks,en,CustomersFeedback.tsx,n_a
/last-minute-city-breaks,en,AlternativeBoardsPopup.tsx,n_a
/last-minute-beach-holidays,en,PersistentInfoBanner.tsx,n_a
/last-minute-beach-holidays,en,PromopageSearchPod.tsx,availability/last-available-date
/last-minute-beach-holidays,en,SearchPodFilters.tsx,n_a
/last-minute-beach-holidays,en,SearchResults.tsx,shortlist/delete
/last-minute-beach-holidays,en,SearchResults.tsx,search/recommended
/last-minute-beach-holidays,en,HolidayWithConfidence.tsx,n_a
/last-minute-beach-holidays,en,TextBlock.tsx,n_a
/last-minute-beach-holidays,en,CustomersFeedback.tsx,n_a
/last-minute-beach-holidays,en,AlternativeBoardsPopup.tsx,n_a
/portugal-deals,en,PersistentInfoBanner.tsx,n_a
/portugal-deals,en,PromopageSearchPod.tsx,availability/last-available-date
/portugal-deals,en,SearchPodFilters.tsx,n_a
/portugal-deals,en,SearchResults.tsx,shortlist/delete
/portugal-deals,en,SearchResults.tsx,search/recommended
/portugal-deals,en,HolidayWithConfidence.tsx,n_a
/portugal-deals,en,TextBlock.tsx,n_a
/portugal-deals,en,CustomersFeedback.tsx,n_a
/portugal-deals,en,AlternativeBoardsPopup.tsx,n_a
/summer-2021-holidays,en,PersistentInfoBanner.tsx,n_a
/summer-2021-holidays,en,PromopageSearchPod.tsx,availability/last-available-date
/summer-2021-holidays,en,SearchPodFilters.tsx,n_a
/summer-2021-holidays,en,SearchResults.tsx,shortlist/delete
/summer-2021-holidays,en,SearchResults.tsx,search/recommended
/summer-2021-holidays,en,HolidayWithConfidence.tsx,n_a
/summer-2021-holidays,en,TextBlock.tsx,n_a
/summer-2021-holidays,en,CustomersFeedback.tsx,n_a
/summer-2021-holidays,en,AlternativeBoardsPopup.tsx,n_a
/summer-2022-holidays,en,PersistentInfoBanner.tsx,n_a
/summer-2022-holidays,en,PromopageSearchPod.tsx,availability/last-available-date
/summer-2022-holidays,en,SearchPodFilters.tsx,n_a
/summer-2022-holidays,en,SearchResults.tsx,shortlist/delete
/summer-2022-holidays,en,SearchResults.tsx,search/recommended
/summer-2022-holidays,en,HolidayWithConfidence.tsx,n_a
/summer-2022-holidays,en,TextBlock.tsx,n_a
/summer-2022-holidays,en,CustomersFeedback.tsx,n_a
/summer-2022-holidays,en,AlternativeBoardsPopup.tsx,n_a
/summer-holidays,en,PersistentInfoBanner.tsx,n_a
/summer-holidays,en,PromopageSearchPod.tsx,availability/last-available-date
/summer-holidays,en,SearchPodFilters.tsx,n_a
/summer-holidays,en,SearchResults.tsx,shortlist/delete
/summer-holidays,en,SearchResults.tsx,search/recommended
/summer-holidays,en,HolidayWithConfidence.tsx,n_a
/summer-holidays,en,TextBlock.tsx,n_a
/summer-holidays,en,CustomersFeedback.tsx,n_a
/summer-holidays,en,AlternativeBoardsPopup.tsx,n_a
/summer-holidays/from-belfast,en,PersistentInfoBanner.tsx,n_a
/summer-holidays/from-belfast,en,PromopageSearchPod.tsx,availability/last-available-date
/summer-holidays/from-belfast,en,SearchPodFilters.tsx,n_a
/summer-holidays/from-belfast,en,SearchResults.tsx,shortlist/delete
/summer-holidays/from-belfast,en,SearchResults.tsx,search/recommended
/summer-holidays/from-belfast,en,HolidayWithConfidence.tsx,n_a
/summer-holidays/from-belfast,en,TextBlock.tsx,n_a
/summer-holidays/from-belfast,en,CustomersFeedback.tsx,n_a
/summer-holidays/from-belfast,en,AlternativeBoardsPopup.tsx,n_a
/summer-holidays/from-bristol,en,PersistentInfoBanner.tsx,n_a
/summer-holidays/from-bristol,en,PromopageSearchPod.tsx,availability/last-available-date
/summer-holidays/from-bristol,en,SearchPodFilters.tsx,n_a
/summer-holidays/from-bristol,en,SearchResults.tsx,shortlist/delete
/summer-holidays/from-bristol,en,SearchResults.tsx,search/recommended
/summer-holidays/from-bristol,en,HolidayWithConfidence.tsx,n_a
/summer-holidays/from-bristol,en,TextBlock.tsx,n_a
/summer-holidays/from-bristol,en,CustomersFeedback.tsx,n_a
/summer-holidays/from-bristol,en,AlternativeBoardsPopup.tsx,n_a
/summer-holidays/from-edinburgh,en,PersistentInfoBanner.tsx,n_a
/summer-holidays/from-edinburgh,en,PromopageSearchPod.tsx,availability/last-available-date
/summer-holidays/from-edinburgh,en,SearchPodFilters.tsx,n_a
/summer-holidays/from-edinburgh,en,SearchResults.tsx,shortlist/delete
/summer-holidays/from-edinburgh,en,SearchResults.tsx,search/recommended
/summer-holidays/from-edinburgh,en,HolidayWithConfidence.tsx,n_a
/summer-holidays/from-edinburgh,en,TextBlock.tsx,n_a
/summer-holidays/from-edinburgh,en,CustomersFeedback.tsx,n_a
/summer-holidays/from-edinburgh,en,AlternativeBoardsPopup.tsx,n_a
/summer-holidays/from-glasgow,en,PersistentInfoBanner.tsx,n_a
/summer-holidays/from-glasgow,en,PromopageSearchPod.tsx,availability/last-available-date
/summer-holidays/from-glasgow,en,SearchPodFilters.tsx,n_a
/summer-holidays/from-glasgow,en,SearchResults.tsx,shortlist/delete
/summer-holidays/from-glasgow,en,SearchResults.tsx,search/recommended
/summer-holidays/from-glasgow,en,HolidayWithConfidence.tsx,n_a
/summer-holidays/from-glasgow,en,TextBlock.tsx,n_a
/summer-holidays/from-glasgow,en,CustomersFeedback.tsx,n_a
/summer-holidays/from-glasgow,en,AlternativeBoardsPopup.tsx,n_a
/summer-holidays/from-liverpool,en,PersistentInfoBanner.tsx,n_a
/summer-holidays/from-liverpool,en,PromopageSearchPod.tsx,availability/last-available-date
/summer-holidays/from-liverpool,en,SearchPodFilters.tsx,n_a
/summer-holidays/from-liverpool,en,SearchResults.tsx,shortlist/delete
/summer-holidays/from-liverpool,en,SearchResults.tsx,search/recommended
/summer-holidays/from-liverpool,en,HolidayWithConfidence.tsx,n_a
/summer-holidays/from-liverpool,en,TextBlock.tsx,n_a
/summer-holidays/from-liverpool,en,CustomersFeedback.tsx,n_a
/summer-holidays/from-liverpool,en,AlternativeBoardsPopup.tsx,n_a
/summer-holidays/from-london,en,PersistentInfoBanner.tsx,n_a
/summer-holidays/from-london,en,PromopageSearchPod.tsx,availability/last-available-date
/summer-holidays/from-london,en,SearchPodFilters.tsx,n_a
/summer-holidays/from-london,en,SearchResults.tsx,shortlist/delete
/summer-holidays/from-london,en,SearchResults.tsx,search/recommended
/summer-holidays/from-london,en,HolidayWithConfidence.tsx,n_a
/summer-holidays/from-london,en,TextBlock.tsx,n_a
/summer-holidays/from-london,en,CustomersFeedback.tsx,n_a
/summer-holidays/from-london,en,AlternativeBoardsPopup.tsx,n_a
/summer-holidays/from-london-gatwick,en,PersistentInfoBanner.tsx,n_a
/summer-holidays/from-london-gatwick,en,PromopageSearchPod.tsx,availability/last-available-date
/summer-holidays/from-london-gatwick,en,SearchPodFilters.tsx,n_a
/summer-holidays/from-london-gatwick,en,SearchResults.tsx,shortlist/delete
/summer-holidays/from-london-gatwick,en,SearchResults.tsx,search/recommended
/summer-holidays/from-london-gatwick,en,HolidayWithConfidence.tsx,n_a
/summer-holidays/from-london-gatwick,en,TextBlock.tsx,n_a
/summer-holidays/from-london-gatwick,en,CustomersFeedback.tsx,n_a
/summer-holidays/from-london-gatwick,en,AlternativeBoardsPopup.tsx,n_a
/summer-holidays/from-london-luton,en,PersistentInfoBanner.tsx,n_a
/summer-holidays/from-london-luton,en,PromopageSearchPod.tsx,availability/last-available-date
/summer-holidays/from-london-luton,en,SearchPodFilters.tsx,n_a
/summer-holidays/from-london-luton,en,SearchResults.tsx,shortlist/delete
/summer-holidays/from-london-luton,en,SearchResults.tsx,search/recommended
/summer-holidays/from-london-luton,en,HolidayWithConfidence.tsx,n_a
/summer-holidays/from-london-luton,en,TextBlock.tsx,n_a
/summer-holidays/from-london-luton,en,CustomersFeedback.tsx,n_a
/summer-holidays/from-london-luton,en,AlternativeBoardsPopup.tsx,n_a
/summer-holidays/from-london-southend,en,PersistentInfoBanner.tsx,n_a
/summer-holidays/from-london-southend,en,PromopageSearchPod.tsx,availability/last-available-date
/summer-holidays/from-london-southend,en,SearchPodFilters.tsx,n_a
/summer-holidays/from-london-southend,en,SearchResults.tsx,shortlist/delete
/summer-holidays/from-london-southend,en,SearchResults.tsx,search/recommended
/summer-holidays/from-london-southend,en,HolidayWithConfidence.tsx,n_a
/summer-holidays/from-london-southend,en,TextBlock.tsx,n_a
/summer-holidays/from-london-southend,en,CustomersFeedback.tsx,n_a
/summer-holidays/from-london-southend,en,AlternativeBoardsPopup.tsx,n_a
/summer-holidays/from-london-stansted,en,PersistentInfoBanner.tsx,n_a
/summer-holidays/from-london-stansted,en,PromopageSearchPod.tsx,availability/last-available-date
/summer-holidays/from-london-stansted,en,SearchPodFilters.tsx,n_a
/summer-holidays/from-london-stansted,en,SearchResults.tsx,shortlist/delete
/summer-holidays/from-london-stansted,en,SearchResults.tsx,search/recommended
/summer-holidays/from-london-stansted,en,HolidayWithConfidence.tsx,n_a
/summer-holidays/from-london-stansted,en,TextBlock.tsx,n_a
/summer-holidays/from-london-stansted,en,CustomersFeedback.tsx,n_a
/summer-holidays/from-london-stansted,en,AlternativeBoardsPopup.tsx,n_a
/summer-holidays/from-manchester,en,PersistentInfoBanner.tsx,n_a
/summer-holidays/from-manchester,en,PromopageSearchPod.tsx,availability/last-available-date
/summer-holidays/from-manchester,en,SearchPodFilters.tsx,n_a
/summer-holidays/from-manchester,en,SearchResults.tsx,shortlist/delete
/summer-holidays/from-manchester,en,SearchResults.tsx,search/recommended
/summer-holidays/from-manchester,en,HolidayWithConfidence.tsx,n_a
/summer-holidays/from-manchester,en,TextBlock.tsx,n_a
/summer-holidays/from-manchester,en,CustomersFeedback.tsx,n_a
/summer-holidays/from-manchester,en,AlternativeBoardsPopup.tsx,n_a
/summer-holidays/from-newcastle,en,PersistentInfoBanner.tsx,n_a
/summer-holidays/from-newcastle,en,PromopageSearchPod.tsx,availability/last-available-date
/summer-holidays/from-newcastle,en,SearchPodFilters.tsx,n_a
/summer-holidays/from-newcastle,en,SearchResults.tsx,shortlist/delete
/summer-holidays/from-newcastle,en,SearchResults.tsx,search/recommended
/summer-holidays/from-newcastle,en,HolidayWithConfidence.tsx,n_a
/summer-holidays/from-newcastle,en,TextBlock.tsx,n_a
/summer-holidays/from-newcastle,en,CustomersFeedback.tsx,n_a
/summer-holidays/from-newcastle,en,AlternativeBoardsPopup.tsx,n_a
/summer-family-holidays,en,PersistentInfoBanner.tsx,n_a
/summer-family-holidays,en,PromopageSearchPod.tsx,availability/last-available-date
/summer-family-holidays,en,SearchPodFilters.tsx,n_a
/summer-family-holidays,en,SearchResults.tsx,shortlist/delete
/summer-family-holidays,en,SearchResults.tsx,search/recommended
/summer-family-holidays,en,HolidayWithConfidence.tsx,n_a
/summer-family-holidays,en,TextBlock.tsx,n_a
/summer-family-holidays,en,CustomersFeedback.tsx,n_a
/summer-family-holidays,en,AlternativeBoardsPopup.tsx,n_a
/august-bank-holiday,en,PersistentInfoBanner.tsx,n_a
/august-bank-holiday,en,PromopageSearchPod.tsx,availability/last-available-date
/august-bank-holiday,en,SearchPodFilters.tsx,n_a
/august-bank-holiday,en,SearchResults.tsx,shortlist/delete
/august-bank-holiday,en,SearchResults.tsx,search/recommended
/august-bank-holiday,en,HolidayWithConfidence.tsx,n_a
/august-bank-holiday,en,TextBlock.tsx,n_a
/august-bank-holiday,en,CustomersFeedback.tsx,n_a
/august-bank-holiday,en,AlternativeBoardsPopup.tsx,n_a
/winter-city-breaks,en,PersistentInfoBanner.tsx,n_a
/winter-city-breaks,en,PromopageSearchPod.tsx,availability/last-available-date
/winter-city-breaks,en,SearchPodFilters.tsx,n_a
/winter-city-breaks,en,SearchResults.tsx,shortlist/delete
/winter-city-breaks,en,SearchResults.tsx,search/recommended
/winter-city-breaks,en,HolidayWithConfidence.tsx,n_a
/winter-city-breaks,en,TextBlock.tsx,n_a
/winter-city-breaks,en,CustomersFeedback.tsx,n_a
/winter-city-breaks,en,AlternativeBoardsPopup.tsx,n_a
/winter-holidays,en,PersistentInfoBanner.tsx,n_a
/winter-holidays,en,PromopageSearchPod.tsx,availability/last-available-date
/winter-holidays,en,SearchPodFilters.tsx,n_a
/winter-holidays,en,SearchResults.tsx,shortlist/delete
/winter-holidays,en,SearchResults.tsx,search/recommended
/winter-holidays,en,HolidayWithConfidence.tsx,n_a
/winter-holidays,en,TextBlock.tsx,n_a
/winter-holidays,en,CustomersFeedback.tsx,n_a
/winter-holidays,en,AlternativeBoardsPopup.tsx,n_a
/informations/conditions-generales-des-offres-promotionnelles,fr-CH,PersistentInfoBanner.tsx,n_a
/informations/conditions-generales-des-offres-promotionnelles,fr-CH,TextBlock.tsx,n_a
/informations/conditions-generales-des-offres-promotionnelles,fr-CH,HtmlBlock.tsx,n_a
/informations/conditions-generales-des-offres-promotionnelles,fr-CH,PersistentInfoBanner.tsx,n_a
/informations/conditions-generales-des-offres-promotionnelles,fr-CH,TextBlock.tsx,n_a
/informations/conditions-generales-des-offres-promotionnelles,fr-CH,HtmlBlock.tsx,n_a
/informations/trade-group-holidays,fr-CH,QuestionAndAnswer.tsx,help-centre/faq/save
/informations/trade-group-holidays,fr-CH,TextBlock.tsx,n_a
/informations/trade-group-holidays,fr-CH,PersistentInfoBanner.tsx,n_a
/informations/trade-group-holidays,fr-CH,PromoBlocks.tsx,availability/from
/informations/trade-group-holidays,fr-CH,PromoBlocks.tsx,price
/informations/trade-group-holidays,fr-CH,PromoBlocks.tsx,destinations/search
/informations/trade-group-holidays,fr-CH,HtmlBlock.tsx,n_a
/informations/trade-group-holidays,fr-CH,FullWidthBanner.tsx,n_a
/informations/trade-rebook-terms,fr-CH,PersistentInfoBanner.tsx,n_a
/informations/trade-rebook-terms,fr-CH,SearchPod.tsx,destinations/search
/informations/trade-rebook-terms,fr-CH,SearchPod.tsx,tracking/user-search
/informations/trade-rebook-terms,fr-CH,TextBlock.tsx,n_a
/informations/trade-rebook-terms,fr-CH,HtmlBlock.tsx,n_a
/informations/conditions-de-garantie-des-prix,fr-CH,PersistentInfoBanner.tsx,n_a
/informations/conditions-de-garantie-des-prix,fr-CH,TextBlock.tsx,n_a
/informations/conditions-de-garantie-des-prix,fr-CH,HtmlBlock.tsx,n_a
/informations/conditions-generales-des-offres-promotionnelles,fr-CH,PersistentInfoBanner.tsx,n_a
/informations/conditions-generales-des-offres-promotionnelles,fr-CH,TextBlock.tsx,n_a
/informations/conditions-generales-des-offres-promotionnelles,fr-CH,HtmlBlock.tsx,n_a
/informations/conditions-generales-des-offres-promotionnelles,fr-CH,PersistentInfoBanner.tsx,n_a
/informations/conditions-generales-des-offres-promotionnelles,fr-CH,TextBlock.tsx,n_a
/informations/conditions-generales-des-offres-promotionnelles,fr-CH,HtmlBlock.tsx,n_a
/informations/protection-de-l'insolvabilite,fr-CH,PersistentInfoBanner.tsx,n_a
/informations/protection-de-l'insolvabilite,fr-CH,HtmlBlock.tsx,n_a
/informations/protection-de-l'insolvabilite,fr-CH,TextBlock.tsx,n_a
/informations/protection-de-l'insolvabilite,fr-CH,QuestionAndAnswer.tsx,help-centre/faq/save
/informations/customer-safety-and-wellbeing/before-you-travel,fr-CH,PersistentInfoBanner.tsx,n_a
/informations/customer-safety-and-wellbeing/before-you-travel,fr-CH,TextBlock.tsx,n_a
/informations/customer-safety-and-wellbeing/before-you-travel,fr-CH,QuestionAndAnswer.tsx,help-centre/faq/save
/informations/customer-safety-and-wellbeing/before-you-travel,fr-CH,HtmlBlock.tsx,n_a
/informations/customer-safety-and-wellbeing/before-you-travel,fr-CH,GenericRecommendedHotels.tsx,search/recommended
/informations/customer-safety-and-wellbeing/on-holiday,fr-CH,PersistentInfoBanner.tsx,n_a
/informations/customer-safety-and-wellbeing/on-holiday,fr-CH,TextBlock.tsx,n_a
/informations/customer-safety-and-wellbeing/on-holiday,fr-CH,QuestionAndAnswer.tsx,help-centre/faq/save
/informations/customer-safety-and-wellbeing/on-holiday,fr-CH,HtmlBlock.tsx,n_a
/informations/customer-safety-and-wellbeing/on-holiday,fr-CH,GenericRecommendedHotels.tsx,search/recommended
/informations/customer-safety-and-wellbeing/out-and-about,fr-CH,PersistentInfoBanner.tsx,n_a
/informations/customer-safety-and-wellbeing/out-and-about,fr-CH,TextBlock.tsx,n_a
/informations/customer-safety-and-wellbeing/out-and-about,fr-CH,QuestionAndAnswer.tsx,help-centre/faq/save
/informations/customer-safety-and-wellbeing/out-and-about,fr-CH,HtmlBlock.tsx,n_a
/informations/customer-safety-and-wellbeing/out-and-about,fr-CH,GenericRecommendedHotels.tsx,search/recommended
/informations/customer-safety-and-wellbeing/food-and-drink,fr-CH,PersistentInfoBanner.tsx,n_a
/informations/customer-safety-and-wellbeing/food-and-drink,fr-CH,TextBlock.tsx,n_a
/informations/customer-safety-and-wellbeing/food-and-drink,fr-CH,QuestionAndAnswer.tsx,help-centre/faq/save
/informations/customer-safety-and-wellbeing/food-and-drink,fr-CH,HtmlBlock.tsx,n_a
/informations/customer-safety-and-wellbeing/food-and-drink,fr-CH,GenericRecommendedHotels.tsx,search/recommended
/informations/customer-safety-and-wellbeing/swimming-and-at-the-beach,fr-CH,PersistentInfoBanner.tsx,n_a
/informations/customer-safety-and-wellbeing/swimming-and-at-the-beach,fr-CH,TextBlock.tsx,n_a
/informations/customer-safety-and-wellbeing/swimming-and-at-the-beach,fr-CH,QuestionAndAnswer.tsx,help-centre/faq/save
/informations/customer-safety-and-wellbeing/swimming-and-at-the-beach,fr-CH,HtmlBlock.tsx,n_a
/informations/customer-safety-and-wellbeing/swimming-and-at-the-beach,fr-CH,GenericRecommendedHotels.tsx,search/recommended
/informations/customer-safety-and-wellbeing/your-hotel,fr-CH,PersistentInfoBanner.tsx,n_a
/informations/customer-safety-and-wellbeing/your-hotel,fr-CH,TextBlock.tsx,n_a
/informations/customer-safety-and-wellbeing/your-hotel,fr-CH,QuestionAndAnswer.tsx,help-centre/faq/save
/informations/customer-safety-and-wellbeing/your-hotel,fr-CH,HtmlBlock.tsx,n_a
/informations/customer-safety-and-wellbeing/your-hotel,fr-CH,GenericRecommendedHotels.tsx,search/recommended
/informations/customer-safety-and-wellbeing/choosing-your-holiday,fr-CH,Breadcrumbs.tsx,n_a
/informations/customer-safety-and-wellbeing/choosing-your-holiday,fr-CH,PersistentInfoBanner.tsx,n_a
/informations/customer-safety-and-wellbeing/choosing-your-holiday,fr-CH,TextBlock.tsx,n_a
/informations/customer-safety-and-wellbeing/choosing-your-holiday,fr-CH,HtmlBlock.tsx,n_a
/informations/customer-safety-and-wellbeing/choosing-your-holiday,fr-CH,QuestionAndAnswer.tsx,help-centre/faq/save
/informations/customer-safety-and-wellbeing/choosing-your-holiday,fr-CH,GenericRecommendedHotels.tsx,search/recommended
/informations/customer-safety-and-wellbeing/at-the-airport,fr-CH,PersistentInfoBanner.tsx,n_a
/informations/customer-safety-and-wellbeing/at-the-airport,fr-CH,TextBlock.tsx,n_a
/informations/customer-safety-and-wellbeing/at-the-airport,fr-CH,HtmlBlock.tsx,n_a
/informations/customer-safety-and-wellbeing/at-the-airport,fr-CH,QuestionAndAnswer.tsx,help-centre/faq/save
/informations/customer-safety-and-wellbeing/at-the-airport,fr-CH,GenericRecommendedHotels.tsx,search/recommended
/informations/customer-safety-and-wellbeing/coming-home,fr-CH,Breadcrumbs.tsx,n_a
/informations/customer-safety-and-wellbeing/coming-home,fr-CH,PersistentInfoBanner.tsx,n_a
/informations/customer-safety-and-wellbeing/coming-home,fr-CH,TextBlock.tsx,n_a
/informations/customer-safety-and-wellbeing/coming-home,fr-CH,QuestionAndAnswer.tsx,help-centre/faq/save
/informations/customer-safety-and-wellbeing/coming-home,fr-CH,HtmlBlock.tsx,n_a
/informations/customer-safety-and-wellbeing/coming-home,fr-CH,GenericRecommendedHotels.tsx,search/recommended
/informations/sécurité-et-bien-être-des-clients,fr-CH,TextBlock.tsx,n_a
/informations/sécurité-et-bien-être-des-clients,fr-CH,HtmlBlock.tsx,n_a
/informations/sécurité-et-bien-être-des-clients,fr-CH,PromoBlocks.tsx,availability/from
/informations/sécurité-et-bien-être-des-clients,fr-CH,PromoBlocks.tsx,price
/informations/sécurité-et-bien-être-des-clients,fr-CH,PromoBlocks.tsx,destinations/search
/informations/sécurité-et-bien-être-des-clients,fr-CH,ProtectedBlocks.tsx,n_a
/informations/sécurité-et-bien-être-des-clients,fr-CH,PersistentInfoBanner.tsx,n_a
/informations/sécurité-et-bien-être-des-clients,fr-CH,GenericRecommendedHotels.tsx,search/recommended
/informations/sécurité-et-bien-être-des-clients/before-you-travel,fr-CH,PersistentInfoBanner.tsx,n_a
/informations/sécurité-et-bien-être-des-clients/before-you-travel,fr-CH,TextBlock.tsx,n_a
/informations/sécurité-et-bien-être-des-clients/before-you-travel,fr-CH,QuestionAndAnswer.tsx,help-centre/faq/save
/informations/sécurité-et-bien-être-des-clients/before-you-travel,fr-CH,HtmlBlock.tsx,n_a
/informations/sécurité-et-bien-être-des-clients/before-you-travel,fr-CH,GenericRecommendedHotels.tsx,search/recommended
/informations/sécurité-et-bien-être-des-clients/on-holiday,fr-CH,PersistentInfoBanner.tsx,n_a
/informations/sécurité-et-bien-être-des-clients/on-holiday,fr-CH,TextBlock.tsx,n_a
/informations/sécurité-et-bien-être-des-clients/on-holiday,fr-CH,QuestionAndAnswer.tsx,help-centre/faq/save
/informations/sécurité-et-bien-être-des-clients/on-holiday,fr-CH,HtmlBlock.tsx,n_a
/informations/sécurité-et-bien-être-des-clients/on-holiday,fr-CH,GenericRecommendedHotels.tsx,search/recommended
/informations/sécurité-et-bien-être-des-clients/out-and-about,fr-CH,PersistentInfoBanner.tsx,n_a
/informations/sécurité-et-bien-être-des-clients/out-and-about,fr-CH,TextBlock.tsx,n_a
/informations/sécurité-et-bien-être-des-clients/out-and-about,fr-CH,QuestionAndAnswer.tsx,help-centre/faq/save
/informations/sécurité-et-bien-être-des-clients/out-and-about,fr-CH,HtmlBlock.tsx,n_a
/informations/sécurité-et-bien-être-des-clients/out-and-about,fr-CH,GenericRecommendedHotels.tsx,search/recommended
/informations/sécurité-et-bien-être-des-clients/food-and-drink,fr-CH,PersistentInfoBanner.tsx,n_a
/informations/sécurité-et-bien-être-des-clients/food-and-drink,fr-CH,TextBlock.tsx,n_a
/informations/sécurité-et-bien-être-des-clients/food-and-drink,fr-CH,QuestionAndAnswer.tsx,help-centre/faq/save
/informations/sécurité-et-bien-être-des-clients/food-and-drink,fr-CH,HtmlBlock.tsx,n_a
/informations/sécurité-et-bien-être-des-clients/food-and-drink,fr-CH,GenericRecommendedHotels.tsx,search/recommended
/informations/sécurité-et-bien-être-des-clients/swimming-and-at-the-beach,fr-CH,PersistentInfoBanner.tsx,n_a
/informations/sécurité-et-bien-être-des-clients/swimming-and-at-the-beach,fr-CH,TextBlock.tsx,n_a
/informations/sécurité-et-bien-être-des-clients/swimming-and-at-the-beach,fr-CH,QuestionAndAnswer.tsx,help-centre/faq/save
/informations/sécurité-et-bien-être-des-clients/swimming-and-at-the-beach,fr-CH,HtmlBlock.tsx,n_a
/informations/sécurité-et-bien-être-des-clients/swimming-and-at-the-beach,fr-CH,GenericRecommendedHotels.tsx,search/recommended
/informations/sécurité-et-bien-être-des-clients/your-hotel,fr-CH,PersistentInfoBanner.tsx,n_a
/informations/sécurité-et-bien-être-des-clients/your-hotel,fr-CH,TextBlock.tsx,n_a
/informations/sécurité-et-bien-être-des-clients/your-hotel,fr-CH,QuestionAndAnswer.tsx,help-centre/faq/save
/informations/sécurité-et-bien-être-des-clients/your-hotel,fr-CH,HtmlBlock.tsx,n_a
/informations/sécurité-et-bien-être-des-clients/your-hotel,fr-CH,GenericRecommendedHotels.tsx,search/recommended
/informations/sécurité-et-bien-être-des-clients/choosing-your-holiday,fr-CH,Breadcrumbs.tsx,n_a
/informations/sécurité-et-bien-être-des-clients/choosing-your-holiday,fr-CH,PersistentInfoBanner.tsx,n_a
/informations/sécurité-et-bien-être-des-clients/choosing-your-holiday,fr-CH,TextBlock.tsx,n_a
/informations/sécurité-et-bien-être-des-clients/choosing-your-holiday,fr-CH,HtmlBlock.tsx,n_a
/informations/sécurité-et-bien-être-des-clients/choosing-your-holiday,fr-CH,QuestionAndAnswer.tsx,help-centre/faq/save
/informations/sécurité-et-bien-être-des-clients/choosing-your-holiday,fr-CH,GenericRecommendedHotels.tsx,search/recommended
/informations/sécurité-et-bien-être-des-clients/at-the-airport,fr-CH,PersistentInfoBanner.tsx,n_a
/informations/sécurité-et-bien-être-des-clients/at-the-airport,fr-CH,TextBlock.tsx,n_a
/informations/sécurité-et-bien-être-des-clients/at-the-airport,fr-CH,HtmlBlock.tsx,n_a
/informations/sécurité-et-bien-être-des-clients/at-the-airport,fr-CH,QuestionAndAnswer.tsx,help-centre/faq/save
/informations/sécurité-et-bien-être-des-clients/at-the-airport,fr-CH,GenericRecommendedHotels.tsx,search/recommended
/informations/sécurité-et-bien-être-des-clients/coming-home,fr-CH,Breadcrumbs.tsx,n_a
/informations/sécurité-et-bien-être-des-clients/coming-home,fr-CH,PersistentInfoBanner.tsx,n_a
/informations/sécurité-et-bien-être-des-clients/coming-home,fr-CH,TextBlock.tsx,n_a
/informations/sécurité-et-bien-être-des-clients/coming-home,fr-CH,QuestionAndAnswer.tsx,help-centre/faq/save
/informations/sécurité-et-bien-être-des-clients/coming-home,fr-CH,HtmlBlock.tsx,n_a
/informations/sécurité-et-bien-être-des-clients/coming-home,fr-CH,GenericRecommendedHotels.tsx,search/recommended
/informations/customer-safety-and-wellbeing-addendum,fr-CH,PersistentInfoBanner.tsx,n_a
/informations/customer-safety-and-wellbeing-addendum,fr-CH,TextBlock.tsx,n_a
/informations/customer-safety-and-wellbeing-addendum,fr-CH,HtmlBlock.tsx,n_a
/informations/hospitality-policy,fr-CH,PersistentInfoBanner.tsx,n_a
/informations/hospitality-policy,fr-CH,TextBlock.tsx,n_a
/informations/hospitality-policy,fr-CH,HtmlBlock.tsx,n_a
/informations/liste-de-préparatifs-avant-le-voyage,fr-CH,TextBlock.tsx,n_a
/informations/liste-de-préparatifs-avant-le-voyage,fr-CH,FullWidthBanner.tsx,n_a
/informations/liste-de-préparatifs-avant-le-voyage,fr-CH,OurPolicies.tsx,n_a
/informations/liste-de-préparatifs-avant-le-voyage,fr-CH,ConfidenceModuleTransformer.tsx,n_a
/informations/liste-de-préparatifs-avant-le-voyage,fr-CH,HelpLinks.tsx,n_a
/informations/liste-de-préparatifs-avant-le-voyage,fr-CH,PersistentInfoBanner.tsx,n_a
/informations/rebook-terms,fr-CH,PersistentInfoBanner.tsx,n_a
/informations/rebook-terms,fr-CH,SearchPod.tsx,destinations/search
/informations/rebook-terms,fr-CH,SearchPod.tsx,tracking/user-search
/informations/rebook-terms,fr-CH,TextBlock.tsx,n_a
/informations/rebook-terms,fr-CH,HtmlBlock.tsx,n_a
/informations/supplier-code-of-conduct,fr-CH,PersistentInfoBanner.tsx,n_a
/informations/supplier-code-of-conduct,fr-CH,TextBlock.tsx,n_a
/informations/supplier-code-of-conduct,fr-CH,HtmlBlock.tsx,n_a
/informations/pourquoi-réserver-auprès-de-nous,fr-CH,FullWidthBanner.tsx,n_a
/informations/pourquoi-réserver-auprès-de-nous,fr-CH,TextBlock.tsx,n_a
/informations/pourquoi-réserver-auprès-de-nous,fr-CH,PromoBlocks.tsx,availability/from
/informations/pourquoi-réserver-auprès-de-nous,fr-CH,PromoBlocks.tsx,price
/informations/pourquoi-réserver-auprès-de-nous,fr-CH,PromoBlocks.tsx,destinations/search
/informations/pourquoi-réserver-auprès-de-nous,fr-CH,AnimationTiles.tsx,n_a
/informations/pourquoi-réserver-auprès-de-nous,fr-CH,SearchPod.tsx,destinations/search
/informations/pourquoi-réserver-auprès-de-nous,fr-CH,SearchPod.tsx,tracking/user-search
/informations/pourquoi-réserver-auprès-de-nous,fr-CH,PartnershipsAndCertificates.tsx,n_a
/informations/return-transfers,fr-CH,PersistentInfoBanner.tsx,n_a
/informations/return-transfers,fr-CH,TextBlock.tsx,n_a
/informations/return-transfers,fr-CH,QuestionAndAnswer.tsx,help-centre/faq/save
/informations/amend-offer-standard-terms,fr-CH,SearchPod.tsx,destinations/search
/informations/amend-offer-standard-terms,fr-CH,SearchPod.tsx,tracking/user-search
/informations/amend-offer-standard-terms,fr-CH,PersistentInfoBanner.tsx,n_a
/informations/amend-offer-standard-terms,fr-CH,HtmlBlock.tsx,n_a
/informations/amend-offer-standard-terms,fr-CH,TextBlock.tsx,n_a
/informations/amend-offer-terms,fr-CH,SearchPod.tsx,destinations/search
/informations/amend-offer-terms,fr-CH,SearchPod.tsx,tracking/user-search
/informations/amend-offer-terms,fr-CH,PersistentInfoBanner.tsx,n_a
/informations/amend-offer-terms,fr-CH,HtmlBlock.tsx,n_a
/informations/amend-offer-terms,fr-CH,TextBlock.tsx,n_a
/informations/amend-terms,fr-CH,SearchPod.tsx,destinations/search
/informations/amend-terms,fr-CH,SearchPod.tsx,tracking/user-search
/informations/amend-terms,fr-CH,PersistentInfoBanner.tsx,n_a
/informations/amend-terms,fr-CH,HtmlBlock.tsx,n_a
/informations/amend-terms,fr-CH,TextBlock.tsx,n_a
/informations/booking-conditions,fr-CH,PersistentInfoBanner.tsx,n_a
/informations/booking-conditions,fr-CH,HtmlBlock.tsx,n_a
/informations/booking-conditions,fr-CH,TextBlock.tsx,n_a
/informations/booking-conditions,fr-CH,FAQ.tsx,help-centre/faq/save
/informations/conditions-de-réservation,fr-CH,PersistentInfoBanner.tsx,n_a
/informations/conditions-de-réservation,fr-CH,HtmlBlock.tsx,n_a
/informations/conditions-de-réservation,fr-CH,TextBlock.tsx,n_a
/informations/conditions-de-réservation,fr-CH,FAQ.tsx,help-centre/faq/save
/informations/credit-sur-compte,fr-CH,PersistentInfoBanner.tsx,n_a
/informations/credit-sur-compte,fr-CH,HtmlBlock.tsx,n_a
/informations/credit-sur-compte,fr-CH,TextBlock.tsx,n_a
/informations/conditions-d'utilisation,fr-CH,PersistentInfoBanner.tsx,n_a
/informations/conditions-d'utilisation,fr-CH,HtmlBlock.tsx,n_a
/informations/conditions-d'utilisation,fr-CH,TextBlock.tsx,n_a
/informations/conditions-d'utilisation,fr-CH,QuestionAndAnswer.tsx,help-centre/faq/save
/informations/travel-information,fr-CH,Chatbot.tsx,n_a
/informations/travel-information,fr-CH,HtmlBlock.tsx,n_a
/informations/travel-information,fr-CH,TextBlock.tsx,n_a
/informations/travel-information,fr-CH,CollapsibleLinksModule.tsx,n_a
/informations/travel-information,fr-CH,PersistentInfoBanner.tsx,n_a
/informations/travel-information,fr-CH,SearchPod.tsx,destinations/search
/informations/travel-information,fr-CH,SearchPod.tsx,tracking/user-search
/informations/modern-slavery-act,fr-CH,PersistentInfoBanner.tsx,n_a
/informations/modern-slavery-act,fr-CH,HtmlBlock.tsx,n_a
/informations/modern-slavery-act,fr-CH,TextBlock.tsx,n_a
/informations/cookie-policy,fr-CH,PersistentInfoBanner.tsx,n_a
/informations/cookie-policy,fr-CH,HtmlBlock.tsx,n_a
/informations/cookie-policy,fr-CH,TextBlock.tsx,n_a
/informations/cookie-policy,fr-CH,ManageCookiesPreferences.tsx,n_a
/informations/politique-de-confidentialité,fr-CH,PersistentInfoBanner.tsx,n_a
/informations/politique-de-confidentialité,fr-CH,HtmlBlock.tsx,n_a
/informations/politique-de-confidentialité,fr-CH,TextBlock.tsx,n_a
/informations/contact-us,fr-CH,PersistentInfoBanner.tsx,n_a
/informations/contact-us,fr-CH,PromoBlocks.tsx,availability/from
/informations/contact-us,fr-CH,PromoBlocks.tsx,price
/informations/contact-us,fr-CH,PromoBlocks.tsx,destinations/search
/informations/contact-us,fr-CH,TextBlock.tsx,n_a
/informations/contact-us,fr-CH,HtmlBlock.tsx,n_a
/informations/contact-us,fr-CH,Accordion.tsx,n_a
/vacances-certifiées-éco-responsables,fr-CH,PersistentInfoBanner.tsx,n_a
/vacances-certifiées-éco-responsables,fr-CH,PromopageSearchPod.tsx,availability/last-available-date
/vacances-certifiées-éco-responsables,fr-CH,SearchPodFilters.tsx,n_a
/vacances-certifiées-éco-responsables,fr-CH,SearchResults.tsx,shortlist/delete
/vacances-certifiées-éco-responsables,fr-CH,SearchResults.tsx,search/recommended
/vacances-certifiées-éco-responsables,fr-CH,HolidayWithConfidence.tsx,n_a
/vacances-certifiées-éco-responsables,fr-CH,CustomersFeedback.tsx,n_a
/vacances-certifiées-éco-responsables,fr-CH,AlternativeBoardsPopup.tsx,n_a
/vacances-hiver,fr-CH,PersistentInfoBanner.tsx,n_a
/vacances-hiver,fr-CH,PromopageSearchPod.tsx,availability/last-available-date
/vacances-hiver,fr-CH,SearchPodFilters.tsx,n_a
/vacances-hiver,fr-CH,SearchResults.tsx,shortlist/delete
/vacances-hiver,fr-CH,SearchResults.tsx,search/recommended
/vacances-hiver,fr-CH,HolidayWithConfidence.tsx,n_a
/vacances-hiver,fr-CH,TextBlock.tsx,n_a
/vacances-hiver,fr-CH,CustomersFeedback.tsx,n_a
/vacances-hiver,fr-CH,AlternativeBoardsPopup.tsx,n_a
/vacances-printemps,fr-CH,PersistentInfoBanner.tsx,n_a
/vacances-printemps,fr-CH,PromopageSearchPod.tsx,availability/last-available-date
/vacances-printemps,fr-CH,SearchPodFilters.tsx,n_a
/vacances-printemps,fr-CH,SearchResults.tsx,shortlist/delete
/vacances-printemps,fr-CH,SearchResults.tsx,search/recommended
/vacances-printemps,fr-CH,HolidayWithConfidence.tsx,n_a
/vacances-printemps,fr-CH,TextBlock.tsx,n_a
/vacances-printemps,fr-CH,AlternativeBoardsPopup.tsx,n_a
/vacances-a-prix-reduit,fr-CH,PersistentInfoBanner.tsx,n_a
/vacances-a-prix-reduit,fr-CH,PromopageSearchPod.tsx,availability/last-available-date
/vacances-a-prix-reduit,fr-CH,SearchPodFilters.tsx,n_a
/vacances-a-prix-reduit,fr-CH,SearchResults.tsx,shortlist/delete
/vacances-a-prix-reduit,fr-CH,SearchResults.tsx,search/recommended
/vacances-a-prix-reduit,fr-CH,HolidayWithConfidence.tsx,n_a
/vacances-a-prix-reduit,fr-CH,CustomersFeedback.tsx,n_a
/vacances-a-prix-reduit,fr-CH,AlternativeBoardsPopup.tsx,n_a
/vacances-ete,fr-CH,PersistentInfoBanner.tsx,n_a
/vacances-ete,fr-CH,PromopageSearchPod.tsx,availability/last-available-date
/vacances-ete,fr-CH,SearchPodFilters.tsx,n_a
/vacances-ete,fr-CH,SearchResults.tsx,shortlist/delete
/vacances-ete,fr-CH,SearchResults.tsx,search/recommended
/vacances-ete,fr-CH,HolidayWithConfidence.tsx,n_a
/vacances-ete,fr-CH,TextBlock.tsx,n_a
/vacances-ete,fr-CH,AlternativeBoardsPopup.tsx,n_a
/vacances-automne,fr-CH,PersistentInfoBanner.tsx,n_a
/vacances-automne,fr-CH,PromopageSearchPod.tsx,availability/last-available-date
/vacances-automne,fr-CH,SearchPodFilters.tsx,n_a
/vacances-automne,fr-CH,SearchResults.tsx,shortlist/delete
/vacances-automne,fr-CH,SearchResults.tsx,search/recommended
/vacances-automne,fr-CH,HolidayWithConfidence.tsx,n_a
/vacances-automne,fr-CH,TextBlock.tsx,n_a
/vacances-automne,fr-CH,CustomersFeedback.tsx,n_a
/vacances-automne,fr-CH,AlternativeBoardsPopup.tsx,n_a
/vacances-au-depart-de-geneve,fr-CH,PersistentInfoBanner.tsx,n_a
/vacances-au-depart-de-geneve,fr-CH,PromopageSearchPod.tsx,availability/last-available-date
/vacances-au-depart-de-geneve,fr-CH,SearchPodFilters.tsx,n_a
/vacances-au-depart-de-geneve,fr-CH,SearchResults.tsx,shortlist/delete
/vacances-au-depart-de-geneve,fr-CH,SearchResults.tsx,search/recommended
/vacances-au-depart-de-geneve,fr-CH,HolidayWithConfidence.tsx,n_a
/vacances-au-depart-de-geneve,fr-CH,AlternativeBoardsPopup.tsx,n_a
/vacances-au-depart-de-zurich,fr-CH,PersistentInfoBanner.tsx,n_a
/vacances-au-depart-de-zurich,fr-CH,PromopageSearchPod.tsx,availability/last-available-date
/vacances-au-depart-de-zurich,fr-CH,SearchPodFilters.tsx,n_a
/vacances-au-depart-de-zurich,fr-CH,SearchResults.tsx,shortlist/delete
/vacances-au-depart-de-zurich,fr-CH,SearchResults.tsx,search/recommended
/vacances-au-depart-de-zurich,fr-CH,HolidayWithConfidence.tsx,n_a
/vacances-au-depart-de-zurich,fr-CH,TextBlock.tsx,n_a
/vacances-au-depart-de-zurich,fr-CH,CustomersFeedback.tsx,n_a
/vacances-au-depart-de-zurich,fr-CH,AlternativeBoardsPopup.tsx,n_a
/vacances-au-depart-de-bale,fr-CH,PersistentInfoBanner.tsx,n_a
/vacances-au-depart-de-bale,fr-CH,PromopageSearchPod.tsx,availability/last-available-date
/vacances-au-depart-de-bale,fr-CH,SearchPodFilters.tsx,n_a
/vacances-au-depart-de-bale,fr-CH,SearchResults.tsx,shortlist/delete
/vacances-au-depart-de-bale,fr-CH,SearchResults.tsx,search/recommended
/vacances-au-depart-de-bale,fr-CH,HolidayWithConfidence.tsx,n_a
/vacances-au-depart-de-bale,fr-CH,AlternativeBoardsPopup.tsx,n_a
/offres-vacances-all-inclusive,fr-CH,PersistentInfoBanner.tsx,n_a
/offres-vacances-all-inclusive,fr-CH,PromopageSearchPod.tsx,availability/last-available-date
/offres-vacances-all-inclusive,fr-CH,SearchPodFilters.tsx,n_a
/offres-vacances-all-inclusive,fr-CH,SearchResults.tsx,shortlist/delete
/offres-vacances-all-inclusive,fr-CH,SearchResults.tsx,search/recommended
/offres-vacances-all-inclusive,fr-CH,HolidayWithConfidence.tsx,n_a
/offres-vacances-all-inclusive,fr-CH,AlternativeBoardsPopup.tsx,n_a
/offres-vacances-plage,fr-CH,PersistentInfoBanner.tsx,n_a
/offres-vacances-plage,fr-CH,PromopageSearchPod.tsx,availability/last-available-date
/offres-vacances-plage,fr-CH,SearchPodFilters.tsx,n_a
/offres-vacances-plage,fr-CH,SearchResults.tsx,shortlist/delete
/offres-vacances-plage,fr-CH,SearchResults.tsx,search/recommended
/offres-vacances-plage,fr-CH,HolidayWithConfidence.tsx,n_a
/offres-vacances-plage,fr-CH,AlternativeBoardsPopup.tsx,n_a
/offres-de-escapades-en-ville,fr-CH,PersistentInfoBanner.tsx,n_a
/offres-de-escapades-en-ville,fr-CH,PromopageSearchPod.tsx,availability/last-available-date
/offres-de-escapades-en-ville,fr-CH,SearchPodFilters.tsx,n_a
/offres-de-escapades-en-ville,fr-CH,SearchResults.tsx,shortlist/delete
/offres-de-escapades-en-ville,fr-CH,SearchResults.tsx,search/recommended
/offres-de-escapades-en-ville,fr-CH,HolidayWithConfidence.tsx,n_a
/offres-de-escapades-en-ville,fr-CH,TextBlock.tsx,n_a
/offres-de-escapades-en-ville,fr-CH,CustomersFeedback.tsx,n_a
/offres-de-escapades-en-ville,fr-CH,AlternativeBoardsPopup.tsx,n_a
/offres-balnéaires-de-dernière-minute,fr-CH,PersistentInfoBanner.tsx,n_a
/offres-balnéaires-de-dernière-minute,fr-CH,PromopageSearchPod.tsx,availability/last-available-date
/offres-balnéaires-de-dernière-minute,fr-CH,SearchPodFilters.tsx,n_a
/offres-balnéaires-de-dernière-minute,fr-CH,SearchResults.tsx,shortlist/delete
/offres-balnéaires-de-dernière-minute,fr-CH,SearchResults.tsx,search/recommended
/offres-balnéaires-de-dernière-minute,fr-CH,HolidayWithConfidence.tsx,n_a
/offres-balnéaires-de-dernière-minute,fr-CH,TextBlock.tsx,n_a
/offres-balnéaires-de-dernière-minute,fr-CH,CustomersFeedback.tsx,n_a
/offres-balnéaires-de-dernière-minute,fr-CH,AlternativeBoardsPopup.tsx,n_a
/escapades-en-ville-de-dernière-minute,fr-CH,PersistentInfoBanner.tsx,n_a
/escapades-en-ville-de-dernière-minute,fr-CH,PromopageSearchPod.tsx,availability/last-available-date
/escapades-en-ville-de-dernière-minute,fr-CH,SearchPodFilters.tsx,n_a
/escapades-en-ville-de-dernière-minute,fr-CH,SearchResults.tsx,shortlist/delete
/escapades-en-ville-de-dernière-minute,fr-CH,SearchResults.tsx,search/recommended
/escapades-en-ville-de-dernière-minute,fr-CH,HolidayWithConfidence.tsx,n_a
/escapades-en-ville-de-dernière-minute,fr-CH,TextBlock.tsx,n_a
/escapades-en-ville-de-dernière-minute,fr-CH,CustomersFeedback.tsx,n_a
/escapades-en-ville-de-dernière-minute,fr-CH,AlternativeBoardsPopup.tsx,n_a
/last-minute-deals,fr-CH,PersistentInfoBanner.tsx,n_a
/last-minute-deals,fr-CH,PromopageSearchPod.tsx,availability/last-available-date
/last-minute-deals,fr-CH,SearchPodFilters.tsx,n_a
/last-minute-deals,fr-CH,SearchResults.tsx,shortlist/delete
/last-minute-deals,fr-CH,SearchResults.tsx,search/recommended
/last-minute-deals,fr-CH,HolidayWithConfidence.tsx,n_a
/last-minute-deals,fr-CH,TextBlock.tsx,n_a
/last-minute-deals,fr-CH,CustomersFeedback.tsx,n_a
/last-minute-deals,fr-CH,AlternativeBoardsPopup.tsx,n_a
/offres-vacances-en-familie,fr-CH,PersistentInfoBanner.tsx,n_a
/offres-vacances-en-familie,fr-CH,PromopageSearchPod.tsx,availability/last-available-date
/offres-vacances-en-familie,fr-CH,SearchPodFilters.tsx,n_a
/offres-vacances-en-familie,fr-CH,SearchResults.tsx,shortlist/delete
/offres-vacances-en-familie,fr-CH,SearchResults.tsx,search/recommended
/offres-vacances-en-familie,fr-CH,HolidayWithConfidence.tsx,n_a
/offres-vacances-en-familie,fr-CH,TextBlock.tsx,n_a
/offres-vacances-en-familie,fr-CH,AlternativeBoardsPopup.tsx,n_a
/lune-de-miel,fr-CH,PersistentInfoBanner.tsx,n_a
/lune-de-miel,fr-CH,PromopageSearchPod.tsx,availability/last-available-date
/lune-de-miel,fr-CH,SearchPodFilters.tsx,n_a
/lune-de-miel,fr-CH,SearchResults.tsx,shortlist/delete
/lune-de-miel,fr-CH,SearchResults.tsx,search/recommended
/lune-de-miel,fr-CH,HolidayWithConfidence.tsx,n_a
/lune-de-miel,fr-CH,TextBlock.tsx,n_a
/lune-de-miel,fr-CH,CustomersFeedback.tsx,n_a
/lune-de-miel,fr-CH,AlternativeBoardsPopup.tsx,n_a
/next-summer-deals,fr-CH,PersistentInfoBanner.tsx,n_a
/next-summer-deals,fr-CH,PromopageSearchPod.tsx,availability/last-available-date
/next-summer-deals,fr-CH,SearchPodFilters.tsx,n_a
/next-summer-deals,fr-CH,SearchResults.tsx,shortlist/delete
/next-summer-deals,fr-CH,SearchResults.tsx,search/recommended
/next-summer-deals,fr-CH,HolidayWithConfidence.tsx,n_a
/next-summer-deals,fr-CH,TextBlock.tsx,n_a
/next-summer-deals,fr-CH,CustomersFeedback.tsx,n_a
/next-summer-deals,fr-CH,AlternativeBoardsPopup.tsx,n_a
/places-enfants-gratuites,fr-CH,PersistentInfoBanner.tsx,n_a
/places-enfants-gratuites,fr-CH,PromopageSearchPod.tsx,availability/last-available-date
/places-enfants-gratuites,fr-CH,SearchPodFilters.tsx,n_a
/places-enfants-gratuites,fr-CH,SearchResults.tsx,shortlist/delete
/places-enfants-gratuites,fr-CH,SearchResults.tsx,search/recommended
/places-enfants-gratuites,fr-CH,HolidayWithConfidence.tsx,n_a
/places-enfants-gratuites,fr-CH,TextBlock.tsx,n_a
/places-enfants-gratuites,fr-CH,CustomersFeedback.tsx,n_a
/places-enfants-gratuites,fr-CH,AlternativeBoardsPopup.tsx,n_a
/vacances-a-moins-de-300-chf,fr-CH,PersistentInfoBanner.tsx,n_a
/vacances-a-moins-de-300-chf,fr-CH,PromopageSearchPod.tsx,availability/last-available-date
/vacances-a-moins-de-300-chf,fr-CH,SearchPodFilters.tsx,n_a
/vacances-a-moins-de-300-chf,fr-CH,SearchResults.tsx,shortlist/delete
/vacances-a-moins-de-300-chf,fr-CH,SearchResults.tsx,search/recommended
/vacances-a-moins-de-300-chf,fr-CH,HolidayWithConfidence.tsx,n_a
/vacances-a-moins-de-300-chf,fr-CH,TextBlock.tsx,n_a
/vacances-a-moins-de-300-chf,fr-CH,CustomersFeedback.tsx,n_a
/vacances-a-moins-de-300-chf,fr-CH,AlternativeBoardsPopup.tsx,n_a
/vacances-a-moins-de-400-chf,fr-CH,PersistentInfoBanner.tsx,n_a
/vacances-a-moins-de-400-chf,fr-CH,PromopageSearchPod.tsx,availability/last-available-date
/vacances-a-moins-de-400-chf,fr-CH,SearchPodFilters.tsx,n_a
/vacances-a-moins-de-400-chf,fr-CH,SearchResults.tsx,shortlist/delete
/vacances-a-moins-de-400-chf,fr-CH,SearchResults.tsx,search/recommended
/vacances-a-moins-de-400-chf,fr-CH,HolidayWithConfidence.tsx,n_a
/vacances-a-moins-de-400-chf,fr-CH,TextBlock.tsx,n_a
/vacances-a-moins-de-400-chf,fr-CH,CustomersFeedback.tsx,n_a
/vacances-a-moins-de-400-chf,fr-CH,AlternativeBoardsPopup.tsx,n_a
/vacances-a-moins-de-500-chf,fr-CH,PersistentInfoBanner.tsx,n_a
/vacances-a-moins-de-500-chf,fr-CH,PromopageSearchPod.tsx,availability/last-available-date
/vacances-a-moins-de-500-chf,fr-CH,SearchPodFilters.tsx,n_a
/vacances-a-moins-de-500-chf,fr-CH,SearchResults.tsx,shortlist/delete
/vacances-a-moins-de-500-chf,fr-CH,SearchResults.tsx,search/recommended
/vacances-a-moins-de-500-chf,fr-CH,HolidayWithConfidence.tsx,n_a
/vacances-a-moins-de-500-chf,fr-CH,TextBlock.tsx,n_a
/vacances-a-moins-de-500-chf,fr-CH,CustomersFeedback.tsx,n_a
/vacances-a-moins-de-500-chf,fr-CH,AlternativeBoardsPopup.tsx,n_a
/promotions,fr-CH,PersistentInfoBanner.tsx,n_a
/promotions,fr-CH,PromopageSearchPod.tsx,availability/last-available-date
/promotions,fr-CH,SearchPodFilters.tsx,n_a
/promotions,fr-CH,SearchResults.tsx,shortlist/delete
/promotions,fr-CH,SearchResults.tsx,search/recommended
/promotions,fr-CH,HolidayWithConfidence.tsx,n_a
/promotions,fr-CH,CustomersFeedback.tsx,n_a
/promotions,fr-CH,AlternativeBoardsPopup.tsx,n_a
/information/aktionsbezogene-allgemeine-geschaftsbedingungen,de-CH,PersistentInfoBanner.tsx,n_a
/information/aktionsbezogene-allgemeine-geschaftsbedingungen,de-CH,TextBlock.tsx,n_a
/information/aktionsbezogene-allgemeine-geschaftsbedingungen,de-CH,HtmlBlock.tsx,n_a
/information/aktionsbezogene-allgemeine-geschaftsbedingungen,de-CH,PersistentInfoBanner.tsx,n_a
/information/aktionsbezogene-allgemeine-geschaftsbedingungen,de-CH,TextBlock.tsx,n_a
/information/aktionsbezogene-allgemeine-geschaftsbedingungen,de-CH,HtmlBlock.tsx,n_a
/information/trade-group-holidays,de-CH,QuestionAndAnswer.tsx,help-centre/faq/save
/information/trade-group-holidays,de-CH,TextBlock.tsx,n_a
/information/trade-group-holidays,de-CH,PersistentInfoBanner.tsx,n_a
/information/trade-group-holidays,de-CH,PromoBlocks.tsx,availability/from
/information/trade-group-holidays,de-CH,PromoBlocks.tsx,price
/information/trade-group-holidays,de-CH,PromoBlocks.tsx,destinations/search
/information/trade-group-holidays,de-CH,HtmlBlock.tsx,n_a
/information/trade-group-holidays,de-CH,FullWidthBanner.tsx,n_a
/information/trade-rebook-terms,de-CH,PersistentInfoBanner.tsx,n_a
/information/trade-rebook-terms,de-CH,SearchPod.tsx,destinations/search
/information/trade-rebook-terms,de-CH,SearchPod.tsx,tracking/user-search
/information/trade-rebook-terms,de-CH,TextBlock.tsx,n_a
/information/trade-rebook-terms,de-CH,HtmlBlock.tsx,n_a
/information/preisgarantiebedingungen,de-CH,PersistentInfoBanner.tsx,n_a
/information/preisgarantiebedingungen,de-CH,TextBlock.tsx,n_a
/information/preisgarantiebedingungen,de-CH,HtmlBlock.tsx,n_a
/information/aktionsbezogene-allgemeine-geschaftsbedingungen,de-CH,PersistentInfoBanner.tsx,n_a
/information/aktionsbezogene-allgemeine-geschaftsbedingungen,de-CH,TextBlock.tsx,n_a
/information/aktionsbezogene-allgemeine-geschaftsbedingungen,de-CH,HtmlBlock.tsx,n_a
/information/aktionsbezogene-allgemeine-geschaftsbedingungen,de-CH,PersistentInfoBanner.tsx,n_a
/information/aktionsbezogene-allgemeine-geschaftsbedingungen,de-CH,TextBlock.tsx,n_a
/information/aktionsbezogene-allgemeine-geschaftsbedingungen,de-CH,HtmlBlock.tsx,n_a
/information/insolvenzschutz,de-CH,PersistentInfoBanner.tsx,n_a
/information/insolvenzschutz,de-CH,HtmlBlock.tsx,n_a
/information/insolvenzschutz,de-CH,TextBlock.tsx,n_a
/information/insolvenzschutz,de-CH,QuestionAndAnswer.tsx,help-centre/faq/save
/information/customer-safety-and-wellbeing/before-you-travel,de-CH,PersistentInfoBanner.tsx,n_a
/information/customer-safety-and-wellbeing/before-you-travel,de-CH,TextBlock.tsx,n_a
/information/customer-safety-and-wellbeing/before-you-travel,de-CH,QuestionAndAnswer.tsx,help-centre/faq/save
/information/customer-safety-and-wellbeing/before-you-travel,de-CH,HtmlBlock.tsx,n_a
/information/customer-safety-and-wellbeing/before-you-travel,de-CH,GenericRecommendedHotels.tsx,search/recommended
/information/customer-safety-and-wellbeing/on-holiday,de-CH,PersistentInfoBanner.tsx,n_a
/information/customer-safety-and-wellbeing/on-holiday,de-CH,TextBlock.tsx,n_a
/information/customer-safety-and-wellbeing/on-holiday,de-CH,QuestionAndAnswer.tsx,help-centre/faq/save
/information/customer-safety-and-wellbeing/on-holiday,de-CH,HtmlBlock.tsx,n_a
/information/customer-safety-and-wellbeing/on-holiday,de-CH,GenericRecommendedHotels.tsx,search/recommended
/information/customer-safety-and-wellbeing/out-and-about,de-CH,PersistentInfoBanner.tsx,n_a
/information/customer-safety-and-wellbeing/out-and-about,de-CH,TextBlock.tsx,n_a
/information/customer-safety-and-wellbeing/out-and-about,de-CH,QuestionAndAnswer.tsx,help-centre/faq/save
/information/customer-safety-and-wellbeing/out-and-about,de-CH,HtmlBlock.tsx,n_a
/information/customer-safety-and-wellbeing/out-and-about,de-CH,GenericRecommendedHotels.tsx,search/recommended
/information/customer-safety-and-wellbeing/food-and-drink,de-CH,PersistentInfoBanner.tsx,n_a
/information/customer-safety-and-wellbeing/food-and-drink,de-CH,TextBlock.tsx,n_a
/information/customer-safety-and-wellbeing/food-and-drink,de-CH,QuestionAndAnswer.tsx,help-centre/faq/save
/information/customer-safety-and-wellbeing/food-and-drink,de-CH,HtmlBlock.tsx,n_a
/information/customer-safety-and-wellbeing/food-and-drink,de-CH,GenericRecommendedHotels.tsx,search/recommended
/information/customer-safety-and-wellbeing/swimming-and-at-the-beach,de-CH,PersistentInfoBanner.tsx,n_a
/information/customer-safety-and-wellbeing/swimming-and-at-the-beach,de-CH,TextBlock.tsx,n_a
/information/customer-safety-and-wellbeing/swimming-and-at-the-beach,de-CH,QuestionAndAnswer.tsx,help-centre/faq/save
/information/customer-safety-and-wellbeing/swimming-and-at-the-beach,de-CH,HtmlBlock.tsx,n_a
/information/customer-safety-and-wellbeing/swimming-and-at-the-beach,de-CH,GenericRecommendedHotels.tsx,search/recommended
/information/customer-safety-and-wellbeing/your-hotel,de-CH,PersistentInfoBanner.tsx,n_a
/information/customer-safety-and-wellbeing/your-hotel,de-CH,TextBlock.tsx,n_a
/information/customer-safety-and-wellbeing/your-hotel,de-CH,QuestionAndAnswer.tsx,help-centre/faq/save
/information/customer-safety-and-wellbeing/your-hotel,de-CH,HtmlBlock.tsx,n_a
/information/customer-safety-and-wellbeing/your-hotel,de-CH,GenericRecommendedHotels.tsx,search/recommended
/information/customer-safety-and-wellbeing/choosing-your-holiday,de-CH,Breadcrumbs.tsx,n_a
/information/customer-safety-and-wellbeing/choosing-your-holiday,de-CH,PersistentInfoBanner.tsx,n_a
/information/customer-safety-and-wellbeing/choosing-your-holiday,de-CH,TextBlock.tsx,n_a
/information/customer-safety-and-wellbeing/choosing-your-holiday,de-CH,HtmlBlock.tsx,n_a
/information/customer-safety-and-wellbeing/choosing-your-holiday,de-CH,QuestionAndAnswer.tsx,help-centre/faq/save
/information/customer-safety-and-wellbeing/choosing-your-holiday,de-CH,GenericRecommendedHotels.tsx,search/recommended
/information/customer-safety-and-wellbeing/at-the-airport,de-CH,PersistentInfoBanner.tsx,n_a
/information/customer-safety-and-wellbeing/at-the-airport,de-CH,TextBlock.tsx,n_a
/information/customer-safety-and-wellbeing/at-the-airport,de-CH,HtmlBlock.tsx,n_a
/information/customer-safety-and-wellbeing/at-the-airport,de-CH,QuestionAndAnswer.tsx,help-centre/faq/save
/information/customer-safety-and-wellbeing/at-the-airport,de-CH,GenericRecommendedHotels.tsx,search/recommended
/information/customer-safety-and-wellbeing/coming-home,de-CH,Breadcrumbs.tsx,n_a
/information/customer-safety-and-wellbeing/coming-home,de-CH,PersistentInfoBanner.tsx,n_a
/information/customer-safety-and-wellbeing/coming-home,de-CH,TextBlock.tsx,n_a
/information/customer-safety-and-wellbeing/coming-home,de-CH,QuestionAndAnswer.tsx,help-centre/faq/save
/information/customer-safety-and-wellbeing/coming-home,de-CH,HtmlBlock.tsx,n_a
/information/customer-safety-and-wellbeing/coming-home,de-CH,GenericRecommendedHotels.tsx,search/recommended
/information/kundensicherheit-und-wohlbefinden,de-CH,TextBlock.tsx,n_a
/information/kundensicherheit-und-wohlbefinden,de-CH,HtmlBlock.tsx,n_a
/information/kundensicherheit-und-wohlbefinden,de-CH,PromoBlocks.tsx,availability/from
/information/kundensicherheit-und-wohlbefinden,de-CH,PromoBlocks.tsx,price
/information/kundensicherheit-und-wohlbefinden,de-CH,PromoBlocks.tsx,destinations/search
/information/kundensicherheit-und-wohlbefinden,de-CH,ProtectedBlocks.tsx,n_a
/information/kundensicherheit-und-wohlbefinden,de-CH,PersistentInfoBanner.tsx,n_a
/information/kundensicherheit-und-wohlbefinden,de-CH,GenericRecommendedHotels.tsx,search/recommended
/information/kundensicherheit-und-wohlbefinden/before-you-travel,de-CH,PersistentInfoBanner.tsx,n_a
/information/kundensicherheit-und-wohlbefinden/before-you-travel,de-CH,TextBlock.tsx,n_a
/information/kundensicherheit-und-wohlbefinden/before-you-travel,de-CH,QuestionAndAnswer.tsx,help-centre/faq/save
/information/kundensicherheit-und-wohlbefinden/before-you-travel,de-CH,HtmlBlock.tsx,n_a
/information/kundensicherheit-und-wohlbefinden/before-you-travel,de-CH,GenericRecommendedHotels.tsx,search/recommended
/information/kundensicherheit-und-wohlbefinden/on-holiday,de-CH,PersistentInfoBanner.tsx,n_a
/information/kundensicherheit-und-wohlbefinden/on-holiday,de-CH,TextBlock.tsx,n_a
/information/kundensicherheit-und-wohlbefinden/on-holiday,de-CH,QuestionAndAnswer.tsx,help-centre/faq/save
/information/kundensicherheit-und-wohlbefinden/on-holiday,de-CH,HtmlBlock.tsx,n_a
/information/kundensicherheit-und-wohlbefinden/on-holiday,de-CH,GenericRecommendedHotels.tsx,search/recommended
/information/kundensicherheit-und-wohlbefinden/out-and-about,de-CH,PersistentInfoBanner.tsx,n_a
/information/kundensicherheit-und-wohlbefinden/out-and-about,de-CH,TextBlock.tsx,n_a
/information/kundensicherheit-und-wohlbefinden/out-and-about,de-CH,QuestionAndAnswer.tsx,help-centre/faq/save
/information/kundensicherheit-und-wohlbefinden/out-and-about,de-CH,HtmlBlock.tsx,n_a
/information/kundensicherheit-und-wohlbefinden/out-and-about,de-CH,GenericRecommendedHotels.tsx,search/recommended
/information/kundensicherheit-und-wohlbefinden/food-and-drink,de-CH,PersistentInfoBanner.tsx,n_a
/information/kundensicherheit-und-wohlbefinden/food-and-drink,de-CH,TextBlock.tsx,n_a
/information/kundensicherheit-und-wohlbefinden/food-and-drink,de-CH,QuestionAndAnswer.tsx,help-centre/faq/save
/information/kundensicherheit-und-wohlbefinden/food-and-drink,de-CH,HtmlBlock.tsx,n_a
/information/kundensicherheit-und-wohlbefinden/food-and-drink,de-CH,GenericRecommendedHotels.tsx,search/recommended
/information/kundensicherheit-und-wohlbefinden/swimming-and-at-the-beach,de-CH,PersistentInfoBanner.tsx,n_a
/information/kundensicherheit-und-wohlbefinden/swimming-and-at-the-beach,de-CH,TextBlock.tsx,n_a
/information/kundensicherheit-und-wohlbefinden/swimming-and-at-the-beach,de-CH,QuestionAndAnswer.tsx,help-centre/faq/save
/information/kundensicherheit-und-wohlbefinden/swimming-and-at-the-beach,de-CH,HtmlBlock.tsx,n_a
/information/kundensicherheit-und-wohlbefinden/swimming-and-at-the-beach,de-CH,GenericRecommendedHotels.tsx,search/recommended
/information/kundensicherheit-und-wohlbefinden/your-hotel,de-CH,PersistentInfoBanner.tsx,n_a
/information/kundensicherheit-und-wohlbefinden/your-hotel,de-CH,TextBlock.tsx,n_a
/information/kundensicherheit-und-wohlbefinden/your-hotel,de-CH,QuestionAndAnswer.tsx,help-centre/faq/save
/information/kundensicherheit-und-wohlbefinden/your-hotel,de-CH,HtmlBlock.tsx,n_a
/information/kundensicherheit-und-wohlbefinden/your-hotel,de-CH,GenericRecommendedHotels.tsx,search/recommended
/information/kundensicherheit-und-wohlbefinden/choosing-your-holiday,de-CH,Breadcrumbs.tsx,n_a
/information/kundensicherheit-und-wohlbefinden/choosing-your-holiday,de-CH,PersistentInfoBanner.tsx,n_a
/information/kundensicherheit-und-wohlbefinden/choosing-your-holiday,de-CH,TextBlock.tsx,n_a
/information/kundensicherheit-und-wohlbefinden/choosing-your-holiday,de-CH,HtmlBlock.tsx,n_a
/information/kundensicherheit-und-wohlbefinden/choosing-your-holiday,de-CH,QuestionAndAnswer.tsx,help-centre/faq/save
/information/kundensicherheit-und-wohlbefinden/choosing-your-holiday,de-CH,GenericRecommendedHotels.tsx,search/recommended
/information/kundensicherheit-und-wohlbefinden/at-the-airport,de-CH,PersistentInfoBanner.tsx,n_a
/information/kundensicherheit-und-wohlbefinden/at-the-airport,de-CH,TextBlock.tsx,n_a
/information/kundensicherheit-und-wohlbefinden/at-the-airport,de-CH,HtmlBlock.tsx,n_a
/information/kundensicherheit-und-wohlbefinden/at-the-airport,de-CH,QuestionAndAnswer.tsx,help-centre/faq/save
/information/kundensicherheit-und-wohlbefinden/at-the-airport,de-CH,GenericRecommendedHotels.tsx,search/recommended
/information/kundensicherheit-und-wohlbefinden/coming-home,de-CH,Breadcrumbs.tsx,n_a
/information/kundensicherheit-und-wohlbefinden/coming-home,de-CH,PersistentInfoBanner.tsx,n_a
/information/kundensicherheit-und-wohlbefinden/coming-home,de-CH,TextBlock.tsx,n_a
/information/kundensicherheit-und-wohlbefinden/coming-home,de-CH,QuestionAndAnswer.tsx,help-centre/faq/save
/information/kundensicherheit-und-wohlbefinden/coming-home,de-CH,HtmlBlock.tsx,n_a
/information/kundensicherheit-und-wohlbefinden/coming-home,de-CH,GenericRecommendedHotels.tsx,search/recommended
/information/customer-safety-and-wellbeing-addendum,de-CH,PersistentInfoBanner.tsx,n_a
/information/customer-safety-and-wellbeing-addendum,de-CH,TextBlock.tsx,n_a
/information/customer-safety-and-wellbeing-addendum,de-CH,HtmlBlock.tsx,n_a
/information/hospitality-policy,de-CH,PersistentInfoBanner.tsx,n_a
/information/hospitality-policy,de-CH,TextBlock.tsx,n_a
/information/hospitality-policy,de-CH,HtmlBlock.tsx,n_a
/information/ferien-checklist,de-CH,TextBlock.tsx,n_a
/information/ferien-checklist,de-CH,FullWidthBanner.tsx,n_a
/information/ferien-checklist,de-CH,OurPolicies.tsx,n_a
/information/ferien-checklist,de-CH,ConfidenceModuleTransformer.tsx,n_a
/information/ferien-checklist,de-CH,HelpLinks.tsx,n_a
/information/ferien-checklist,de-CH,PersistentInfoBanner.tsx,n_a
/information/rebook-terms,de-CH,PersistentInfoBanner.tsx,n_a
/information/rebook-terms,de-CH,SearchPod.tsx,destinations/search
/information/rebook-terms,de-CH,SearchPod.tsx,tracking/user-search
/information/rebook-terms,de-CH,TextBlock.tsx,n_a
/information/rebook-terms,de-CH,HtmlBlock.tsx,n_a
/information/supplier-code-of-conduct,de-CH,PersistentInfoBanner.tsx,n_a
/information/supplier-code-of-conduct,de-CH,TextBlock.tsx,n_a
/information/supplier-code-of-conduct,de-CH,HtmlBlock.tsx,n_a
/information/warum-bei-uns-buchen,de-CH,FullWidthBanner.tsx,n_a
/information/warum-bei-uns-buchen,de-CH,TextBlock.tsx,n_a
/information/warum-bei-uns-buchen,de-CH,PromoBlocks.tsx,availability/from
/information/warum-bei-uns-buchen,de-CH,PromoBlocks.tsx,price
/information/warum-bei-uns-buchen,de-CH,PromoBlocks.tsx,destinations/search
/information/warum-bei-uns-buchen,de-CH,AnimationTiles.tsx,n_a
/information/warum-bei-uns-buchen,de-CH,SearchPod.tsx,destinations/search
/information/warum-bei-uns-buchen,de-CH,SearchPod.tsx,tracking/user-search
/information/warum-bei-uns-buchen,de-CH,PartnershipsAndCertificates.tsx,n_a
/information/return-transfers,de-CH,PersistentInfoBanner.tsx,n_a
/information/return-transfers,de-CH,TextBlock.tsx,n_a
/information/return-transfers,de-CH,QuestionAndAnswer.tsx,help-centre/faq/save
/information/amend-offer-standard-terms,de-CH,SearchPod.tsx,destinations/search
/information/amend-offer-standard-terms,de-CH,SearchPod.tsx,tracking/user-search
/information/amend-offer-standard-terms,de-CH,PersistentInfoBanner.tsx,n_a
/information/amend-offer-standard-terms,de-CH,HtmlBlock.tsx,n_a
/information/amend-offer-standard-terms,de-CH,TextBlock.tsx,n_a
/information/amend-offer-terms,de-CH,SearchPod.tsx,destinations/search
/information/amend-offer-terms,de-CH,SearchPod.tsx,tracking/user-search
/information/amend-offer-terms,de-CH,PersistentInfoBanner.tsx,n_a
/information/amend-offer-terms,de-CH,HtmlBlock.tsx,n_a
/information/amend-offer-terms,de-CH,TextBlock.tsx,n_a
/information/amend-terms,de-CH,SearchPod.tsx,destinations/search
/information/amend-terms,de-CH,SearchPod.tsx,tracking/user-search
/information/amend-terms,de-CH,PersistentInfoBanner.tsx,n_a
/information/amend-terms,de-CH,HtmlBlock.tsx,n_a
/information/amend-terms,de-CH,TextBlock.tsx,n_a
/information/booking-conditions,de-CH,PersistentInfoBanner.tsx,n_a
/information/booking-conditions,de-CH,HtmlBlock.tsx,n_a
/information/booking-conditions,de-CH,TextBlock.tsx,n_a
/information/booking-conditions,de-CH,FAQ.tsx,help-centre/faq/save
/information/buchungsbedingungen,de-CH,PersistentInfoBanner.tsx,n_a
/information/buchungsbedingungen,de-CH,HtmlBlock.tsx,n_a
/information/buchungsbedingungen,de-CH,TextBlock.tsx,n_a
/information/buchungsbedingungen,de-CH,FAQ.tsx,help-centre/faq/save
/information/kontoguthaben,de-CH,PersistentInfoBanner.tsx,n_a
/information/kontoguthaben,de-CH,HtmlBlock.tsx,n_a
/information/kontoguthaben,de-CH,TextBlock.tsx,n_a
/information/nutzungsbedingungen,de-CH,PersistentInfoBanner.tsx,n_a
/information/nutzungsbedingungen,de-CH,HtmlBlock.tsx,n_a
/information/nutzungsbedingungen,de-CH,TextBlock.tsx,n_a
/information/nutzungsbedingungen,de-CH,QuestionAndAnswer.tsx,help-centre/faq/save
/information/travel-information,de-CH,Chatbot.tsx,n_a
/information/travel-information,de-CH,HtmlBlock.tsx,n_a
/information/travel-information,de-CH,TextBlock.tsx,n_a
/information/travel-information,de-CH,CollapsibleLinksModule.tsx,n_a
/information/travel-information,de-CH,PersistentInfoBanner.tsx,n_a
/information/travel-information,de-CH,SearchPod.tsx,destinations/search
/information/travel-information,de-CH,SearchPod.tsx,tracking/user-search
/information/modern-slavery-act,de-CH,PersistentInfoBanner.tsx,n_a
/information/modern-slavery-act,de-CH,HtmlBlock.tsx,n_a
/information/modern-slavery-act,de-CH,TextBlock.tsx,n_a
/information/cookie-policy,de-CH,PersistentInfoBanner.tsx,n_a
/information/cookie-policy,de-CH,HtmlBlock.tsx,n_a
/information/cookie-policy,de-CH,TextBlock.tsx,n_a
/information/cookie-policy,de-CH,ManageCookiesPreferences.tsx,n_a
/information/datenschutzerklärung,de-CH,PersistentInfoBanner.tsx,n_a
/information/datenschutzerklärung,de-CH,HtmlBlock.tsx,n_a
/information/datenschutzerklärung,de-CH,TextBlock.tsx,n_a
/information/contact-us,de-CH,PersistentInfoBanner.tsx,n_a
/information/contact-us,de-CH,PromoBlocks.tsx,availability/from
/information/contact-us,de-CH,PromoBlocks.tsx,price
/information/contact-us,de-CH,PromoBlocks.tsx,destinations/search
/information/contact-us,de-CH,TextBlock.tsx,n_a
/information/contact-us,de-CH,HtmlBlock.tsx,n_a
/information/contact-us,de-CH,Accordion.tsx,n_a
/öko-zertifizierter-urlaub,de-CH,PersistentInfoBanner.tsx,n_a
/öko-zertifizierter-urlaub,de-CH,PromopageSearchPod.tsx,availability/last-available-date
/öko-zertifizierter-urlaub,de-CH,SearchPodFilters.tsx,n_a
/öko-zertifizierter-urlaub,de-CH,SearchResults.tsx,shortlist/delete
/öko-zertifizierter-urlaub,de-CH,SearchResults.tsx,search/recommended
/öko-zertifizierter-urlaub,de-CH,HolidayWithConfidence.tsx,n_a
/öko-zertifizierter-urlaub,de-CH,CustomersFeedback.tsx,n_a
/öko-zertifizierter-urlaub,de-CH,AlternativeBoardsPopup.tsx,n_a
/winterferien,de-CH,PersistentInfoBanner.tsx,n_a
/winterferien,de-CH,PromopageSearchPod.tsx,availability/last-available-date
/winterferien,de-CH,SearchPodFilters.tsx,n_a
/winterferien,de-CH,SearchResults.tsx,shortlist/delete
/winterferien,de-CH,SearchResults.tsx,search/recommended
/winterferien,de-CH,HolidayWithConfidence.tsx,n_a
/winterferien,de-CH,TextBlock.tsx,n_a
/winterferien,de-CH,CustomersFeedback.tsx,n_a
/winterferien,de-CH,AlternativeBoardsPopup.tsx,n_a
/fruhlingsferien,de-CH,PersistentInfoBanner.tsx,n_a
/fruhlingsferien,de-CH,PromopageSearchPod.tsx,availability/last-available-date
/fruhlingsferien,de-CH,SearchPodFilters.tsx,n_a
/fruhlingsferien,de-CH,SearchResults.tsx,shortlist/delete
/fruhlingsferien,de-CH,SearchResults.tsx,search/recommended
/fruhlingsferien,de-CH,HolidayWithConfidence.tsx,n_a
/fruhlingsferien,de-CH,TextBlock.tsx,n_a
/fruhlingsferien,de-CH,AlternativeBoardsPopup.tsx,n_a
/ermässigte-ferien,de-CH,PersistentInfoBanner.tsx,n_a
/ermässigte-ferien,de-CH,PromopageSearchPod.tsx,availability/last-available-date
/ermässigte-ferien,de-CH,SearchPodFilters.tsx,n_a
/ermässigte-ferien,de-CH,SearchResults.tsx,shortlist/delete
/ermässigte-ferien,de-CH,SearchResults.tsx,search/recommended
/ermässigte-ferien,de-CH,HolidayWithConfidence.tsx,n_a
/ermässigte-ferien,de-CH,CustomersFeedback.tsx,n_a
/ermässigte-ferien,de-CH,AlternativeBoardsPopup.tsx,n_a
/sommerferien,de-CH,PersistentInfoBanner.tsx,n_a
/sommerferien,de-CH,PromopageSearchPod.tsx,availability/last-available-date
/sommerferien,de-CH,SearchPodFilters.tsx,n_a
/sommerferien,de-CH,SearchResults.tsx,shortlist/delete
/sommerferien,de-CH,SearchResults.tsx,search/recommended
/sommerferien,de-CH,HolidayWithConfidence.tsx,n_a
/sommerferien,de-CH,TextBlock.tsx,n_a
/sommerferien,de-CH,AlternativeBoardsPopup.tsx,n_a
/herbstferien,de-CH,PersistentInfoBanner.tsx,n_a
/herbstferien,de-CH,PromopageSearchPod.tsx,availability/last-available-date
/herbstferien,de-CH,SearchPodFilters.tsx,n_a
/herbstferien,de-CH,SearchResults.tsx,shortlist/delete
/herbstferien,de-CH,SearchResults.tsx,search/recommended
/herbstferien,de-CH,HolidayWithConfidence.tsx,n_a
/herbstferien,de-CH,TextBlock.tsx,n_a
/herbstferien,de-CH,CustomersFeedback.tsx,n_a
/herbstferien,de-CH,AlternativeBoardsPopup.tsx,n_a
/ferien-ab-genf,de-CH,PersistentInfoBanner.tsx,n_a
/ferien-ab-genf,de-CH,PromopageSearchPod.tsx,availability/last-available-date
/ferien-ab-genf,de-CH,SearchPodFilters.tsx,n_a
/ferien-ab-genf,de-CH,SearchResults.tsx,shortlist/delete
/ferien-ab-genf,de-CH,SearchResults.tsx,search/recommended
/ferien-ab-genf,de-CH,HolidayWithConfidence.tsx,n_a
/ferien-ab-genf,de-CH,AlternativeBoardsPopup.tsx,n_a
/ferien-ab-zurich,de-CH,PersistentInfoBanner.tsx,n_a
/ferien-ab-zurich,de-CH,PromopageSearchPod.tsx,availability/last-available-date
/ferien-ab-zurich,de-CH,SearchPodFilters.tsx,n_a
/ferien-ab-zurich,de-CH,SearchResults.tsx,shortlist/delete
/ferien-ab-zurich,de-CH,SearchResults.tsx,search/recommended
/ferien-ab-zurich,de-CH,HolidayWithConfidence.tsx,n_a
/ferien-ab-zurich,de-CH,TextBlock.tsx,n_a
/ferien-ab-zurich,de-CH,CustomersFeedback.tsx,n_a
/ferien-ab-zurich,de-CH,AlternativeBoardsPopup.tsx,n_a
/ferien-ab-basel,de-CH,PersistentInfoBanner.tsx,n_a
/ferien-ab-basel,de-CH,PromopageSearchPod.tsx,availability/last-available-date
/ferien-ab-basel,de-CH,SearchPodFilters.tsx,n_a
/ferien-ab-basel,de-CH,SearchResults.tsx,shortlist/delete
/ferien-ab-basel,de-CH,SearchResults.tsx,search/recommended
/ferien-ab-basel,de-CH,HolidayWithConfidence.tsx,n_a
/ferien-ab-basel,de-CH,AlternativeBoardsPopup.tsx,n_a
/all-inclusive-angebote,de-CH,PersistentInfoBanner.tsx,n_a
/all-inclusive-angebote,de-CH,PromopageSearchPod.tsx,availability/last-available-date
/all-inclusive-angebote,de-CH,SearchPodFilters.tsx,n_a
/all-inclusive-angebote,de-CH,SearchResults.tsx,shortlist/delete
/all-inclusive-angebote,de-CH,SearchResults.tsx,search/recommended
/all-inclusive-angebote,de-CH,HolidayWithConfidence.tsx,n_a
/all-inclusive-angebote,de-CH,AlternativeBoardsPopup.tsx,n_a
/badeferien-angebote,de-CH,PersistentInfoBanner.tsx,n_a
/badeferien-angebote,de-CH,PromopageSearchPod.tsx,availability/last-available-date
/badeferien-angebote,de-CH,SearchPodFilters.tsx,n_a
/badeferien-angebote,de-CH,SearchResults.tsx,shortlist/delete
/badeferien-angebote,de-CH,SearchResults.tsx,search/recommended
/badeferien-angebote,de-CH,HolidayWithConfidence.tsx,n_a
/badeferien-angebote,de-CH,AlternativeBoardsPopup.tsx,n_a
/angebote-für-städtereisen,de-CH,PersistentInfoBanner.tsx,n_a
/angebote-für-städtereisen,de-CH,PromopageSearchPod.tsx,availability/last-available-date
/angebote-für-städtereisen,de-CH,SearchPodFilters.tsx,n_a
/angebote-für-städtereisen,de-CH,SearchResults.tsx,shortlist/delete
/angebote-für-städtereisen,de-CH,SearchResults.tsx,search/recommended
/angebote-für-städtereisen,de-CH,HolidayWithConfidence.tsx,n_a
/angebote-für-städtereisen,de-CH,TextBlock.tsx,n_a
/angebote-für-städtereisen,de-CH,CustomersFeedback.tsx,n_a
/angebote-für-städtereisen,de-CH,AlternativeBoardsPopup.tsx,n_a
/last-minute-strandferien,de-CH,PersistentInfoBanner.tsx,n_a
/last-minute-strandferien,de-CH,PromopageSearchPod.tsx,availability/last-available-date
/last-minute-strandferien,de-CH,SearchPodFilters.tsx,n_a
/last-minute-strandferien,de-CH,SearchResults.tsx,shortlist/delete
/last-minute-strandferien,de-CH,SearchResults.tsx,search/recommended
/last-minute-strandferien,de-CH,HolidayWithConfidence.tsx,n_a
/last-minute-strandferien,de-CH,TextBlock.tsx,n_a
/last-minute-strandferien,de-CH,CustomersFeedback.tsx,n_a
/last-minute-strandferien,de-CH,AlternativeBoardsPopup.tsx,n_a
/last-minute-staedtereisen,de-CH,PersistentInfoBanner.tsx,n_a
/last-minute-staedtereisen,de-CH,PromopageSearchPod.tsx,availability/last-available-date
/last-minute-staedtereisen,de-CH,SearchPodFilters.tsx,n_a
/last-minute-staedtereisen,de-CH,SearchResults.tsx,shortlist/delete
/last-minute-staedtereisen,de-CH,SearchResults.tsx,search/recommended
/last-minute-staedtereisen,de-CH,HolidayWithConfidence.tsx,n_a
/last-minute-staedtereisen,de-CH,TextBlock.tsx,n_a
/last-minute-staedtereisen,de-CH,CustomersFeedback.tsx,n_a
/last-minute-staedtereisen,de-CH,AlternativeBoardsPopup.tsx,n_a
/last-minute-angebote,de-CH,PersistentInfoBanner.tsx,n_a
/last-minute-angebote,de-CH,PromopageSearchPod.tsx,availability/last-available-date
/last-minute-angebote,de-CH,SearchPodFilters.tsx,n_a
/last-minute-angebote,de-CH,SearchResults.tsx,shortlist/delete
/last-minute-angebote,de-CH,SearchResults.tsx,search/recommended
/last-minute-angebote,de-CH,HolidayWithConfidence.tsx,n_a
/last-minute-angebote,de-CH,TextBlock.tsx,n_a
/last-minute-angebote,de-CH,CustomersFeedback.tsx,n_a
/last-minute-angebote,de-CH,AlternativeBoardsPopup.tsx,n_a
/familienurlaube-angebote,de-CH,PersistentInfoBanner.tsx,n_a
/familienurlaube-angebote,de-CH,PromopageSearchPod.tsx,availability/last-available-date
/familienurlaube-angebote,de-CH,SearchPodFilters.tsx,n_a
/familienurlaube-angebote,de-CH,SearchResults.tsx,shortlist/delete
/familienurlaube-angebote,de-CH,SearchResults.tsx,search/recommended
/familienurlaube-angebote,de-CH,HolidayWithConfidence.tsx,n_a
/familienurlaube-angebote,de-CH,TextBlock.tsx,n_a
/familienurlaube-angebote,de-CH,AlternativeBoardsPopup.tsx,n_a
/flitterwochen-angebote,de-CH,PersistentInfoBanner.tsx,n_a
/flitterwochen-angebote,de-CH,PromopageSearchPod.tsx,availability/last-available-date
/flitterwochen-angebote,de-CH,SearchPodFilters.tsx,n_a
/flitterwochen-angebote,de-CH,SearchResults.tsx,shortlist/delete
/flitterwochen-angebote,de-CH,SearchResults.tsx,search/recommended
/flitterwochen-angebote,de-CH,HolidayWithConfidence.tsx,n_a
/flitterwochen-angebote,de-CH,TextBlock.tsx,n_a
/flitterwochen-angebote,de-CH,CustomersFeedback.tsx,n_a
/flitterwochen-angebote,de-CH,AlternativeBoardsPopup.tsx,n_a
/freie-plaetze-fuer-kinder,de-CH,PersistentInfoBanner.tsx,n_a
/freie-plaetze-fuer-kinder,de-CH,PromopageSearchPod.tsx,availability/last-available-date
/freie-plaetze-fuer-kinder,de-CH,SearchPodFilters.tsx,n_a
/freie-plaetze-fuer-kinder,de-CH,SearchResults.tsx,shortlist/delete
/freie-plaetze-fuer-kinder,de-CH,SearchResults.tsx,search/recommended
/freie-plaetze-fuer-kinder,de-CH,HolidayWithConfidence.tsx,n_a
/freie-plaetze-fuer-kinder,de-CH,TextBlock.tsx,n_a
/freie-plaetze-fuer-kinder,de-CH,CustomersFeedback.tsx,n_a
/freie-plaetze-fuer-kinder,de-CH,AlternativeBoardsPopup.tsx,n_a
/ferien-unter-300-chf,de-CH,PersistentInfoBanner.tsx,n_a
/ferien-unter-300-chf,de-CH,PromopageSearchPod.tsx,availability/last-available-date
/ferien-unter-300-chf,de-CH,SearchPodFilters.tsx,n_a
/ferien-unter-300-chf,de-CH,SearchResults.tsx,shortlist/delete
/ferien-unter-300-chf,de-CH,SearchResults.tsx,search/recommended
/ferien-unter-300-chf,de-CH,HolidayWithConfidence.tsx,n_a
/ferien-unter-300-chf,de-CH,TextBlock.tsx,n_a
/ferien-unter-300-chf,de-CH,CustomersFeedback.tsx,n_a
/ferien-unter-300-chf,de-CH,AlternativeBoardsPopup.tsx,n_a
/ferien-unter-400-chf,de-CH,PersistentInfoBanner.tsx,n_a
/ferien-unter-400-chf,de-CH,PromopageSearchPod.tsx,availability/last-available-date
/ferien-unter-400-chf,de-CH,SearchPodFilters.tsx,n_a
/ferien-unter-400-chf,de-CH,SearchResults.tsx,shortlist/delete
/ferien-unter-400-chf,de-CH,SearchResults.tsx,search/recommended
/ferien-unter-400-chf,de-CH,HolidayWithConfidence.tsx,n_a
/ferien-unter-400-chf,de-CH,TextBlock.tsx,n_a
/ferien-unter-400-chf,de-CH,CustomersFeedback.tsx,n_a
/ferien-unter-400-chf,de-CH,AlternativeBoardsPopup.tsx,n_a
/ferien-unter-500-chf,de-CH,PersistentInfoBanner.tsx,n_a
/ferien-unter-500-chf,de-CH,PromopageSearchPod.tsx,availability/last-available-date
/ferien-unter-500-chf,de-CH,SearchPodFilters.tsx,n_a
/ferien-unter-500-chf,de-CH,SearchResults.tsx,shortlist/delete
/ferien-unter-500-chf,de-CH,SearchResults.tsx,search/recommended
/ferien-unter-500-chf,de-CH,HolidayWithConfidence.tsx,n_a
/ferien-unter-500-chf,de-CH,TextBlock.tsx,n_a
/ferien-unter-500-chf,de-CH,CustomersFeedback.tsx,n_a
/ferien-unter-500-chf,de-CH,AlternativeBoardsPopup.tsx,n_a
/sale,de-CH,PersistentInfoBanner.tsx,n_a
/sale,de-CH,PromopageSearchPod.tsx,availability/last-available-date
/sale,de-CH,SearchPodFilters.tsx,n_a
/sale,de-CH,SearchResults.tsx,shortlist/delete
/sale,de-CH,SearchResults.tsx,search/recommended
/sale,de-CH,HolidayWithConfidence.tsx,n_a
/sale,de-CH,CustomersFeedback.tsx,n_a
/sale,de-CH,AlternativeBoardsPopup.tsx,n_a
/informations/conditions-generales-des-offres-promotionnelles,fr-FR,PersistentInfoBanner.tsx,n_a
/informations/conditions-generales-des-offres-promotionnelles,fr-FR,TextBlock.tsx,n_a
/informations/conditions-generales-des-offres-promotionnelles,fr-FR,HtmlBlock.tsx,n_a
/informations/conditions-generales-des-offres-promotionnelles,fr-FR,PersistentInfoBanner.tsx,n_a
/informations/conditions-generales-des-offres-promotionnelles,fr-FR,TextBlock.tsx,n_a
/informations/conditions-generales-des-offres-promotionnelles,fr-FR,HtmlBlock.tsx,n_a
/informations/reglement-sur-les-voyages-a-forfait,fr-FR,PersistentInfoBanner.tsx,n_a
/informations/reglement-sur-les-voyages-a-forfait,fr-FR,TextBlock.tsx,n_a
/informations/reglement-sur-les-voyages-a-forfait,fr-FR,HtmlBlock.tsx,n_a
/informations/conditions-de-garantie-des-prix,fr-FR,PersistentInfoBanner.tsx,n_a
/informations/conditions-de-garantie-des-prix,fr-FR,TextBlock.tsx,n_a
/informations/conditions-de-garantie-des-prix,fr-FR,HtmlBlock.tsx,n_a
/informations/conditions-generales-des-offres-promotionnelles,fr-FR,PersistentInfoBanner.tsx,n_a
/informations/conditions-generales-des-offres-promotionnelles,fr-FR,TextBlock.tsx,n_a
/informations/conditions-generales-des-offres-promotionnelles,fr-FR,HtmlBlock.tsx,n_a
/informations/conditions-generales-des-offres-promotionnelles,fr-FR,PersistentInfoBanner.tsx,n_a
/informations/conditions-generales-des-offres-promotionnelles,fr-FR,TextBlock.tsx,n_a
/informations/conditions-generales-des-offres-promotionnelles,fr-FR,HtmlBlock.tsx,n_a
/informations/protection-de-l'insolvabilite,fr-FR,PersistentInfoBanner.tsx,n_a
/informations/protection-de-l'insolvabilite,fr-FR,HtmlBlock.tsx,n_a
/informations/protection-de-l'insolvabilite,fr-FR,TextBlock.tsx,n_a
/informations/securite-et-bien-etre-des-clients,fr-FR,TextBlock.tsx,n_a
/informations/securite-et-bien-etre-des-clients,fr-FR,HtmlBlock.tsx,n_a
/informations/securite-et-bien-etre-des-clients,fr-FR,PromoBlocks.tsx,availability/from
/informations/securite-et-bien-etre-des-clients,fr-FR,PromoBlocks.tsx,price
/informations/securite-et-bien-etre-des-clients,fr-FR,PromoBlocks.tsx,destinations/search
/informations/securite-et-bien-etre-des-clients,fr-FR,ProtectedBlocks.tsx,n_a
/informations/securite-et-bien-etre-des-clients,fr-FR,PersistentInfoBanner.tsx,n_a
/informations/securite-et-bien-etre-des-clients,fr-FR,GenericRecommendedHotels.tsx,search/recommended
/informations/securite-et-bien-etre-des-clients/avant-de-voyager,fr-FR,PersistentInfoBanner.tsx,n_a
/informations/securite-et-bien-etre-des-clients/avant-de-voyager,fr-FR,TextBlock.tsx,n_a
/informations/securite-et-bien-etre-des-clients/avant-de-voyager,fr-FR,QuestionAndAnswer.tsx,help-centre/faq/save
/informations/securite-et-bien-etre-des-clients/avant-de-voyager,fr-FR,HtmlBlock.tsx,n_a
/informations/securite-et-bien-etre-des-clients/avant-de-voyager,fr-FR,GenericRecommendedHotels.tsx,search/recommended
/informations/securite-et-bien-etre-des-clients/lorsque-vous-etes-en-vacances,fr-FR,PersistentInfoBanner.tsx,n_a
/informations/securite-et-bien-etre-des-clients/lorsque-vous-etes-en-vacances,fr-FR,TextBlock.tsx,n_a
/informations/securite-et-bien-etre-des-clients/lorsque-vous-etes-en-vacances,fr-FR,QuestionAndAnswer.tsx,help-centre/faq/save
/informations/securite-et-bien-etre-des-clients/lorsque-vous-etes-en-vacances,fr-FR,HtmlBlock.tsx,n_a
/informations/securite-et-bien-etre-des-clients/lorsque-vous-etes-en-vacances,fr-FR,GenericRecommendedHotels.tsx,search/recommended
/informations/securite-et-bien-etre-des-clients/sortir-et-se-promener,fr-FR,PersistentInfoBanner.tsx,n_a
/informations/securite-et-bien-etre-des-clients/sortir-et-se-promener,fr-FR,TextBlock.tsx,n_a
/informations/securite-et-bien-etre-des-clients/sortir-et-se-promener,fr-FR,QuestionAndAnswer.tsx,help-centre/faq/save
/informations/securite-et-bien-etre-des-clients/sortir-et-se-promener,fr-FR,HtmlBlock.tsx,n_a
/informations/securite-et-bien-etre-des-clients/sortir-et-se-promener,fr-FR,GenericRecommendedHotels.tsx,search/recommended
/informations/securite-et-bien-etre-des-clients/nourriture-et-boissons,fr-FR,PersistentInfoBanner.tsx,n_a
/informations/securite-et-bien-etre-des-clients/nourriture-et-boissons,fr-FR,TextBlock.tsx,n_a
/informations/securite-et-bien-etre-des-clients/nourriture-et-boissons,fr-FR,QuestionAndAnswer.tsx,help-centre/faq/save
/informations/securite-et-bien-etre-des-clients/nourriture-et-boissons,fr-FR,HtmlBlock.tsx,n_a
/informations/securite-et-bien-etre-des-clients/nourriture-et-boissons,fr-FR,GenericRecommendedHotels.tsx,search/recommended
/informations/securite-et-bien-etre-des-clients/baignade-et-plage,fr-FR,PersistentInfoBanner.tsx,n_a
/informations/securite-et-bien-etre-des-clients/baignade-et-plage,fr-FR,TextBlock.tsx,n_a
/informations/securite-et-bien-etre-des-clients/baignade-et-plage,fr-FR,QuestionAndAnswer.tsx,help-centre/faq/save
/informations/securite-et-bien-etre-des-clients/baignade-et-plage,fr-FR,HtmlBlock.tsx,n_a
/informations/securite-et-bien-etre-des-clients/baignade-et-plage,fr-FR,GenericRecommendedHotels.tsx,search/recommended
/informations/securite-et-bien-etre-des-clients/a-l-hotel,fr-FR,PersistentInfoBanner.tsx,n_a
/informations/securite-et-bien-etre-des-clients/a-l-hotel,fr-FR,TextBlock.tsx,n_a
/informations/securite-et-bien-etre-des-clients/a-l-hotel,fr-FR,QuestionAndAnswer.tsx,help-centre/faq/save
/informations/securite-et-bien-etre-des-clients/a-l-hotel,fr-FR,HtmlBlock.tsx,n_a
/informations/securite-et-bien-etre-des-clients/a-l-hotel,fr-FR,GenericRecommendedHotels.tsx,search/recommended
/informations/securite-et-bien-etre-des-clients/choisir-ses-vacances,fr-FR,Breadcrumbs.tsx,n_a
/informations/securite-et-bien-etre-des-clients/choisir-ses-vacances,fr-FR,PersistentInfoBanner.tsx,n_a
/informations/securite-et-bien-etre-des-clients/choisir-ses-vacances,fr-FR,TextBlock.tsx,n_a
/informations/securite-et-bien-etre-des-clients/choisir-ses-vacances,fr-FR,HtmlBlock.tsx,n_a
/informations/securite-et-bien-etre-des-clients/choisir-ses-vacances,fr-FR,QuestionAndAnswer.tsx,help-centre/faq/save
/informations/securite-et-bien-etre-des-clients/choisir-ses-vacances,fr-FR,GenericRecommendedHotels.tsx,search/recommended
/informations/securite-et-bien-etre-des-clients/a-l-aeroport,fr-FR,PersistentInfoBanner.tsx,n_a
/informations/securite-et-bien-etre-des-clients/a-l-aeroport,fr-FR,TextBlock.tsx,n_a
/informations/securite-et-bien-etre-des-clients/a-l-aeroport,fr-FR,HtmlBlock.tsx,n_a
/informations/securite-et-bien-etre-des-clients/a-l-aeroport,fr-FR,QuestionAndAnswer.tsx,help-centre/faq/save
/informations/securite-et-bien-etre-des-clients/a-l-aeroport,fr-FR,GenericRecommendedHotels.tsx,search/recommended
/informations/securite-et-bien-etre-des-clients/informations-de-base,fr-FR,Breadcrumbs.tsx,n_a
/informations/securite-et-bien-etre-des-clients/informations-de-base,fr-FR,PersistentInfoBanner.tsx,n_a
/informations/securite-et-bien-etre-des-clients/informations-de-base,fr-FR,TextBlock.tsx,n_a
/informations/securite-et-bien-etre-des-clients/informations-de-base,fr-FR,QuestionAndAnswer.tsx,help-centre/faq/save
/informations/securite-et-bien-etre-des-clients/informations-de-base,fr-FR,HtmlBlock.tsx,n_a
/informations/securite-et-bien-etre-des-clients/informations-de-base,fr-FR,GenericRecommendedHotels.tsx,search/recommended
/informations/liste-de-préparatifs-avant-le-voyage,fr-FR,TextBlock.tsx,n_a
/informations/liste-de-préparatifs-avant-le-voyage,fr-FR,FullWidthBanner.tsx,n_a
/informations/liste-de-préparatifs-avant-le-voyage,fr-FR,OurPolicies.tsx,n_a
/informations/liste-de-préparatifs-avant-le-voyage,fr-FR,ConfidenceModuleTransformer.tsx,n_a
/informations/liste-de-préparatifs-avant-le-voyage,fr-FR,HelpLinks.tsx,n_a
/informations/liste-de-préparatifs-avant-le-voyage,fr-FR,PersistentInfoBanner.tsx,n_a
/informations/pourquoi-reserver-aupres-de-nous,fr-FR,TextBlock.tsx,n_a
/informations/pourquoi-reserver-aupres-de-nous,fr-FR,PartnershipsAndCertificates.tsx,n_a
/informations/pourquoi-reserver-aupres-de-nous,fr-FR,PromoBlocks.tsx,availability/from
/informations/pourquoi-reserver-aupres-de-nous,fr-FR,PromoBlocks.tsx,price
/informations/pourquoi-reserver-aupres-de-nous,fr-FR,PromoBlocks.tsx,destinations/search
/informations/pourquoi-reserver-aupres-de-nous,fr-FR,SearchPod.tsx,destinations/search
/informations/pourquoi-reserver-aupres-de-nous,fr-FR,SearchPod.tsx,tracking/user-search
/informations/pourquoi-reserver-aupres-de-nous,fr-FR,AnimationTiles.tsx,n_a
/informations/pourquoi-reserver-aupres-de-nous,fr-FR,FullWidthBanner.tsx,n_a
/informations/return-transfers,fr-FR,PersistentInfoBanner.tsx,n_a
/informations/return-transfers,fr-FR,TextBlock.tsx,n_a
/informations/return-transfers,fr-FR,QuestionAndAnswer.tsx,help-centre/faq/save
/informations/conditions-de-réservation,fr-FR,PersistentInfoBanner.tsx,n_a
/informations/conditions-de-réservation,fr-FR,HtmlBlock.tsx,n_a
/informations/conditions-de-réservation,fr-FR,TextBlock.tsx,n_a
/informations/credit-terms,fr-FR,PersistentInfoBanner.tsx,n_a
/informations/credit-terms,fr-FR,HtmlBlock.tsx,n_a
/informations/credit-terms,fr-FR,TextBlock.tsx,n_a
/informations/terms-of-use,fr-FR,PersistentInfoBanner.tsx,n_a
/informations/terms-of-use,fr-FR,HtmlBlock.tsx,n_a
/informations/terms-of-use,fr-FR,TextBlock.tsx,n_a
/informations/terms-of-use,fr-FR,QuestionAndAnswer.tsx,help-centre/faq/save
/informations/travel-information,fr-FR,HtmlBlock.tsx,n_a
/informations/travel-information,fr-FR,Chatbot.tsx,n_a
/informations/travel-information,fr-FR,TravelInsurance.tsx,n_a
/informations/travel-information,fr-FR,HelpLinks.tsx,n_a
/informations/travel-information,fr-FR,FullWidthBanner.tsx,n_a
/informations/travel-information,fr-FR,TextBlock.tsx,n_a
/informations/travel-information,fr-FR,QuestionAndAnswer.tsx,help-centre/faq/save
/informations/travel-information,fr-FR,ConfidenceModuleTransformer.tsx,n_a
/informations/travel-information,fr-FR,CollapsibleLinksModule.tsx,n_a
/informations/travel-information,fr-FR,PersistentInfoBanner.tsx,n_a
/informations/travel-information,fr-FR,SearchPod.tsx,destinations/search
/informations/travel-information,fr-FR,SearchPod.tsx,tracking/user-search
/informations/cookie-policy,fr-FR,PersistentInfoBanner.tsx,n_a
/informations/cookie-policy,fr-FR,HtmlBlock.tsx,n_a
/informations/cookie-policy,fr-FR,TextBlock.tsx,n_a
/informations/cookie-policy,fr-FR,ManageCookiesPreferences.tsx,n_a
/informations/privacy-policy-eu,fr-FR,PersistentInfoBanner.tsx,n_a
/informations/privacy-policy-eu,fr-FR,HtmlBlock.tsx,n_a
/informations/privacy-policy-eu,fr-FR,TextBlock.tsx,n_a
/eco-certified-holidays,fr-FR,PersistentInfoBanner.tsx,n_a
/eco-certified-holidays,fr-FR,PromopageSearchPod.tsx,availability/last-available-date
/eco-certified-holidays,fr-FR,SearchPodFilters.tsx,n_a
/eco-certified-holidays,fr-FR,SearchResults.tsx,shortlist/delete
/eco-certified-holidays,fr-FR,SearchResults.tsx,search/recommended
/eco-certified-holidays,fr-FR,HolidayWithConfidence.tsx,n_a
/eco-certified-holidays,fr-FR,CustomersFeedback.tsx,n_a
/eco-certified-holidays,fr-FR,AlternativeBoardsPopup.tsx,n_a
/vacances-hiver,fr-FR,PersistentInfoBanner.tsx,n_a
/vacances-hiver,fr-FR,PromopageSearchPod.tsx,availability/last-available-date
/vacances-hiver,fr-FR,SearchPodFilters.tsx,n_a
/vacances-hiver,fr-FR,SearchResults.tsx,shortlist/delete
/vacances-hiver,fr-FR,SearchResults.tsx,search/recommended
/vacances-hiver,fr-FR,HolidayWithConfidence.tsx,n_a
/vacances-hiver,fr-FR,TextBlock.tsx,n_a
/vacances-hiver,fr-FR,CustomersFeedback.tsx,n_a
/vacances-hiver,fr-FR,AlternativeBoardsPopup.tsx,n_a
/vacances-printemps,fr-FR,PersistentInfoBanner.tsx,n_a
/vacances-printemps,fr-FR,PromopageSearchPod.tsx,availability/last-available-date
/vacances-printemps,fr-FR,SearchPodFilters.tsx,n_a
/vacances-printemps,fr-FR,SearchResults.tsx,shortlist/delete
/vacances-printemps,fr-FR,SearchResults.tsx,search/recommended
/vacances-printemps,fr-FR,HolidayWithConfidence.tsx,n_a
/vacances-printemps,fr-FR,TextBlock.tsx,n_a
/vacances-printemps,fr-FR,AlternativeBoardsPopup.tsx,n_a
/vacances-a-prix-reduit,fr-FR,PersistentInfoBanner.tsx,n_a
/vacances-a-prix-reduit,fr-FR,PromopageSearchPod.tsx,availability/last-available-date
/vacances-a-prix-reduit,fr-FR,SearchPodFilters.tsx,n_a
/vacances-a-prix-reduit,fr-FR,SearchResults.tsx,shortlist/delete
/vacances-a-prix-reduit,fr-FR,SearchResults.tsx,search/recommended
/vacances-a-prix-reduit,fr-FR,HolidayWithConfidence.tsx,n_a
/vacances-a-prix-reduit,fr-FR,CustomersFeedback.tsx,n_a
/vacances-a-prix-reduit,fr-FR,AlternativeBoardsPopup.tsx,n_a
/vacances-ete,fr-FR,PersistentInfoBanner.tsx,n_a
/vacances-ete,fr-FR,PromopageSearchPod.tsx,availability/last-available-date
/vacances-ete,fr-FR,SearchPodFilters.tsx,n_a
/vacances-ete,fr-FR,SearchResults.tsx,shortlist/delete
/vacances-ete,fr-FR,SearchResults.tsx,search/recommended
/vacances-ete,fr-FR,HolidayWithConfidence.tsx,n_a
/vacances-ete,fr-FR,TextBlock.tsx,n_a
/vacances-ete,fr-FR,AlternativeBoardsPopup.tsx,n_a
/vacances-automne,fr-FR,PersistentInfoBanner.tsx,n_a
/vacances-automne,fr-FR,PromopageSearchPod.tsx,availability/last-available-date
/vacances-automne,fr-FR,SearchPodFilters.tsx,n_a
/vacances-automne,fr-FR,SearchResults.tsx,shortlist/delete
/vacances-automne,fr-FR,SearchResults.tsx,search/recommended
/vacances-automne,fr-FR,HolidayWithConfidence.tsx,n_a
/vacances-automne,fr-FR,TextBlock.tsx,n_a
/vacances-automne,fr-FR,CustomersFeedback.tsx,n_a
/vacances-automne,fr-FR,AlternativeBoardsPopup.tsx,n_a
/vacances-au-depart-de-bordeaux,fr-FR,PersistentInfoBanner.tsx,n_a
/vacances-au-depart-de-bordeaux,fr-FR,PromopageSearchPod.tsx,availability/last-available-date
/vacances-au-depart-de-bordeaux,fr-FR,SearchPodFilters.tsx,n_a
/vacances-au-depart-de-bordeaux,fr-FR,SearchResults.tsx,shortlist/delete
/vacances-au-depart-de-bordeaux,fr-FR,SearchResults.tsx,search/recommended
/vacances-au-depart-de-bordeaux,fr-FR,HolidayWithConfidence.tsx,n_a
/vacances-au-depart-de-bordeaux,fr-FR,AlternativeBoardsPopup.tsx,n_a
/vacances-au-depart-de-nantes,fr-FR,PersistentInfoBanner.tsx,n_a
/vacances-au-depart-de-nantes,fr-FR,PromopageSearchPod.tsx,availability/last-available-date
/vacances-au-depart-de-nantes,fr-FR,SearchPodFilters.tsx,n_a
/vacances-au-depart-de-nantes,fr-FR,SearchResults.tsx,shortlist/delete
/vacances-au-depart-de-nantes,fr-FR,SearchResults.tsx,search/recommended
/vacances-au-depart-de-nantes,fr-FR,HolidayWithConfidence.tsx,n_a
/vacances-au-depart-de-nantes,fr-FR,AlternativeBoardsPopup.tsx,n_a
/vacances-au-depart-de-nice,fr-FR,PersistentInfoBanner.tsx,n_a
/vacances-au-depart-de-nice,fr-FR,PromopageSearchPod.tsx,availability/last-available-date
/vacances-au-depart-de-nice,fr-FR,SearchPodFilters.tsx,n_a
/vacances-au-depart-de-nice,fr-FR,SearchResults.tsx,shortlist/delete
/vacances-au-depart-de-nice,fr-FR,SearchResults.tsx,search/recommended
/vacances-au-depart-de-nice,fr-FR,HolidayWithConfidence.tsx,n_a
/vacances-au-depart-de-nice,fr-FR,AlternativeBoardsPopup.tsx,n_a
/vacances-au-depart-de-toulouse,fr-FR,PersistentInfoBanner.tsx,n_a
/vacances-au-depart-de-toulouse,fr-FR,PromopageSearchPod.tsx,availability/last-available-date
/vacances-au-depart-de-toulouse,fr-FR,SearchPodFilters.tsx,n_a
/vacances-au-depart-de-toulouse,fr-FR,SearchResults.tsx,shortlist/delete
/vacances-au-depart-de-toulouse,fr-FR,SearchResults.tsx,search/recommended
/vacances-au-depart-de-toulouse,fr-FR,HolidayWithConfidence.tsx,n_a
/vacances-au-depart-de-toulouse,fr-FR,AlternativeBoardsPopup.tsx,n_a
/vacances-au-depart-de-lyon,fr-FR,PersistentInfoBanner.tsx,n_a
/vacances-au-depart-de-lyon,fr-FR,PromopageSearchPod.tsx,availability/last-available-date
/vacances-au-depart-de-lyon,fr-FR,SearchPodFilters.tsx,n_a
/vacances-au-depart-de-lyon,fr-FR,SearchResults.tsx,shortlist/delete
/vacances-au-depart-de-lyon,fr-FR,SearchResults.tsx,search/recommended
/vacances-au-depart-de-lyon,fr-FR,HolidayWithConfidence.tsx,n_a
/vacances-au-depart-de-lyon,fr-FR,AlternativeBoardsPopup.tsx,n_a
/vacances-au-depart-de-marseille,fr-FR,PersistentInfoBanner.tsx,n_a
/vacances-au-depart-de-marseille,fr-FR,PromopageSearchPod.tsx,availability/last-available-date
/vacances-au-depart-de-marseille,fr-FR,SearchPodFilters.tsx,n_a
/vacances-au-depart-de-marseille,fr-FR,SearchResults.tsx,shortlist/delete
/vacances-au-depart-de-marseille,fr-FR,SearchResults.tsx,search/recommended
/vacances-au-depart-de-marseille,fr-FR,HolidayWithConfidence.tsx,n_a
/vacances-au-depart-de-marseille,fr-FR,AlternativeBoardsPopup.tsx,n_a
/vacances-au-depart-de-paris,fr-FR,PersistentInfoBanner.tsx,n_a
/vacances-au-depart-de-paris,fr-FR,PromopageSearchPod.tsx,availability/last-available-date
/vacances-au-depart-de-paris,fr-FR,SearchPodFilters.tsx,n_a
/vacances-au-depart-de-paris,fr-FR,SearchResults.tsx,shortlist/delete
/vacances-au-depart-de-paris,fr-FR,SearchResults.tsx,search/recommended
/vacances-au-depart-de-paris,fr-FR,HolidayWithConfidence.tsx,n_a
/vacances-au-depart-de-paris,fr-FR,AlternativeBoardsPopup.tsx,n_a
/offres-vacances-all-inclusive,fr-FR,PersistentInfoBanner.tsx,n_a
/offres-vacances-all-inclusive,fr-FR,PromopageSearchPod.tsx,availability/last-available-date
/offres-vacances-all-inclusive,fr-FR,SearchPodFilters.tsx,n_a
/offres-vacances-all-inclusive,fr-FR,SearchResults.tsx,shortlist/delete
/offres-vacances-all-inclusive,fr-FR,SearchResults.tsx,search/recommended
/offres-vacances-all-inclusive,fr-FR,HolidayWithConfidence.tsx,n_a
/offres-vacances-all-inclusive,fr-FR,AlternativeBoardsPopup.tsx,n_a
/offres-vacances-plage,fr-FR,PersistentInfoBanner.tsx,n_a
/offres-vacances-plage,fr-FR,PromopageSearchPod.tsx,availability/last-available-date
/offres-vacances-plage,fr-FR,SearchPodFilters.tsx,n_a
/offres-vacances-plage,fr-FR,SearchResults.tsx,shortlist/delete
/offres-vacances-plage,fr-FR,SearchResults.tsx,search/recommended
/offres-vacances-plage,fr-FR,HolidayWithConfidence.tsx,n_a
/offres-vacances-plage,fr-FR,AlternativeBoardsPopup.tsx,n_a
/offres-de-escapades-en-ville,fr-FR,PersistentInfoBanner.tsx,n_a
/offres-de-escapades-en-ville,fr-FR,PromopageSearchPod.tsx,availability/last-available-date
/offres-de-escapades-en-ville,fr-FR,SearchPodFilters.tsx,n_a
/offres-de-escapades-en-ville,fr-FR,SearchResults.tsx,shortlist/delete
/offres-de-escapades-en-ville,fr-FR,SearchResults.tsx,search/recommended
/offres-de-escapades-en-ville,fr-FR,HolidayWithConfidence.tsx,n_a
/offres-de-escapades-en-ville,fr-FR,TextBlock.tsx,n_a
/offres-de-escapades-en-ville,fr-FR,CustomersFeedback.tsx,n_a
/offres-de-escapades-en-ville,fr-FR,AlternativeBoardsPopup.tsx,n_a
/vacances-de-dernière-minute-à-la-plage,fr-FR,PersistentInfoBanner.tsx,n_a
/vacances-de-dernière-minute-à-la-plage,fr-FR,PromopageSearchPod.tsx,availability/last-available-date
/vacances-de-dernière-minute-à-la-plage,fr-FR,SearchPodFilters.tsx,n_a
/vacances-de-dernière-minute-à-la-plage,fr-FR,SearchResults.tsx,shortlist/delete
/vacances-de-dernière-minute-à-la-plage,fr-FR,SearchResults.tsx,search/recommended
/vacances-de-dernière-minute-à-la-plage,fr-FR,HolidayWithConfidence.tsx,n_a
/vacances-de-dernière-minute-à-la-plage,fr-FR,AlternativeBoardsPopup.tsx,n_a
/vacances-de-dernière-minute-en-ville,fr-FR,PersistentInfoBanner.tsx,n_a
/vacances-de-dernière-minute-en-ville,fr-FR,PromopageSearchPod.tsx,availability/last-available-date
/vacances-de-dernière-minute-en-ville,fr-FR,SearchPodFilters.tsx,n_a
/vacances-de-dernière-minute-en-ville,fr-FR,SearchResults.tsx,shortlist/delete
/vacances-de-dernière-minute-en-ville,fr-FR,SearchResults.tsx,search/recommended
/vacances-de-dernière-minute-en-ville,fr-FR,HolidayWithConfidence.tsx,n_a
/vacances-de-dernière-minute-en-ville,fr-FR,AlternativeBoardsPopup.tsx,n_a
/last-minute-deals,fr-FR,PersistentInfoBanner.tsx,n_a
/last-minute-deals,fr-FR,PromopageSearchPod.tsx,availability/last-available-date
/last-minute-deals,fr-FR,SearchPodFilters.tsx,n_a
/last-minute-deals,fr-FR,SearchResults.tsx,shortlist/delete
/last-minute-deals,fr-FR,SearchResults.tsx,search/recommended
/last-minute-deals,fr-FR,HolidayWithConfidence.tsx,n_a
/last-minute-deals,fr-FR,TextBlock.tsx,n_a
/last-minute-deals,fr-FR,CustomersFeedback.tsx,n_a
/last-minute-deals,fr-FR,AlternativeBoardsPopup.tsx,n_a
/offres-vacances-en-familie,fr-FR,PersistentInfoBanner.tsx,n_a
/offres-vacances-en-familie,fr-FR,PromopageSearchPod.tsx,availability/last-available-date
/offres-vacances-en-familie,fr-FR,SearchPodFilters.tsx,n_a
/offres-vacances-en-familie,fr-FR,SearchResults.tsx,shortlist/delete
/offres-vacances-en-familie,fr-FR,SearchResults.tsx,search/recommended
/offres-vacances-en-familie,fr-FR,HolidayWithConfidence.tsx,n_a
/offres-vacances-en-familie,fr-FR,TextBlock.tsx,n_a
/offres-vacances-en-familie,fr-FR,AlternativeBoardsPopup.tsx,n_a
/lune-de-miel,fr-FR,PersistentInfoBanner.tsx,n_a
/lune-de-miel,fr-FR,PromopageSearchPod.tsx,availability/last-available-date
/lune-de-miel,fr-FR,SearchPodFilters.tsx,n_a
/lune-de-miel,fr-FR,SearchResults.tsx,shortlist/delete
/lune-de-miel,fr-FR,SearchResults.tsx,search/recommended
/lune-de-miel,fr-FR,HolidayWithConfidence.tsx,n_a
/lune-de-miel,fr-FR,TextBlock.tsx,n_a
/lune-de-miel,fr-FR,CustomersFeedback.tsx,n_a
/lune-de-miel,fr-FR,AlternativeBoardsPopup.tsx,n_a
/places-enfants-gratuites,fr-FR,PersistentInfoBanner.tsx,n_a
/places-enfants-gratuites,fr-FR,PromopageSearchPod.tsx,availability/last-available-date
/places-enfants-gratuites,fr-FR,SearchPodFilters.tsx,n_a
/places-enfants-gratuites,fr-FR,SearchResults.tsx,shortlist/delete
/places-enfants-gratuites,fr-FR,SearchResults.tsx,search/recommended
/places-enfants-gratuites,fr-FR,HolidayWithConfidence.tsx,n_a
/places-enfants-gratuites,fr-FR,TextBlock.tsx,n_a
/places-enfants-gratuites,fr-FR,CustomersFeedback.tsx,n_a
/places-enfants-gratuites,fr-FR,AlternativeBoardsPopup.tsx,n_a
/jusqu'a-300-euro,fr-FR,PersistentInfoBanner.tsx,n_a
/jusqu'a-300-euro,fr-FR,PromopageSearchPod.tsx,availability/last-available-date
/jusqu'a-300-euro,fr-FR,SearchPodFilters.tsx,n_a
/jusqu'a-300-euro,fr-FR,SearchResults.tsx,shortlist/delete
/jusqu'a-300-euro,fr-FR,SearchResults.tsx,search/recommended
/jusqu'a-300-euro,fr-FR,HolidayWithConfidence.tsx,n_a
/jusqu'a-300-euro,fr-FR,TextBlock.tsx,n_a
/jusqu'a-300-euro,fr-FR,CustomersFeedback.tsx,n_a
/jusqu'a-300-euro,fr-FR,AlternativeBoardsPopup.tsx,n_a
/jusqu'a-400-euro,fr-FR,PersistentInfoBanner.tsx,n_a
/jusqu'a-400-euro,fr-FR,PromopageSearchPod.tsx,availability/last-available-date
/jusqu'a-400-euro,fr-FR,SearchPodFilters.tsx,n_a
/jusqu'a-400-euro,fr-FR,SearchResults.tsx,shortlist/delete
/jusqu'a-400-euro,fr-FR,SearchResults.tsx,search/recommended
/jusqu'a-400-euro,fr-FR,HolidayWithConfidence.tsx,n_a
/jusqu'a-400-euro,fr-FR,TextBlock.tsx,n_a
/jusqu'a-400-euro,fr-FR,CustomersFeedback.tsx,n_a
/jusqu'a-400-euro,fr-FR,AlternativeBoardsPopup.tsx,n_a
/jusqu'a-500-euro,fr-FR,PersistentInfoBanner.tsx,n_a
/jusqu'a-500-euro,fr-FR,PromopageSearchPod.tsx,availability/last-available-date
/jusqu'a-500-euro,fr-FR,SearchPodFilters.tsx,n_a
/jusqu'a-500-euro,fr-FR,SearchResults.tsx,shortlist/delete
/jusqu'a-500-euro,fr-FR,SearchResults.tsx,search/recommended
/jusqu'a-500-euro,fr-FR,HolidayWithConfidence.tsx,n_a
/jusqu'a-500-euro,fr-FR,TextBlock.tsx,n_a
/jusqu'a-500-euro,fr-FR,CustomersFeedback.tsx,n_a
/jusqu'a-500-euro,fr-FR,AlternativeBoardsPopup.tsx,n_a
/offres,fr-FR,PersistentInfoBanner.tsx,n_a
/offres,fr-FR,PromopageSearchPod.tsx,availability/last-available-date
/offres,fr-FR,SearchPodFilters.tsx,n_a
/offres,fr-FR,SearchResults.tsx,shortlist/delete
/offres,fr-FR,SearchResults.tsx,search/recommended
/offres,fr-FR,HolidayWithConfidence.tsx,n_a
/offres,fr-FR,CustomersFeedback.tsx,n_a
/offres,fr-FR,AlternativeBoardsPopup.tsx,n_a
/information/aktionsbezogene-allgemeine-geschaftsbedingungen,de-DE,PersistentInfoBanner.tsx,n_a
/information/aktionsbezogene-allgemeine-geschaftsbedingungen,de-DE,TextBlock.tsx,n_a
/information/aktionsbezogene-allgemeine-geschaftsbedingungen,de-DE,HtmlBlock.tsx,n_a
/information/aktionsbezogene-allgemeine-geschaftsbedingungen,de-DE,PersistentInfoBanner.tsx,n_a
/information/aktionsbezogene-allgemeine-geschaftsbedingungen,de-DE,TextBlock.tsx,n_a
/information/aktionsbezogene-allgemeine-geschaftsbedingungen,de-DE,HtmlBlock.tsx,n_a
/information/impressum,de-DE,PersistentInfoBanner.tsx,n_a
/information/impressum,de-DE,TextBlock.tsx,n_a
/information/impressum,de-DE,HtmlBlock.tsx,n_a
/information/pauschalreiserichtlinie,de-DE,PersistentInfoBanner.tsx,n_a
/information/pauschalreiserichtlinie,de-DE,TextBlock.tsx,n_a
/information/pauschalreiserichtlinie,de-DE,HtmlBlock.tsx,n_a
/information/preisgarantiebedingungen,de-DE,PersistentInfoBanner.tsx,n_a
/information/preisgarantiebedingungen,de-DE,TextBlock.tsx,n_a
/information/preisgarantiebedingungen,de-DE,HtmlBlock.tsx,n_a
/information/aktionsbezogene-allgemeine-geschaftsbedingungen,de-DE,PersistentInfoBanner.tsx,n_a
/information/aktionsbezogene-allgemeine-geschaftsbedingungen,de-DE,TextBlock.tsx,n_a
/information/aktionsbezogene-allgemeine-geschaftsbedingungen,de-DE,HtmlBlock.tsx,n_a
/information/aktionsbezogene-allgemeine-geschaftsbedingungen,de-DE,PersistentInfoBanner.tsx,n_a
/information/aktionsbezogene-allgemeine-geschaftsbedingungen,de-DE,TextBlock.tsx,n_a
/information/aktionsbezogene-allgemeine-geschaftsbedingungen,de-DE,HtmlBlock.tsx,n_a
/information/insolvenzschutz,de-DE,PersistentInfoBanner.tsx,n_a
/information/insolvenzschutz,de-DE,HtmlBlock.tsx,n_a
/information/insolvenzschutz,de-DE,TextBlock.tsx,n_a
/information/kundensicherheit-und-wohlbefinden,de-DE,TextBlock.tsx,n_a
/information/kundensicherheit-und-wohlbefinden,de-DE,HtmlBlock.tsx,n_a
/information/kundensicherheit-und-wohlbefinden,de-DE,PromoBlocks.tsx,availability/from
/information/kundensicherheit-und-wohlbefinden,de-DE,PromoBlocks.tsx,price
/information/kundensicherheit-und-wohlbefinden,de-DE,PromoBlocks.tsx,destinations/search
/information/kundensicherheit-und-wohlbefinden,de-DE,ProtectedBlocks.tsx,n_a
/information/kundensicherheit-und-wohlbefinden,de-DE,PersistentInfoBanner.tsx,n_a
/information/kundensicherheit-und-wohlbefinden,de-DE,GenericRecommendedHotels.tsx,search/recommended
/information/kundensicherheit-und-wohlbefinden/vor-der-reise,de-DE,PersistentInfoBanner.tsx,n_a
/information/kundensicherheit-und-wohlbefinden/vor-der-reise,de-DE,TextBlock.tsx,n_a
/information/kundensicherheit-und-wohlbefinden/vor-der-reise,de-DE,QuestionAndAnswer.tsx,help-centre/faq/save
/information/kundensicherheit-und-wohlbefinden/vor-der-reise,de-DE,HtmlBlock.tsx,n_a
/information/kundensicherheit-und-wohlbefinden/vor-der-reise,de-DE,GenericRecommendedHotels.tsx,search/recommended
/information/kundensicherheit-und-wohlbefinden/im-urlaub,de-DE,PersistentInfoBanner.tsx,n_a
/information/kundensicherheit-und-wohlbefinden/im-urlaub,de-DE,TextBlock.tsx,n_a
/information/kundensicherheit-und-wohlbefinden/im-urlaub,de-DE,QuestionAndAnswer.tsx,help-centre/faq/save
/information/kundensicherheit-und-wohlbefinden/im-urlaub,de-DE,HtmlBlock.tsx,n_a
/information/kundensicherheit-und-wohlbefinden/im-urlaub,de-DE,GenericRecommendedHotels.tsx,search/recommended
/information/kundensicherheit-und-wohlbefinden/unterwegs,de-DE,PersistentInfoBanner.tsx,n_a
/information/kundensicherheit-und-wohlbefinden/unterwegs,de-DE,TextBlock.tsx,n_a
/information/kundensicherheit-und-wohlbefinden/unterwegs,de-DE,QuestionAndAnswer.tsx,help-centre/faq/save
/information/kundensicherheit-und-wohlbefinden/unterwegs,de-DE,HtmlBlock.tsx,n_a
/information/kundensicherheit-und-wohlbefinden/unterwegs,de-DE,GenericRecommendedHotels.tsx,search/recommended
/information/kundensicherheit-und-wohlbefinden/speisen-und-getraenke,de-DE,PersistentInfoBanner.tsx,n_a
/information/kundensicherheit-und-wohlbefinden/speisen-und-getraenke,de-DE,TextBlock.tsx,n_a
/information/kundensicherheit-und-wohlbefinden/speisen-und-getraenke,de-DE,QuestionAndAnswer.tsx,help-centre/faq/save
/information/kundensicherheit-und-wohlbefinden/speisen-und-getraenke,de-DE,HtmlBlock.tsx,n_a
/information/kundensicherheit-und-wohlbefinden/speisen-und-getraenke,de-DE,GenericRecommendedHotels.tsx,search/recommended
/information/kundensicherheit-und-wohlbefinden/schwimmen-und-am-strand,de-DE,PersistentInfoBanner.tsx,n_a
/information/kundensicherheit-und-wohlbefinden/schwimmen-und-am-strand,de-DE,TextBlock.tsx,n_a
/information/kundensicherheit-und-wohlbefinden/schwimmen-und-am-strand,de-DE,QuestionAndAnswer.tsx,help-centre/faq/save
/information/kundensicherheit-und-wohlbefinden/schwimmen-und-am-strand,de-DE,HtmlBlock.tsx,n_a
/information/kundensicherheit-und-wohlbefinden/schwimmen-und-am-strand,de-DE,GenericRecommendedHotels.tsx,search/recommended
/information/kundensicherheit-und-wohlbefinden/dein-hotel,de-DE,PersistentInfoBanner.tsx,n_a
/information/kundensicherheit-und-wohlbefinden/dein-hotel,de-DE,TextBlock.tsx,n_a
/information/kundensicherheit-und-wohlbefinden/dein-hotel,de-DE,QuestionAndAnswer.tsx,help-centre/faq/save
/information/kundensicherheit-und-wohlbefinden/dein-hotel,de-DE,HtmlBlock.tsx,n_a
/information/kundensicherheit-und-wohlbefinden/dein-hotel,de-DE,GenericRecommendedHotels.tsx,search/recommended
/information/kundensicherheit-und-wohlbefinden/die-wahl-deines-urlaubs,de-DE,Breadcrumbs.tsx,n_a
/information/kundensicherheit-und-wohlbefinden/die-wahl-deines-urlaubs,de-DE,PersistentInfoBanner.tsx,n_a
/information/kundensicherheit-und-wohlbefinden/die-wahl-deines-urlaubs,de-DE,TextBlock.tsx,n_a
/information/kundensicherheit-und-wohlbefinden/die-wahl-deines-urlaubs,de-DE,HtmlBlock.tsx,n_a
/information/kundensicherheit-und-wohlbefinden/die-wahl-deines-urlaubs,de-DE,QuestionAndAnswer.tsx,help-centre/faq/save
/information/kundensicherheit-und-wohlbefinden/die-wahl-deines-urlaubs,de-DE,GenericRecommendedHotels.tsx,search/recommended
/information/kundensicherheit-und-wohlbefinden/am-flughafen,de-DE,PersistentInfoBanner.tsx,n_a
/information/kundensicherheit-und-wohlbefinden/am-flughafen,de-DE,TextBlock.tsx,n_a
/information/kundensicherheit-und-wohlbefinden/am-flughafen,de-DE,HtmlBlock.tsx,n_a
/information/kundensicherheit-und-wohlbefinden/am-flughafen,de-DE,QuestionAndAnswer.tsx,help-centre/faq/save
/information/kundensicherheit-und-wohlbefinden/am-flughafen,de-DE,GenericRecommendedHotels.tsx,search/recommended
/information/kundensicherheit-und-wohlbefinden/wichtige-informationen,de-DE,Breadcrumbs.tsx,n_a
/information/kundensicherheit-und-wohlbefinden/wichtige-informationen,de-DE,PersistentInfoBanner.tsx,n_a
/information/kundensicherheit-und-wohlbefinden/wichtige-informationen,de-DE,TextBlock.tsx,n_a
/information/kundensicherheit-und-wohlbefinden/wichtige-informationen,de-DE,QuestionAndAnswer.tsx,help-centre/faq/save
/information/kundensicherheit-und-wohlbefinden/wichtige-informationen,de-DE,HtmlBlock.tsx,n_a
/information/kundensicherheit-und-wohlbefinden/wichtige-informationen,de-DE,GenericRecommendedHotels.tsx,search/recommended
/information/customer-safety-and-wellbeing-addendum,de-DE,PersistentInfoBanner.tsx,n_a
/information/customer-safety-and-wellbeing-addendum,de-DE,TextBlock.tsx,n_a
/information/customer-safety-and-wellbeing-addendum,de-DE,HtmlBlock.tsx,n_a
/information/urlaubs-checklist,de-DE,TextBlock.tsx,n_a
/information/urlaubs-checklist,de-DE,FullWidthBanner.tsx,n_a
/information/urlaubs-checklist,de-DE,OurPolicies.tsx,n_a
/information/urlaubs-checklist,de-DE,ConfidenceModuleTransformer.tsx,n_a
/information/urlaubs-checklist,de-DE,HelpLinks.tsx,n_a
/information/urlaubs-checklist,de-DE,PersistentInfoBanner.tsx,n_a
/information/warum-bei-uns-buchen,de-DE,TextBlock.tsx,n_a
/information/warum-bei-uns-buchen,de-DE,PartnershipsAndCertificates.tsx,n_a
/information/warum-bei-uns-buchen,de-DE,PromoBlocks.tsx,availability/from
/information/warum-bei-uns-buchen,de-DE,PromoBlocks.tsx,price
/information/warum-bei-uns-buchen,de-DE,PromoBlocks.tsx,destinations/search
/information/warum-bei-uns-buchen,de-DE,SearchPod.tsx,destinations/search
/information/warum-bei-uns-buchen,de-DE,SearchPod.tsx,tracking/user-search
/information/warum-bei-uns-buchen,de-DE,AnimationTiles.tsx,n_a
/information/warum-bei-uns-buchen,de-DE,FullWidthBanner.tsx,n_a
/information/return-transfers,de-DE,PersistentInfoBanner.tsx,n_a
/information/return-transfers,de-DE,TextBlock.tsx,n_a
/information/return-transfers,de-DE,QuestionAndAnswer.tsx,help-centre/faq/save
/information/buchungsbedingungen,de-DE,PersistentInfoBanner.tsx,n_a
/information/buchungsbedingungen,de-DE,HtmlBlock.tsx,n_a
/information/buchungsbedingungen,de-DE,TextBlock.tsx,n_a
/information/credit-terms,de-DE,PersistentInfoBanner.tsx,n_a
/information/credit-terms,de-DE,HtmlBlock.tsx,n_a
/information/credit-terms,de-DE,TextBlock.tsx,n_a
/information/terms-of-use,de-DE,PersistentInfoBanner.tsx,n_a
/information/terms-of-use,de-DE,HtmlBlock.tsx,n_a
/information/terms-of-use,de-DE,TextBlock.tsx,n_a
/information/terms-of-use,de-DE,QuestionAndAnswer.tsx,help-centre/faq/save
/information/travel-information,de-DE,SearchPod.tsx,destinations/search
/information/travel-information,de-DE,SearchPod.tsx,tracking/user-search
/information/travel-information,de-DE,HelpLinks.tsx,n_a
/information/travel-information,de-DE,TextBlock.tsx,n_a
/information/travel-information,de-DE,CollapsibleLinksModule.tsx,n_a
/information/travel-information,de-DE,QuestionAndAnswer.tsx,help-centre/faq/save
/information/travel-information,de-DE,ConfidenceModuleTransformer.tsx,n_a
/information/travel-information,de-DE,TravelInsurance.tsx,n_a
/information/travel-information,de-DE,Chatbot.tsx,n_a
/information/travel-information,de-DE,HtmlBlock.tsx,n_a
/information/travel-information,de-DE,PersistentInfoBanner.tsx,n_a
/information/cookie-policy,de-DE,PersistentInfoBanner.tsx,n_a
/information/cookie-policy,de-DE,HtmlBlock.tsx,n_a
/information/cookie-policy,de-DE,TextBlock.tsx,n_a
/information/cookie-policy,de-DE,ManageCookiesPreferences.tsx,n_a
/information/datenschutzerklärung,de-DE,PersistentInfoBanner.tsx,n_a
/information/datenschutzerklärung,de-DE,HtmlBlock.tsx,n_a
/information/datenschutzerklärung,de-DE,TextBlock.tsx,n_a
/eco-certified-holidays,de-DE,PersistentInfoBanner.tsx,n_a
/eco-certified-holidays,de-DE,PromopageSearchPod.tsx,availability/last-available-date
/eco-certified-holidays,de-DE,SearchPodFilters.tsx,n_a
/eco-certified-holidays,de-DE,SearchResults.tsx,shortlist/delete
/eco-certified-holidays,de-DE,SearchResults.tsx,search/recommended
/eco-certified-holidays,de-DE,HolidayWithConfidence.tsx,n_a
/eco-certified-holidays,de-DE,CustomersFeedback.tsx,n_a
/eco-certified-holidays,de-DE,AlternativeBoardsPopup.tsx,n_a
/winterurlaub,de-DE,PersistentInfoBanner.tsx,n_a
/winterurlaub,de-DE,PromopageSearchPod.tsx,availability/last-available-date
/winterurlaub,de-DE,SearchPodFilters.tsx,n_a
/winterurlaub,de-DE,SearchResults.tsx,shortlist/delete
/winterurlaub,de-DE,SearchResults.tsx,search/recommended
/winterurlaub,de-DE,HolidayWithConfidence.tsx,n_a
/winterurlaub,de-DE,TextBlock.tsx,n_a
/winterurlaub,de-DE,CustomersFeedback.tsx,n_a
/winterurlaub,de-DE,AlternativeBoardsPopup.tsx,n_a
/fruehlingsurlaub,de-DE,PersistentInfoBanner.tsx,n_a
/fruehlingsurlaub,de-DE,PromopageSearchPod.tsx,availability/last-available-date
/fruehlingsurlaub,de-DE,SearchPodFilters.tsx,n_a
/fruehlingsurlaub,de-DE,SearchResults.tsx,shortlist/delete
/fruehlingsurlaub,de-DE,SearchResults.tsx,search/recommended
/fruehlingsurlaub,de-DE,HolidayWithConfidence.tsx,n_a
/fruehlingsurlaub,de-DE,TextBlock.tsx,n_a
/fruehlingsurlaub,de-DE,AlternativeBoardsPopup.tsx,n_a
/ermaessigte-urlaubsangebote,de-DE,PersistentInfoBanner.tsx,n_a
/ermaessigte-urlaubsangebote,de-DE,PromopageSearchPod.tsx,availability/last-available-date
/ermaessigte-urlaubsangebote,de-DE,SearchPodFilters.tsx,n_a
/ermaessigte-urlaubsangebote,de-DE,SearchResults.tsx,shortlist/delete
/ermaessigte-urlaubsangebote,de-DE,SearchResults.tsx,search/recommended
/ermaessigte-urlaubsangebote,de-DE,HolidayWithConfidence.tsx,n_a
/ermaessigte-urlaubsangebote,de-DE,CustomersFeedback.tsx,n_a
/ermaessigte-urlaubsangebote,de-DE,AlternativeBoardsPopup.tsx,n_a
/sommerurlaub,de-DE,PersistentInfoBanner.tsx,n_a
/sommerurlaub,de-DE,PromopageSearchPod.tsx,availability/last-available-date
/sommerurlaub,de-DE,SearchPodFilters.tsx,n_a
/sommerurlaub,de-DE,SearchResults.tsx,shortlist/delete
/sommerurlaub,de-DE,SearchResults.tsx,search/recommended
/sommerurlaub,de-DE,HolidayWithConfidence.tsx,n_a
/sommerurlaub,de-DE,TextBlock.tsx,n_a
/sommerurlaub,de-DE,AlternativeBoardsPopup.tsx,n_a
/herbsturlaub,de-DE,PersistentInfoBanner.tsx,n_a
/herbsturlaub,de-DE,PromopageSearchPod.tsx,availability/last-available-date
/herbsturlaub,de-DE,SearchPodFilters.tsx,n_a
/herbsturlaub,de-DE,SearchResults.tsx,shortlist/delete
/herbsturlaub,de-DE,SearchResults.tsx,search/recommended
/herbsturlaub,de-DE,HolidayWithConfidence.tsx,n_a
/herbsturlaub,de-DE,TextBlock.tsx,n_a
/herbsturlaub,de-DE,CustomersFeedback.tsx,n_a
/herbsturlaub,de-DE,AlternativeBoardsPopup.tsx,n_a
/urlaub-ab-berlin,de-DE,PersistentInfoBanner.tsx,n_a
/urlaub-ab-berlin,de-DE,PromopageSearchPod.tsx,availability/last-available-date
/urlaub-ab-berlin,de-DE,SearchPodFilters.tsx,n_a
/urlaub-ab-berlin,de-DE,SearchResults.tsx,shortlist/delete
/urlaub-ab-berlin,de-DE,SearchResults.tsx,search/recommended
/urlaub-ab-berlin,de-DE,HolidayWithConfidence.tsx,n_a
/urlaub-ab-berlin,de-DE,AlternativeBoardsPopup.tsx,n_a
/urlaub-ab-hamburg,de-DE,PersistentInfoBanner.tsx,n_a
/urlaub-ab-hamburg,de-DE,PromopageSearchPod.tsx,availability/last-available-date
/urlaub-ab-hamburg,de-DE,SearchPodFilters.tsx,n_a
/urlaub-ab-hamburg,de-DE,SearchResults.tsx,shortlist/delete
/urlaub-ab-hamburg,de-DE,SearchResults.tsx,search/recommended
/urlaub-ab-hamburg,de-DE,HolidayWithConfidence.tsx,n_a
/urlaub-ab-hamburg,de-DE,CustomersFeedback.tsx,n_a
/urlaub-ab-hamburg,de-DE,AlternativeBoardsPopup.tsx,n_a
/urlaub-ab-muenchen,de-DE,PersistentInfoBanner.tsx,n_a
/urlaub-ab-muenchen,de-DE,PromopageSearchPod.tsx,availability/last-available-date
/urlaub-ab-muenchen,de-DE,SearchPodFilters.tsx,n_a
/urlaub-ab-muenchen,de-DE,SearchResults.tsx,shortlist/delete
/urlaub-ab-muenchen,de-DE,SearchResults.tsx,search/recommended
/urlaub-ab-muenchen,de-DE,HolidayWithConfidence.tsx,n_a
/urlaub-ab-muenchen,de-DE,CustomersFeedback.tsx,n_a
/urlaub-ab-muenchen,de-DE,AlternativeBoardsPopup.tsx,n_a
/all-inclusive-angebote,de-DE,PersistentInfoBanner.tsx,n_a
/all-inclusive-angebote,de-DE,PromopageSearchPod.tsx,availability/last-available-date
/all-inclusive-angebote,de-DE,SearchPodFilters.tsx,n_a
/all-inclusive-angebote,de-DE,SearchResults.tsx,shortlist/delete
/all-inclusive-angebote,de-DE,SearchResults.tsx,search/recommended
/all-inclusive-angebote,de-DE,HolidayWithConfidence.tsx,n_a
/all-inclusive-angebote,de-DE,AlternativeBoardsPopup.tsx,n_a
/strandurlaub-angebote,de-DE,PersistentInfoBanner.tsx,n_a
/strandurlaub-angebote,de-DE,PromopageSearchPod.tsx,availability/last-available-date
/strandurlaub-angebote,de-DE,SearchPodFilters.tsx,n_a
/strandurlaub-angebote,de-DE,SearchResults.tsx,shortlist/delete
/strandurlaub-angebote,de-DE,SearchResults.tsx,search/recommended
/strandurlaub-angebote,de-DE,HolidayWithConfidence.tsx,n_a
/strandurlaub-angebote,de-DE,AlternativeBoardsPopup.tsx,n_a
/angebote-für-städtereisen,de-DE,PersistentInfoBanner.tsx,n_a
/angebote-für-städtereisen,de-DE,PromopageSearchPod.tsx,availability/last-available-date
/angebote-für-städtereisen,de-DE,SearchPodFilters.tsx,n_a
/angebote-für-städtereisen,de-DE,SearchResults.tsx,shortlist/delete
/angebote-für-städtereisen,de-DE,SearchResults.tsx,search/recommended
/angebote-für-städtereisen,de-DE,HolidayWithConfidence.tsx,n_a
/angebote-für-städtereisen,de-DE,TextBlock.tsx,n_a
/angebote-für-städtereisen,de-DE,CustomersFeedback.tsx,n_a
/angebote-für-städtereisen,de-DE,AlternativeBoardsPopup.tsx,n_a
/last-minute-strandurlaub,de-DE,PersistentInfoBanner.tsx,n_a
/last-minute-strandurlaub,de-DE,PromopageSearchPod.tsx,availability/last-available-date
/last-minute-strandurlaub,de-DE,SearchPodFilters.tsx,n_a
/last-minute-strandurlaub,de-DE,SearchResults.tsx,shortlist/delete
/last-minute-strandurlaub,de-DE,SearchResults.tsx,search/recommended
/last-minute-strandurlaub,de-DE,HolidayWithConfidence.tsx,n_a
/last-minute-strandurlaub,de-DE,AlternativeBoardsPopup.tsx,n_a
/last-minute-staedtereisen,de-DE,PersistentInfoBanner.tsx,n_a
/last-minute-staedtereisen,de-DE,PromopageSearchPod.tsx,availability/last-available-date
/last-minute-staedtereisen,de-DE,SearchPodFilters.tsx,n_a
/last-minute-staedtereisen,de-DE,SearchResults.tsx,shortlist/delete
/last-minute-staedtereisen,de-DE,SearchResults.tsx,search/recommended
/last-minute-staedtereisen,de-DE,HolidayWithConfidence.tsx,n_a
/last-minute-staedtereisen,de-DE,AlternativeBoardsPopup.tsx,n_a
/last-minute-angebote,de-DE,PersistentInfoBanner.tsx,n_a
/last-minute-angebote,de-DE,PromopageSearchPod.tsx,availability/last-available-date
/last-minute-angebote,de-DE,SearchPodFilters.tsx,n_a
/last-minute-angebote,de-DE,SearchResults.tsx,shortlist/delete
/last-minute-angebote,de-DE,SearchResults.tsx,search/recommended
/last-minute-angebote,de-DE,HolidayWithConfidence.tsx,n_a
/last-minute-angebote,de-DE,TextBlock.tsx,n_a
/last-minute-angebote,de-DE,CustomersFeedback.tsx,n_a
/last-minute-angebote,de-DE,AlternativeBoardsPopup.tsx,n_a
/familienurlaube-angebote,de-DE,PersistentInfoBanner.tsx,n_a
/familienurlaube-angebote,de-DE,PromopageSearchPod.tsx,availability/last-available-date
/familienurlaube-angebote,de-DE,SearchPodFilters.tsx,n_a
/familienurlaube-angebote,de-DE,SearchResults.tsx,shortlist/delete
/familienurlaube-angebote,de-DE,SearchResults.tsx,search/recommended
/familienurlaube-angebote,de-DE,HolidayWithConfidence.tsx,n_a
/familienurlaube-angebote,de-DE,TextBlock.tsx,n_a
/familienurlaube-angebote,de-DE,AlternativeBoardsPopup.tsx,n_a
/flitterwochen-angebote,de-DE,PersistentInfoBanner.tsx,n_a
/flitterwochen-angebote,de-DE,PromopageSearchPod.tsx,availability/last-available-date
/flitterwochen-angebote,de-DE,SearchPodFilters.tsx,n_a
/flitterwochen-angebote,de-DE,SearchResults.tsx,shortlist/delete
/flitterwochen-angebote,de-DE,SearchResults.tsx,search/recommended
/flitterwochen-angebote,de-DE,HolidayWithConfidence.tsx,n_a
/flitterwochen-angebote,de-DE,TextBlock.tsx,n_a
/flitterwochen-angebote,de-DE,CustomersFeedback.tsx,n_a
/flitterwochen-angebote,de-DE,AlternativeBoardsPopup.tsx,n_a
/freie-plaetze-fuer-kinder,de-DE,PersistentInfoBanner.tsx,n_a
/freie-plaetze-fuer-kinder,de-DE,PromopageSearchPod.tsx,availability/last-available-date
/freie-plaetze-fuer-kinder,de-DE,SearchPodFilters.tsx,n_a
/freie-plaetze-fuer-kinder,de-DE,SearchResults.tsx,shortlist/delete
/freie-plaetze-fuer-kinder,de-DE,SearchResults.tsx,search/recommended
/freie-plaetze-fuer-kinder,de-DE,HolidayWithConfidence.tsx,n_a
/freie-plaetze-fuer-kinder,de-DE,TextBlock.tsx,n_a
/freie-plaetze-fuer-kinder,de-DE,CustomersFeedback.tsx,n_a
/freie-plaetze-fuer-kinder,de-DE,AlternativeBoardsPopup.tsx,n_a
/urlaub-bis-300-euro,de-DE,PersistentInfoBanner.tsx,n_a
/urlaub-bis-300-euro,de-DE,PromopageSearchPod.tsx,availability/last-available-date
/urlaub-bis-300-euro,de-DE,SearchPodFilters.tsx,n_a
/urlaub-bis-300-euro,de-DE,SearchResults.tsx,shortlist/delete
/urlaub-bis-300-euro,de-DE,SearchResults.tsx,search/recommended
/urlaub-bis-300-euro,de-DE,HolidayWithConfidence.tsx,n_a
/urlaub-bis-300-euro,de-DE,TextBlock.tsx,n_a
/urlaub-bis-300-euro,de-DE,CustomersFeedback.tsx,n_a
/urlaub-bis-300-euro,de-DE,AlternativeBoardsPopup.tsx,n_a
/urlaub-bis-400-euro,de-DE,PersistentInfoBanner.tsx,n_a
/urlaub-bis-400-euro,de-DE,PromopageSearchPod.tsx,availability/last-available-date
/urlaub-bis-400-euro,de-DE,SearchPodFilters.tsx,n_a
/urlaub-bis-400-euro,de-DE,SearchResults.tsx,shortlist/delete
/urlaub-bis-400-euro,de-DE,SearchResults.tsx,search/recommended
/urlaub-bis-400-euro,de-DE,HolidayWithConfidence.tsx,n_a
/urlaub-bis-400-euro,de-DE,TextBlock.tsx,n_a
/urlaub-bis-400-euro,de-DE,CustomersFeedback.tsx,n_a
/urlaub-bis-400-euro,de-DE,AlternativeBoardsPopup.tsx,n_a
/urlaub-bis-500-euro,de-DE,PersistentInfoBanner.tsx,n_a
/urlaub-bis-500-euro,de-DE,PromopageSearchPod.tsx,availability/last-available-date
/urlaub-bis-500-euro,de-DE,SearchPodFilters.tsx,n_a
/urlaub-bis-500-euro,de-DE,SearchResults.tsx,shortlist/delete
/urlaub-bis-500-euro,de-DE,SearchResults.tsx,search/recommended
/urlaub-bis-500-euro,de-DE,HolidayWithConfidence.tsx,n_a
/urlaub-bis-500-euro,de-DE,TextBlock.tsx,n_a
/urlaub-bis-500-euro,de-DE,CustomersFeedback.tsx,n_a
/urlaub-bis-500-euro,de-DE,AlternativeBoardsPopup.tsx,n_a
/angebote,de-DE,PersistentInfoBanner.tsx,n_a
/angebote,de-DE,PromopageSearchPod.tsx,availability/last-available-date
/angebote,de-DE,SearchPodFilters.tsx,n_a
/angebote,de-DE,SearchResults.tsx,shortlist/delete
/angebote,de-DE,SearchResults.tsx,search/recommended
/angebote,de-DE,HolidayWithConfidence.tsx,n_a
/angebote,de-DE,CustomersFeedback.tsx,n_a
/angebote,de-DE,AlternativeBoardsPopup.tsx,n_a
/shortlists,en,PersistentInfoBanner.tsx,n_a
/shortlists,en,Shortlists.tsx,shortlist/delete
/shortlists,en,Shortlists.tsx,price
/shortlists,en,Shortlists.tsx,destinations/search
/shortlists,en,GenericRecommendedHotels.tsx,search/recommended
/shortlists,en,MerchandisingAlertBanner.tsx,n_a
/shortlists,fr-CH,PersistentInfoBanner.tsx,n_a
/shortlists,fr-CH,Shortlists.tsx,shortlist/delete
/shortlists,fr-CH,Shortlists.tsx,price
/shortlists,fr-CH,Shortlists.tsx,destinations/search
/shortlists,fr-CH,GenericRecommendedHotels.tsx,search/recommended
/shortlists,de-CH,PersistentInfoBanner.tsx,n_a
/shortlists,de-CH,Shortlists.tsx,shortlist/delete
/shortlists,de-CH,Shortlists.tsx,price
/shortlists,de-CH,Shortlists.tsx,destinations/search
/shortlists,de-CH,GenericRecommendedHotels.tsx,search/recommended
/shortlists,fr-FR,PersistentInfoBanner.tsx,n_a
/shortlists,fr-FR,Shortlists.tsx,shortlist/delete
/shortlists,fr-FR,Shortlists.tsx,price
/shortlists,fr-FR,Shortlists.tsx,destinations/search
/shortlists,fr-FR,GenericRecommendedHotels.tsx,search/recommended
/shortlists,de-DE,PersistentInfoBanner.tsx,n_a
/shortlists,de-DE,Shortlists.tsx,shortlist/delete
/shortlists,de-DE,Shortlists.tsx,price
/shortlists,de-DE,Shortlists.tsx,destinations/search
/shortlists,de-DE,GenericRecommendedHotels.tsx,search/recommended
/shortlists-no-results,en,PersistentInfoBanner.tsx,n_a
/shortlists-no-results,en,SearchPod.tsx,destinations/search
/shortlists-no-results,en,SearchPod.tsx,tracking/user-search
/shortlists-no-results,en,ShortlistsNoResults.tsx,shortlist
/shortlists-no-results,en,PromoBlocks.tsx,availability/from
/shortlists-no-results,en,PromoBlocks.tsx,price
/shortlists-no-results,en,PromoBlocks.tsx,destinations/search
/shortlists-no-results,en,MerchandisingAlertBanner.tsx,n_a
/shortlists-no-results,fr-CH,PersistentInfoBanner.tsx,n_a
/shortlists-no-results,fr-CH,SearchPod.tsx,destinations/search
/shortlists-no-results,fr-CH,SearchPod.tsx,tracking/user-search
/shortlists-no-results,fr-CH,ShortlistsNoResults.tsx,shortlist
/shortlists-no-results,fr-CH,PromoBlocks.tsx,availability/from
/shortlists-no-results,fr-CH,PromoBlocks.tsx,price
/shortlists-no-results,fr-CH,PromoBlocks.tsx,destinations/search
/shortlists-no-results,de-CH,PersistentInfoBanner.tsx,n_a
/shortlists-no-results,de-CH,SearchPod.tsx,destinations/search
/shortlists-no-results,de-CH,SearchPod.tsx,tracking/user-search
/shortlists-no-results,de-CH,ShortlistsNoResults.tsx,shortlist
/shortlists-no-results,de-CH,PromoBlocks.tsx,availability/from
/shortlists-no-results,de-CH,PromoBlocks.tsx,price
/shortlists-no-results,de-CH,PromoBlocks.tsx,destinations/search
/shortlists-no-results,fr-FR,PersistentInfoBanner.tsx,n_a
/shortlists-no-results,fr-FR,SearchPod.tsx,destinations/search
/shortlists-no-results,fr-FR,SearchPod.tsx,tracking/user-search
/shortlists-no-results,fr-FR,ShortlistsNoResults.tsx,shortlist
/shortlists-no-results,fr-FR,PromoBlocks.tsx,availability/from
/shortlists-no-results,fr-FR,PromoBlocks.tsx,price
/shortlists-no-results,fr-FR,PromoBlocks.tsx,destinations/search
/shortlists-no-results,de-DE,PersistentInfoBanner.tsx,n_a
/shortlists-no-results,de-DE,SearchPod.tsx,destinations/search
/shortlists-no-results,de-DE,SearchPod.tsx,tracking/user-search
/shortlists-no-results,de-DE,ShortlistsNoResults.tsx,shortlist
/shortlists-no-results,de-DE,PromoBlocks.tsx,availability/from
/shortlists-no-results,de-DE,PromoBlocks.tsx,price
/shortlists-no-results,de-DE,PromoBlocks.tsx,destinations/search
/sitemap,en,PersistentInfoBanner.tsx,n_a
/sitemap,en,TextBlock.tsx,n_a
/sitemap,en,SitemapBlock.tsx,n_a
/sitemap,fr-CH,PersistentInfoBanner.tsx,n_a
/sitemap,fr-CH,TextBlock.tsx,n_a
/sitemap,fr-CH,SitemapBlock.tsx,n_a
/sitemap,de-CH,PersistentInfoBanner.tsx,n_a
/sitemap,de-CH,TextBlock.tsx,n_a
/sitemap,de-CH,SitemapBlock.tsx,n_a
/sitemap,fr-FR,PersistentInfoBanner.tsx,n_a
/sitemap,fr-FR,TextBlock.tsx,n_a
/sitemap,fr-FR,SitemapBlock.tsx,n_a
/sitemap,de-DE,PersistentInfoBanner.tsx,n_a
/sitemap,de-DE,TextBlock.tsx,n_a
/sitemap,de-DE,SitemapBlock.tsx,n_a
/sustainability,en,Tabs.tsx,n_a
/sustainability,en,TextBlock.tsx,n_a
/sustainability,en,AnimationTiles.tsx,n_a
/sustainability,en,MediaVideo.tsx,n_a
/sustainability,en,QuestionAndAnswer.tsx,help-centre/faq/save
/sustainability,en,LogoCarousel.tsx,n_a
/sustainability,en,SlicedBanner.tsx,n_a
/sustainability,en,OurWorkCarousel.tsx,n_a
/sustainability,en,GridBanners.tsx,n_a
/sustainability/creating-framework,en,BannerWithBreadcrumbs.tsx,n_a
/sustainability/creating-framework,en,TextBlock.tsx,n_a
/sustainability/tackle-food-waste,en,BannerWithBreadcrumbs.tsx,n_a
/sustainability/tackle-food-waste,en,TextBlock.tsx,n_a
/sustainability/gstc-training,en,BannerWithBreadcrumbs.tsx,n_a
/sustainability/gstc-training,en,TextBlock.tsx,n_a
/sustainability/making-transfers-electric,en,BannerWithBreadcrumbs.tsx,n_a
/sustainability/making-transfers-electric,en,TextBlock.tsx,n_a
/sustainability/alternative-destinations,en,BannerWithBreadcrumbs.tsx,n_a
/sustainability/alternative-destinations,en,TextBlock.tsx,n_a
/mixedresultlist,en,MerchandisingAlertBanner.tsx,n_a
/mixedresultlist,en,SearchPodFilters.tsx,n_a
/mixedresultlist,en,SearchResults.tsx,shortlist/delete
/mixedresultlist,en,SearchResults.tsx,search/recommended
/mixedresultlist,en,PromoBlocks.tsx,availability/from
/mixedresultlist,en,PromoBlocks.tsx,price
/mixedresultlist,en,PromoBlocks.tsx,destinations/search
/mixedresultlist,en,HolidayWithConfidence.tsx,n_a
/mixedresultlist,en,HtmlBlock.tsx,n_a
/mixedresultlist,en,SearchPod.tsx,destinations/search
/mixedresultlist,en,SearchPod.tsx,tracking/user-search
/mixedresultlist,en,AlternativeBoardsPopup.tsx,n_a
/mixedresultlist,en,PopUnder.tsx,destinations/${locationCode}/image
/mixedresultlist,fr-CH,MerchandisingAlertBanner.tsx,n_a
/mixedresultlist,fr-CH,SearchPodFilters.tsx,n_a
/mixedresultlist,fr-CH,SearchResults.tsx,shortlist/delete
/mixedresultlist,fr-CH,SearchResults.tsx,search/recommended
/mixedresultlist,fr-CH,HolidayWithConfidence.tsx,n_a
/mixedresultlist,fr-CH,HtmlBlock.tsx,n_a
/mixedresultlist,fr-CH,SearchPod.tsx,destinations/search
/mixedresultlist,fr-CH,SearchPod.tsx,tracking/user-search
/mixedresultlist,fr-CH,AlternativeBoardsPopup.tsx,n_a
/mixedresultlist,fr-CH,PopUnder.tsx,destinations/${locationCode}/image
/mixedresultlist,de-CH,MerchandisingAlertBanner.tsx,n_a
/mixedresultlist,de-CH,SearchPodFilters.tsx,n_a
/mixedresultlist,de-CH,SearchResults.tsx,shortlist/delete
/mixedresultlist,de-CH,SearchResults.tsx,search/recommended
/mixedresultlist,de-CH,HolidayWithConfidence.tsx,n_a
/mixedresultlist,de-CH,HtmlBlock.tsx,n_a
/mixedresultlist,de-CH,SearchPod.tsx,destinations/search
/mixedresultlist,de-CH,SearchPod.tsx,tracking/user-search
/mixedresultlist,de-CH,AlternativeBoardsPopup.tsx,n_a
/mixedresultlist,de-CH,PopUnder.tsx,destinations/${locationCode}/image
/mixedresultlist,fr-FR,MerchandisingAlertBanner.tsx,n_a
/mixedresultlist,fr-FR,SearchPodFilters.tsx,n_a
/mixedresultlist,fr-FR,SearchResults.tsx,shortlist/delete
/mixedresultlist,fr-FR,SearchResults.tsx,search/recommended
/mixedresultlist,fr-FR,HolidayWithConfidence.tsx,n_a
/mixedresultlist,fr-FR,HtmlBlock.tsx,n_a
/mixedresultlist,fr-FR,SearchPod.tsx,destinations/search
/mixedresultlist,fr-FR,SearchPod.tsx,tracking/user-search
/mixedresultlist,fr-FR,AlternativeBoardsPopup.tsx,n_a
/mixedresultlist,fr-FR,PopUnder.tsx,destinations/${locationCode}/image
/mixedresultlist,de-DE,MerchandisingAlertBanner.tsx,n_a
/mixedresultlist,de-DE,SearchPodFilters.tsx,n_a
/mixedresultlist,de-DE,SearchResults.tsx,shortlist/delete
/mixedresultlist,de-DE,SearchResults.tsx,search/recommended
/mixedresultlist,de-DE,HolidayWithConfidence.tsx,n_a
/mixedresultlist,de-DE,HtmlBlock.tsx,n_a
/mixedresultlist,de-DE,SearchPod.tsx,destinations/search
/mixedresultlist,de-DE,SearchPod.tsx,tracking/user-search
/mixedresultlist,de-DE,AlternativeBoardsPopup.tsx,n_a
/mixedresultlist,de-DE,PopUnder.tsx,destinations/${locationCode}/image
/booking,en,Basket.tsx,n_a
/booking,en,Breadcrumbs.tsx,n_a
/booking,en,PlainText.tsx,n_a
/booking,en,Luggage.tsx,n_a
/booking,en,CabinBags.tsx,n_a
/booking,en,HoldLuggage.tsx,n_a
/booking,en,HoldLuggagePopup.tsx,booking/validate-package
/booking,en,BoardTypes.tsx,n_a
/booking,en,RoomTypes.tsx,n_a
/booking,en,LateCheckoutComponent.tsx,booking/validate-package
/booking,en,LateCheckoutComponent.tsx,search/flight-extras
/booking,en,LateCheckoutComponent.tsx,search/extras
/booking,en,SpecialRequests.tsx,amend/amend-ssr
/booking,en,SeatMap.tsx,n_a
/booking,en,SeatsAndBags.tsx,seats
/booking,en,ExperimentWrapper.tsx,n_a
/booking,en,FullWidthBanner.tsx,n_a
/booking,en,PromocodeInput.tsx,booking/validate-package
/booking,en,PromocodeInput.tsx,voucher/validate
/booking,en,RedeemVoucher.tsx,voucher/validate
/booking,en,RedeemVoucher.tsx,voucher/redeem
/booking,en,CreateAccountPopup.tsx,voucher/validate
/booking,en,CabinBagsValidationPopup.tsx,n_a
/booking,en,SeatsNotAvailablePopup.tsx,booking/validate-package
/booking,en,SeatsNotAvailablePopup.tsx,seats
/booking,en,BookingTransitionScreen.tsx,n_a
/booking,en,FeefoWidget.tsx,n_a
/booking/amend-payment,en,AmendPaymentHeader.tsx,n_a
/booking/amend-payment,en,AmendPayment.tsx,n_a
/booking/amend-payment,en,SeatsAndBags.tsx,seats
/booking/amend-payment,en,ProductUnavailablePopup.tsx,n_a
/booking/amend-payment,en,PriceJumpPopup.tsx,n_a
/booking/amend-payment,en,SeatsNotAvailablePopup.tsx,booking/validate-package
/booking/amend-payment,en,SeatsNotAvailablePopup.tsx,seats
/booking/change-dates,en,AttentionMessage.tsx,n_a
/booking/change-dates/summary,en,AmendDatesSummary.tsx,amend/amend-dates/validate
/booking/change-dates/summary,en,AttentionMessage.tsx,n_a
/booking/change-dates/summary,en,SeatsAndBags.tsx,seats
/booking/change-dates/summary,en,AmendNoTransfersPopup.tsx,n_a
/booking/change-dates/summary,en,PriceJumpPopup.tsx,n_a
/booking/change-dates/summary,en,AttentionPopup.tsx,n_a
/booking/change-flight,en,AmendBookingHeroBanner.tsx,n_a
/booking/change-flight,en,HtmlBlock.tsx,n_a
/booking/change-flight,en,AmendFlights.tsx,amend/alternative-flights
/booking/change-flight,en,PriceJumpPopup.tsx,n_a
/booking/change-flight,en,ProductUnavailablePopup.tsx,n_a
/booking/change-room-and-board,en,AttentionMessage.tsx,n_a
/booking/change-room-and-board,en,BoardTypes.tsx,n_a
/booking/change-room-and-board,en,ProductUnavailablePopup.tsx,n_a
/booking/change-transfer,en,AmendBookingHeroBanner.tsx,n_a
/booking/change-transfer,en,AmendTransfers.tsx,amend/alternative-transfers/price
/booking/change-transfer,en,PriceJumpPopup.tsx,n_a
/booking/confirm-holiday-credit,en,CreditConfirm.tsx,booking/credit
/booking/guest-details,en,Basket.tsx,n_a
/booking/guest-details,en,Breadcrumbs.tsx,n_a
/booking/guest-details,en,GuestDetails.tsx,n_a
/booking/guest-details,en,CabinBagsValidationPopup.tsx,n_a
/booking/guest-details,en,SeatsNotAvailablePopup.tsx,booking/validate-package
/booking/guest-details,en,SeatsNotAvailablePopup.tsx,seats
/booking/guest-details,en,BookingTransitionScreen.tsx,n_a
/booking/guest-details,en,FeefoWidget.tsx,n_a
/booking/holiday-credit,en,HolidayCredit.tsx,booking
/booking/holiday-credit,en,TextBlock.tsx,n_a
/booking/holiday-credit,en,PromotionalCarouselBlocks.tsx,n_a
/booking/holiday-credit,en,QuestionAndAnswer.tsx,help-centre/faq/save
/booking/my_bookings,en,ViewBookings.tsx,n_a
/booking/my_bookings,en,ExternalExtrasBanner.tsx,n_a
/booking/my_bookings/pre-travel,en,BookingContextProvider.tsx,n_a
/booking/my_bookings/pre-travel,en,BookingDownloadBanner.tsx,n_a
/booking/my_bookings/pre-travel,en,BookingHeroBanner.tsx,destinations/${locationCode}/image
/booking/my_bookings/pre-travel,en,BreadcrumbsStatic.tsx,n_a
/booking/my_bookings/pre-travel,en,CrisisBanner.tsx,n_a
/booking/my_bookings/pre-travel,en,MasonryWrapper.tsx,n_a
/booking/my_bookings/pre-travel,en,MasonryWrapperItem.tsx,n_a
/booking/my_bookings/pre-travel,en,HotelSummary.tsx,n_a
/booking/my_bookings/pre-travel,en,ContactUsBanner.tsx,n_a
/booking/my_bookings/pre-travel,en,ItinerarySummary.tsx,n_a
/booking/my_bookings/pre-travel,en,TravelChecklist.tsx,n_a
/booking/my_bookings/pre-travel,en,Excursions.tsx,excursions
/booking/my_bookings/pre-travel,en,Chatbot.tsx,n_a
/booking/my_bookings/in-destination,en,BookingContextProvider.tsx,n_a
/booking/my_bookings/in-destination,en,BookingDownloadBanner.tsx,n_a
/booking/my_bookings/in-destination,en,BookingHeroBanner.tsx,destinations/${locationCode}/image
/booking/my_bookings/in-destination,en,BreadcrumbsStatic.tsx,n_a
/booking/my_bookings/in-destination,en,CrisisBanner.tsx,n_a
/booking/my_bookings/in-destination,en,MasonryWrapper.tsx,n_a
/booking/my_bookings/in-destination,en,MasonryWrapperItem.tsx,n_a
/booking/my_bookings/in-destination,en,HotelSummary.tsx,n_a
/booking/my_bookings/in-destination,en,ContactUsBanner.tsx,n_a
/booking/my_bookings/in-destination,en,ItinerarySummary.tsx,n_a
/booking/my_bookings/in-destination,en,TravelChecklist.tsx,n_a
/booking/my_bookings/in-destination,en,Excursions.tsx,excursions
/booking/my_bookings/in-destination,en,Chatbot.tsx,n_a
/booking/my_bookings/post-travel,en,BookingContextProvider.tsx,n_a
/booking/my_bookings/post-travel,en,BookingHeroBanner.tsx,destinations/${locationCode}/image
/booking/my_bookings/post-travel,en,BreadcrumbsStatic.tsx,n_a
/booking/my_bookings/post-travel,en,MasonryWrapper.tsx,n_a
/booking/my_bookings/post-travel,en,MasonryWrapperItem.tsx,n_a
/booking/my_bookings/post-travel,en,HotelSummary.tsx,n_a
/booking/my_bookings/post-travel,en,ContactUsBanner.tsx,n_a
/booking/my_bookings/post-travel,en,Chatbot.tsx,n_a
/booking/passenger-details,en,Breadcrumbs.tsx,n_a
/booking/passenger-details,en,AmendBookingHeroBanner.tsx,n_a
/booking/passenger-details,en,HtmlBlock.tsx,n_a
/booking/passenger-details,en,AmendPassengers.tsx,n_a
/booking/passenger-details,en,AttentionMessage.tsx,n_a
/booking/pay-balance,en,PayBalance.tsx,credit/me
/booking/pay-balance,en,PayBalance.tsx,booking
/booking/redeem-voucher,en,RedeemVoucher.tsx,voucher/validate
/booking/redeem-voucher,en,RedeemVoucher.tsx,voucher/redeem
/booking/redeem-voucher,en,TextBlock.tsx,n_a
/booking/redeem-voucher,en,QuestionAndAnswer.tsx,help-centre/faq/save
/booking/payment,en,Breadcrumbs.tsx,n_a
/booking/payment,en,Payment.tsx,credit/me
/booking/payment,en,Payment.tsx,booking/validate-package
/booking/payment,en,Payment.tsx,booking/commit
/booking/payment,en,SeatsNotAvailablePopup.tsx,booking/validate-package
/booking/payment,en,SeatsNotAvailablePopup.tsx,seats
/booking/payment,en,BookingTransitionScreen.tsx,n_a
/booking/my_booking,en,HtmlBlock.tsx,n_a
/booking/my_booking,en,ViewBooking.tsx,destinations/${locationCode}/image
/booking/my_booking,en,ViewBooking.tsx,amend/alternative-flights
/booking/my_booking,en,ViewBooking.tsx,amend/alternative-transfers/price
/booking/my_booking,en,CallToActionBlock.tsx,n_a
/booking/my_booking,en,RefundInfo.tsx,n_a
/booking/my_booking,en,ExternalExtrasBanner.tsx,n_a
/booking/my_booking,en,LateCheckoutPostBookBanner.tsx,n_a
/booking/my_booking,en,SpecialRequests.tsx,amend/amend-ssr
/booking/my_booking,en,TransferInstructions.tsx,n_a
/booking/my_booking,en,AmendRestrictions.tsx,n_a
/booking/my_booking,en,ATOLProtection.tsx,n_a
/booking/my_booking,en,HealthEntryRequirements.tsx,n_a
/booking/my_booking,en,Excursions.tsx,excursions
/booking/my_booking,en,CardPayments.tsx,n_a
/booking/my_booking,en,NeedHelpBlock.tsx,n_a
/booking/my_booking,en,SeatMap.tsx,n_a
/booking/my_booking,en,SeatsAndBags.tsx,seats
/booking/my_booking,en,AmendNoTransfersPopup.tsx,n_a
/booking/my_booking,en,GenericInfoBlockBanner.tsx,n_a
/booking/my_booking,en,AttentionPopup.tsx,n_a
/booking/my_booking,en,SuccessfulAmendmentPopup.tsx,n_a
/booking/my_booking,en,CabinBags.tsx,n_a
/booking/my_booking,en,TravelInsurance.tsx,n_a
/booking/my_booking,en,PersistentInfoBanner.tsx,n_a
/booking/my_booking,en,BookingPrivacy.tsx,n_a
/booking/my_booking,en,HelpLinks.tsx,n_a
/booking/my_booking,en,Chatbot.tsx,n_a
/booking/my_booking,en,SeatsNotAvailablePopup.tsx,booking/validate-package
/booking/my_booking,en,SeatsNotAvailablePopup.tsx,seats
/booking/confirmation,en,BookingInfo.tsx,destinations/${locationCode}/image
/booking/confirmation,en,BookingInfo.tsx,booking
/booking/confirmation,en,ExternalExtrasBanner.tsx,n_a
/booking/confirmation,en,LateCheckoutPostBookBanner.tsx,n_a
/booking/confirmation,en,CardPayments.tsx,n_a
/booking/confirmation,en,GenericInfoBlockBanner.tsx,n_a
/booking/confirmation,en,SpecialRequests.tsx,amend/amend-ssr
/booking/confirmation,en,ATOLProtection.tsx,n_a
/booking/confirmation,en,HealthEntryRequirements.tsx,n_a
/booking/confirmation,en,Excursions.tsx,excursions
/booking/confirmation,en,SeatsAndBags.tsx,seats
/booking/confirmation,en,CabinBags.tsx,n_a
/booking/confirmation,en,HoldLuggage.tsx,n_a
/booking/confirmation,en,PartnershipComponent.tsx,price
/booking/confirmation,en,PartnershipComponent.tsx,destinations/search
/booking/confirmation,en,HelpLinks.tsx,n_a
/booking/confirmation,en,Chatbot.tsx,n_a
/booking,fr-CH,Basket.tsx,n_a
/booking,fr-CH,Breadcrumbs.tsx,n_a
/booking,fr-CH,PlainText.tsx,n_a
/booking,fr-CH,ComparePriceModule.tsx,n_a
/booking,fr-CH,Luggage.tsx,n_a
/booking,fr-CH,CabinBags.tsx,n_a
/booking,fr-CH,HoldLuggage.tsx,n_a
/booking,fr-CH,HoldLuggagePopup.tsx,booking/validate-package
/booking,fr-CH,BoardTypes.tsx,n_a
/booking,fr-CH,RoomTypes.tsx,n_a
/booking,fr-CH,LateCheckoutComponent.tsx,booking/validate-package
/booking,fr-CH,LateCheckoutComponent.tsx,search/flight-extras
/booking,fr-CH,LateCheckoutComponent.tsx,search/extras
/booking,fr-CH,SpecialRequests.tsx,amend/amend-ssr
/booking,fr-CH,SeatMap.tsx,n_a
/booking,fr-CH,SeatsAndBags.tsx,seats
/booking,fr-CH,PromocodeInput.tsx,booking/validate-package
/booking,fr-CH,PromocodeInput.tsx,voucher/validate
/booking,fr-CH,RedeemVoucher.tsx,voucher/validate
/booking,fr-CH,RedeemVoucher.tsx,voucher/redeem
/booking,fr-CH,CreateAccountPopup.tsx,voucher/validate
/booking,fr-CH,CabinBagsValidationPopup.tsx,n_a
/booking,fr-CH,SeatsNotAvailablePopup.tsx,booking/validate-package
/booking,fr-CH,SeatsNotAvailablePopup.tsx,seats
/booking,fr-CH,BookingTransitionScreen.tsx,n_a
/booking/amend-payment,fr-CH,AmendPaymentHeader.tsx,n_a
/booking/amend-payment,fr-CH,AmendPayment.tsx,n_a
/booking/amend-payment,fr-CH,SeatsAndBags.tsx,seats
/booking/amend-payment,fr-CH,ProductUnavailablePopup.tsx,n_a
/booking/amend-payment,fr-CH,PriceJumpPopup.tsx,n_a
/booking/amend-payment,fr-CH,SeatsNotAvailablePopup.tsx,booking/validate-package
/booking/amend-payment,fr-CH,SeatsNotAvailablePopup.tsx,seats
/booking/change-flight,fr-CH,AmendBookingHeroBanner.tsx,n_a
/booking/change-flight,fr-CH,HtmlBlock.tsx,n_a
/booking/change-flight,fr-CH,AmendFlights.tsx,amend/alternative-flights
/booking/change-flight,fr-CH,PriceJumpPopup.tsx,n_a
/booking/change-flight,fr-CH,ProductUnavailablePopup.tsx,n_a
/booking/change-room-and-board,fr-CH,AttentionMessage.tsx,n_a
/booking/change-room-and-board,fr-CH,BoardTypes.tsx,n_a
/booking/change-room-and-board,fr-CH,ProductUnavailablePopup.tsx,n_a
/booking/change-transfer,fr-CH,AmendBookingHeroBanner.tsx,n_a
/booking/change-transfer,fr-CH,AmendTransfers.tsx,amend/alternative-transfers/price
/booking/change-transfer,fr-CH,PriceJumpPopup.tsx,n_a
/booking/confirm-holiday-credit,fr-CH,CreditConfirm.tsx,booking/credit
/booking/guest-details,fr-CH,Basket.tsx,n_a
/booking/guest-details,fr-CH,Breadcrumbs.tsx,n_a
/booking/guest-details,fr-CH,GuestDetails.tsx,n_a
/booking/guest-details,fr-CH,CabinBagsValidationPopup.tsx,n_a
/booking/guest-details,fr-CH,SeatsNotAvailablePopup.tsx,booking/validate-package
/booking/guest-details,fr-CH,SeatsNotAvailablePopup.tsx,seats
/booking/guest-details,fr-CH,BookingTransitionScreen.tsx,n_a
/booking/crédit-vacances,fr-CH,HolidayCredit.tsx,booking
/booking/crédit-vacances,fr-CH,TextBlock.tsx,n_a
/booking/crédit-vacances,fr-CH,PromotionalCarouselBlocks.tsx,n_a
/booking/crédit-vacances,fr-CH,QuestionAndAnswer.tsx,help-centre/faq/save
/booking/my_bookings,fr-CH,ViewBookings.tsx,n_a
/booking/my_bookings,fr-CH,ExternalExtrasBanner.tsx,n_a
/booking/passenger-details,fr-CH,Breadcrumbs.tsx,n_a
/booking/passenger-details,fr-CH,AmendBookingHeroBanner.tsx,n_a
/booking/passenger-details,fr-CH,HtmlBlock.tsx,n_a
/booking/passenger-details,fr-CH,AmendPassengers.tsx,n_a
/booking/passenger-details,fr-CH,AttentionMessage.tsx,n_a
/booking/pay-balance,fr-CH,PayBalance.tsx,credit/me
/booking/pay-balance,fr-CH,PayBalance.tsx,booking
/booking/redeem-voucher,fr-CH,RedeemVoucher.tsx,voucher/validate
/booking/redeem-voucher,fr-CH,RedeemVoucher.tsx,voucher/redeem
/booking/redeem-voucher,fr-CH,TextBlock.tsx,n_a
/booking/redeem-voucher,fr-CH,QuestionAndAnswer.tsx,help-centre/faq/save
/booking/payment,fr-CH,Breadcrumbs.tsx,n_a
/booking/payment,fr-CH,Payment.tsx,credit/me
/booking/payment,fr-CH,Payment.tsx,booking/validate-package
/booking/payment,fr-CH,Payment.tsx,booking/commit
/booking/payment,fr-CH,SeatsNotAvailablePopup.tsx,booking/validate-package
/booking/payment,fr-CH,SeatsNotAvailablePopup.tsx,seats
/booking/payment,fr-CH,BookingTransitionScreen.tsx,n_a
/booking/my_booking,fr-CH,HtmlBlock.tsx,n_a
/booking/my_booking,fr-CH,ViewBooking.tsx,destinations/${locationCode}/image
/booking/my_booking,fr-CH,ViewBooking.tsx,amend/alternative-flights
/booking/my_booking,fr-CH,ViewBooking.tsx,amend/alternative-transfers/price
/booking/my_booking,fr-CH,CallToActionBlock.tsx,n_a
/booking/my_booking,fr-CH,RefundInfo.tsx,n_a
/booking/my_booking,fr-CH,ExternalExtrasBanner.tsx,n_a
/booking/my_booking,fr-CH,LateCheckoutPostBookBanner.tsx,n_a
/booking/my_booking,fr-CH,SpecialRequests.tsx,amend/amend-ssr
/booking/my_booking,fr-CH,TransferInstructions.tsx,n_a
/booking/my_booking,fr-CH,AmendRestrictions.tsx,n_a
/booking/my_booking,fr-CH,ATOLProtection.tsx,n_a
/booking/my_booking,fr-CH,HealthEntryRequirements.tsx,n_a
/booking/my_booking,fr-CH,Excursions.tsx,excursions
/booking/my_booking,fr-CH,CardPayments.tsx,n_a
/booking/my_booking,fr-CH,NeedHelpBlock.tsx,n_a
/booking/my_booking,fr-CH,SeatMap.tsx,n_a
/booking/my_booking,fr-CH,SeatsAndBags.tsx,seats
/booking/my_booking,fr-CH,AmendNoTransfersPopup.tsx,n_a
/booking/my_booking,fr-CH,GenericInfoBlockBanner.tsx,n_a
/booking/my_booking,fr-CH,AttentionPopup.tsx,n_a
/booking/my_booking,fr-CH,SuccessfulAmendmentPopup.tsx,n_a
/booking/my_booking,fr-CH,CabinBags.tsx,n_a
/booking/my_booking,fr-CH,TravelInsurance.tsx,n_a
/booking/my_booking,fr-CH,PersistentInfoBanner.tsx,n_a
/booking/my_booking,fr-CH,BookingPrivacy.tsx,n_a
/booking/my_booking,fr-CH,HelpLinks.tsx,n_a
/booking/my_booking,fr-CH,Chatbot.tsx,n_a
/booking/my_booking,fr-CH,SeatsNotAvailablePopup.tsx,booking/validate-package
/booking/my_booking,fr-CH,SeatsNotAvailablePopup.tsx,seats
/booking/confirmation,fr-CH,BookingInfo.tsx,destinations/${locationCode}/image
/booking/confirmation,fr-CH,BookingInfo.tsx,booking
/booking/confirmation,fr-CH,ExternalExtrasBanner.tsx,n_a
/booking/confirmation,fr-CH,LateCheckoutPostBookBanner.tsx,n_a
/booking/confirmation,fr-CH,CardPayments.tsx,n_a
/booking/confirmation,fr-CH,GenericInfoBlockBanner.tsx,n_a
/booking/confirmation,fr-CH,SpecialRequests.tsx,amend/amend-ssr
/booking/confirmation,fr-CH,ATOLProtection.tsx,n_a
/booking/confirmation,fr-CH,HealthEntryRequirements.tsx,n_a
/booking/confirmation,fr-CH,Excursions.tsx,excursions
/booking/confirmation,fr-CH,SeatsAndBags.tsx,seats
/booking/confirmation,fr-CH,CabinBags.tsx,n_a
/booking/confirmation,fr-CH,HoldLuggage.tsx,n_a
/booking/confirmation,fr-CH,PartnershipComponent.tsx,price
/booking/confirmation,fr-CH,PartnershipComponent.tsx,destinations/search
/booking/confirmation,fr-CH,HelpLinks.tsx,n_a
/booking/confirmation,fr-CH,Chatbot.tsx,n_a
/booking,de-CH,Basket.tsx,n_a
/booking,de-CH,Breadcrumbs.tsx,n_a
/booking,de-CH,PlainText.tsx,n_a
/booking,de-CH,ComparePriceModule.tsx,n_a
/booking,de-CH,Luggage.tsx,n_a
/booking,de-CH,CabinBags.tsx,n_a
/booking,de-CH,HoldLuggage.tsx,n_a
/booking,de-CH,HoldLuggagePopup.tsx,booking/validate-package
/booking,de-CH,BoardTypes.tsx,n_a
/booking,de-CH,RoomTypes.tsx,n_a
/booking,de-CH,LateCheckoutComponent.tsx,booking/validate-package
/booking,de-CH,LateCheckoutComponent.tsx,search/flight-extras
/booking,de-CH,LateCheckoutComponent.tsx,search/extras
/booking,de-CH,SpecialRequests.tsx,amend/amend-ssr
/booking,de-CH,SeatMap.tsx,n_a
/booking,de-CH,SeatsAndBags.tsx,seats
/booking,de-CH,PromocodeInput.tsx,booking/validate-package
/booking,de-CH,PromocodeInput.tsx,voucher/validate
/booking,de-CH,RedeemVoucher.tsx,voucher/validate
/booking,de-CH,RedeemVoucher.tsx,voucher/redeem
/booking,de-CH,CreateAccountPopup.tsx,voucher/validate
/booking,de-CH,CabinBagsValidationPopup.tsx,n_a
/booking,de-CH,SeatsNotAvailablePopup.tsx,booking/validate-package
/booking,de-CH,SeatsNotAvailablePopup.tsx,seats
/booking,de-CH,BookingTransitionScreen.tsx,n_a
/booking/amend-payment,de-CH,AmendPaymentHeader.tsx,n_a
/booking/amend-payment,de-CH,AmendPayment.tsx,n_a
/booking/amend-payment,de-CH,SeatsAndBags.tsx,seats
/booking/amend-payment,de-CH,ProductUnavailablePopup.tsx,n_a
/booking/amend-payment,de-CH,PriceJumpPopup.tsx,n_a
/booking/amend-payment,de-CH,SeatsNotAvailablePopup.tsx,booking/validate-package
/booking/amend-payment,de-CH,SeatsNotAvailablePopup.tsx,seats
/booking/change-flight,de-CH,AmendBookingHeroBanner.tsx,n_a
/booking/change-flight,de-CH,HtmlBlock.tsx,n_a
/booking/change-flight,de-CH,AmendFlights.tsx,amend/alternative-flights
/booking/change-flight,de-CH,PriceJumpPopup.tsx,n_a
/booking/change-flight,de-CH,ProductUnavailablePopup.tsx,n_a
/booking/change-room-and-board,de-CH,AttentionMessage.tsx,n_a
/booking/change-room-and-board,de-CH,BoardTypes.tsx,n_a
/booking/change-room-and-board,de-CH,ProductUnavailablePopup.tsx,n_a
/booking/change-transfer,de-CH,AmendBookingHeroBanner.tsx,n_a
/booking/change-transfer,de-CH,AmendTransfers.tsx,amend/alternative-transfers/price
/booking/change-transfer,de-CH,PriceJumpPopup.tsx,n_a
/booking/confirm-holiday-credit,de-CH,CreditConfirm.tsx,booking/credit
/booking/guest-details,de-CH,Basket.tsx,n_a
/booking/guest-details,de-CH,Breadcrumbs.tsx,n_a
/booking/guest-details,de-CH,GuestDetails.tsx,n_a
/booking/guest-details,de-CH,CabinBagsValidationPopup.tsx,n_a
/booking/guest-details,de-CH,SeatsNotAvailablePopup.tsx,booking/validate-package
/booking/guest-details,de-CH,SeatsNotAvailablePopup.tsx,seats
/booking/guest-details,de-CH,BookingTransitionScreen.tsx,n_a
/booking/urlaubsguthaben,de-CH,HolidayCredit.tsx,booking
/booking/urlaubsguthaben,de-CH,TextBlock.tsx,n_a
/booking/urlaubsguthaben,de-CH,PromotionalCarouselBlocks.tsx,n_a
/booking/urlaubsguthaben,de-CH,QuestionAndAnswer.tsx,help-centre/faq/save
/booking/my_bookings,de-CH,ViewBookings.tsx,n_a
/booking/my_bookings,de-CH,PartnershipComponent.tsx,price
/booking/my_bookings,de-CH,PartnershipComponent.tsx,destinations/search
/booking/my_bookings,de-CH,ExternalExtrasBanner.tsx,n_a
/booking/passenger-details,de-CH,Breadcrumbs.tsx,n_a
/booking/passenger-details,de-CH,AmendBookingHeroBanner.tsx,n_a
/booking/passenger-details,de-CH,HtmlBlock.tsx,n_a
/booking/passenger-details,de-CH,AmendPassengers.tsx,n_a
/booking/passenger-details,de-CH,AttentionMessage.tsx,n_a
/booking/pay-balance,de-CH,PayBalance.tsx,credit/me
/booking/pay-balance,de-CH,PayBalance.tsx,booking
/booking/redeem-voucher,de-CH,RedeemVoucher.tsx,voucher/validate
/booking/redeem-voucher,de-CH,RedeemVoucher.tsx,voucher/redeem
/booking/redeem-voucher,de-CH,TextBlock.tsx,n_a
/booking/redeem-voucher,de-CH,QuestionAndAnswer.tsx,help-centre/faq/save
/booking/payment,de-CH,Breadcrumbs.tsx,n_a
/booking/payment,de-CH,Payment.tsx,credit/me
/booking/payment,de-CH,Payment.tsx,booking/validate-package
/booking/payment,de-CH,Payment.tsx,booking/commit
/booking/payment,de-CH,SeatsNotAvailablePopup.tsx,booking/validate-package
/booking/payment,de-CH,SeatsNotAvailablePopup.tsx,seats
/booking/payment,de-CH,BookingTransitionScreen.tsx,n_a
/booking/my_booking,de-CH,HtmlBlock.tsx,n_a
/booking/my_booking,de-CH,ViewBooking.tsx,destinations/${locationCode}/image
/booking/my_booking,de-CH,ViewBooking.tsx,amend/alternative-flights
/booking/my_booking,de-CH,ViewBooking.tsx,amend/alternative-transfers/price
/booking/my_booking,de-CH,CallToActionBlock.tsx,n_a
/booking/my_booking,de-CH,RefundInfo.tsx,n_a
/booking/my_booking,de-CH,ExternalExtrasBanner.tsx,n_a
/booking/my_booking,de-CH,LateCheckoutPostBookBanner.tsx,n_a
/booking/my_booking,de-CH,SpecialRequests.tsx,amend/amend-ssr
/booking/my_booking,de-CH,TransferInstructions.tsx,n_a
/booking/my_booking,de-CH,AmendRestrictions.tsx,n_a
/booking/my_booking,de-CH,ATOLProtection.tsx,n_a
/booking/my_booking,de-CH,HealthEntryRequirements.tsx,n_a
/booking/my_booking,de-CH,Excursions.tsx,excursions
/booking/my_booking,de-CH,CardPayments.tsx,n_a
/booking/my_booking,de-CH,NeedHelpBlock.tsx,n_a
/booking/my_booking,de-CH,SeatMap.tsx,n_a
/booking/my_booking,de-CH,SeatsAndBags.tsx,seats
/booking/my_booking,de-CH,AmendNoTransfersPopup.tsx,n_a
/booking/my_booking,de-CH,GenericInfoBlockBanner.tsx,n_a
/booking/my_booking,de-CH,AttentionPopup.tsx,n_a
/booking/my_booking,de-CH,SuccessfulAmendmentPopup.tsx,n_a
/booking/my_booking,de-CH,CabinBags.tsx,n_a
/booking/my_booking,de-CH,TravelInsurance.tsx,n_a
/booking/my_booking,de-CH,PersistentInfoBanner.tsx,n_a
/booking/my_booking,de-CH,BookingPrivacy.tsx,n_a
/booking/my_booking,de-CH,HelpLinks.tsx,n_a
/booking/my_booking,de-CH,Chatbot.tsx,n_a
/booking/my_booking,de-CH,SeatsNotAvailablePopup.tsx,booking/validate-package
/booking/my_booking,de-CH,SeatsNotAvailablePopup.tsx,seats
/booking/confirmation,de-CH,BookingInfo.tsx,destinations/${locationCode}/image
/booking/confirmation,de-CH,BookingInfo.tsx,booking
/booking/confirmation,de-CH,ExternalExtrasBanner.tsx,n_a
/booking/confirmation,de-CH,LateCheckoutPostBookBanner.tsx,n_a
/booking/confirmation,de-CH,CardPayments.tsx,n_a
/booking/confirmation,de-CH,GenericInfoBlockBanner.tsx,n_a
/booking/confirmation,de-CH,SpecialRequests.tsx,amend/amend-ssr
/booking/confirmation,de-CH,ATOLProtection.tsx,n_a
/booking/confirmation,de-CH,HealthEntryRequirements.tsx,n_a
/booking/confirmation,de-CH,Excursions.tsx,excursions
/booking/confirmation,de-CH,SeatsAndBags.tsx,seats
/booking/confirmation,de-CH,CabinBags.tsx,n_a
/booking/confirmation,de-CH,HoldLuggage.tsx,n_a
/booking/confirmation,de-CH,PartnershipComponent.tsx,price
/booking/confirmation,de-CH,PartnershipComponent.tsx,destinations/search
/booking/confirmation,de-CH,HelpLinks.tsx,n_a
/booking/confirmation,de-CH,Chatbot.tsx,n_a
/booking,fr-FR,Basket.tsx,n_a
/booking,fr-FR,Breadcrumbs.tsx,n_a
/booking,fr-FR,PlainText.tsx,n_a
/booking,fr-FR,Luggage.tsx,n_a
/booking,fr-FR,CabinBags.tsx,n_a
/booking,fr-FR,HoldLuggage.tsx,n_a
/booking,fr-FR,HoldLuggagePopup.tsx,booking/validate-package
/booking,fr-FR,BoardTypes.tsx,n_a
/booking,fr-FR,RoomTypes.tsx,n_a
/booking,fr-FR,LateCheckoutComponent.tsx,booking/validate-package
/booking,fr-FR,LateCheckoutComponent.tsx,search/flight-extras
/booking,fr-FR,LateCheckoutComponent.tsx,search/extras
/booking,fr-FR,SpecialRequests.tsx,amend/amend-ssr
/booking,fr-FR,SeatMap.tsx,n_a
/booking,fr-FR,SeatsAndBags.tsx,seats
/booking,fr-FR,ExperimentWrapper.tsx,n_a
/booking,fr-FR,FullWidthBanner.tsx,n_a
/booking,fr-FR,PromocodeInput.tsx,booking/validate-package
/booking,fr-FR,PromocodeInput.tsx,voucher/validate
/booking,fr-FR,RedeemVoucher.tsx,voucher/validate
/booking,fr-FR,RedeemVoucher.tsx,voucher/redeem
/booking,fr-FR,CreateAccountPopup.tsx,voucher/validate
/booking,fr-FR,CabinBagsValidationPopup.tsx,n_a
/booking,fr-FR,SeatsNotAvailablePopup.tsx,booking/validate-package
/booking,fr-FR,SeatsNotAvailablePopup.tsx,seats
/booking,fr-FR,BookingTransitionScreen.tsx,n_a
/booking,fr-FR,FeefoWidget.tsx,n_a
/booking/amend-payment,fr-FR,AmendPaymentHeader.tsx,n_a
/booking/amend-payment,fr-FR,AmendPayment.tsx,n_a
/booking/amend-payment,fr-FR,SeatsAndBags.tsx,seats
/booking/amend-payment,fr-FR,ProductUnavailablePopup.tsx,n_a
/booking/amend-payment,fr-FR,PriceJumpPopup.tsx,n_a
/booking/amend-payment,fr-FR,SeatsNotAvailablePopup.tsx,booking/validate-package
/booking/amend-payment,fr-FR,SeatsNotAvailablePopup.tsx,seats
/booking/change-flight,fr-FR,AmendBookingHeroBanner.tsx,n_a
/booking/change-flight,fr-FR,HtmlBlock.tsx,n_a
/booking/change-flight,fr-FR,AmendFlights.tsx,amend/alternative-flights
/booking/change-flight,fr-FR,PriceJumpPopup.tsx,n_a
/booking/change-flight,fr-FR,ProductUnavailablePopup.tsx,n_a
/booking/change-room-and-board,fr-FR,AttentionMessage.tsx,n_a
/booking/change-room-and-board,fr-FR,BoardTypes.tsx,n_a
/booking/change-room-and-board,fr-FR,ProductUnavailablePopup.tsx,n_a
/booking/change-transfer,fr-FR,AmendBookingHeroBanner.tsx,n_a
/booking/change-transfer,fr-FR,AmendTransfers.tsx,amend/alternative-transfers/price
/booking/change-transfer,fr-FR,PriceJumpPopup.tsx,n_a
/booking/confirm-holiday-credit,fr-FR,CreditConfirm.tsx,booking/credit
/booking/guest-details,fr-FR,Basket.tsx,n_a
/booking/guest-details,fr-FR,Breadcrumbs.tsx,n_a
/booking/guest-details,fr-FR,GuestDetails.tsx,n_a
/booking/guest-details,fr-FR,CabinBagsValidationPopup.tsx,n_a
/booking/guest-details,fr-FR,SeatsNotAvailablePopup.tsx,booking/validate-package
/booking/guest-details,fr-FR,SeatsNotAvailablePopup.tsx,seats
/booking/guest-details,fr-FR,BookingTransitionScreen.tsx,n_a
/booking/holiday-credit,fr-FR,HolidayCredit.tsx,booking
/booking/holiday-credit,fr-FR,TextBlock.tsx,n_a
/booking/holiday-credit,fr-FR,PromotionalCarouselBlocks.tsx,n_a
/booking/holiday-credit,fr-FR,QuestionAndAnswer.tsx,help-centre/faq/save
/booking/my_bookings,fr-FR,ViewBookings.tsx,n_a
/booking/my_bookings,fr-FR,PartnershipComponent.tsx,price
/booking/my_bookings,fr-FR,PartnershipComponent.tsx,destinations/search
/booking/my_bookings,fr-FR,ExternalExtrasBanner.tsx,n_a
/booking/pay-balance,fr-FR,PayBalance.tsx,credit/me
/booking/pay-balance,fr-FR,PayBalance.tsx,booking
/booking/redeem-voucher,fr-FR,RedeemVoucher.tsx,voucher/validate
/booking/redeem-voucher,fr-FR,RedeemVoucher.tsx,voucher/redeem
/booking/redeem-voucher,fr-FR,TextBlock.tsx,n_a
/booking/redeem-voucher,fr-FR,QuestionAndAnswer.tsx,help-centre/faq/save
/booking/payment,fr-FR,Breadcrumbs.tsx,n_a
/booking/payment,fr-FR,Payment.tsx,credit/me
/booking/payment,fr-FR,Payment.tsx,booking/validate-package
/booking/payment,fr-FR,Payment.tsx,booking/commit
/booking/payment,fr-FR,SeatsNotAvailablePopup.tsx,booking/validate-package
/booking/payment,fr-FR,SeatsNotAvailablePopup.tsx,seats
/booking/payment,fr-FR,BookingTransitionScreen.tsx,n_a
/booking/my_booking,fr-FR,HtmlBlock.tsx,n_a
/booking/my_booking,fr-FR,ViewBooking.tsx,destinations/${locationCode}/image
/booking/my_booking,fr-FR,ViewBooking.tsx,amend/alternative-flights
/booking/my_booking,fr-FR,ViewBooking.tsx,amend/alternative-transfers/price
/booking/my_booking,fr-FR,CallToActionBlock.tsx,n_a
/booking/my_booking,fr-FR,RefundInfo.tsx,n_a
/booking/my_booking,fr-FR,ExternalExtrasBanner.tsx,n_a
/booking/my_booking,fr-FR,LateCheckoutPostBookBanner.tsx,n_a
/booking/my_booking,fr-FR,SpecialRequests.tsx,amend/amend-ssr
/booking/my_booking,fr-FR,TransferInstructions.tsx,n_a
/booking/my_booking,fr-FR,AmendRestrictions.tsx,n_a
/booking/my_booking,fr-FR,ATOLProtection.tsx,n_a
/booking/my_booking,fr-FR,HealthEntryRequirements.tsx,n_a
/booking/my_booking,fr-FR,Excursions.tsx,excursions
/booking/my_booking,fr-FR,CardPayments.tsx,n_a
/booking/my_booking,fr-FR,NeedHelpBlock.tsx,n_a
/booking/my_booking,fr-FR,SeatMap.tsx,n_a
/booking/my_booking,fr-FR,SeatsAndBags.tsx,seats
/booking/my_booking,fr-FR,AmendNoTransfersPopup.tsx,n_a
/booking/my_booking,fr-FR,GenericInfoBlockBanner.tsx,n_a
/booking/my_booking,fr-FR,AttentionPopup.tsx,n_a
/booking/my_booking,fr-FR,SuccessfulAmendmentPopup.tsx,n_a
/booking/my_booking,fr-FR,CabinBags.tsx,n_a
/booking/my_booking,fr-FR,TravelInsurance.tsx,n_a
/booking/my_booking,fr-FR,PersistentInfoBanner.tsx,n_a
/booking/my_booking,fr-FR,BookingPrivacy.tsx,n_a
/booking/my_booking,fr-FR,HelpLinks.tsx,n_a
/booking/my_booking,fr-FR,Chatbot.tsx,n_a
/booking/my_booking,fr-FR,SeatsNotAvailablePopup.tsx,booking/validate-package
/booking/my_booking,fr-FR,SeatsNotAvailablePopup.tsx,seats
/booking/confirmation,fr-FR,BookingInfo.tsx,destinations/${locationCode}/image
/booking/confirmation,fr-FR,BookingInfo.tsx,booking
/booking/confirmation,fr-FR,ExternalExtrasBanner.tsx,n_a
/booking/confirmation,fr-FR,LateCheckoutPostBookBanner.tsx,n_a
/booking/confirmation,fr-FR,CardPayments.tsx,n_a
/booking/confirmation,fr-FR,GenericInfoBlockBanner.tsx,n_a
/booking/confirmation,fr-FR,SpecialRequests.tsx,amend/amend-ssr
/booking/confirmation,fr-FR,ATOLProtection.tsx,n_a
/booking/confirmation,fr-FR,HealthEntryRequirements.tsx,n_a
/booking/confirmation,fr-FR,Excursions.tsx,excursions
/booking/confirmation,fr-FR,SeatsAndBags.tsx,seats
/booking/confirmation,fr-FR,CabinBags.tsx,n_a
/booking/confirmation,fr-FR,HoldLuggage.tsx,n_a
/booking/confirmation,fr-FR,PartnershipComponent.tsx,price
/booking/confirmation,fr-FR,PartnershipComponent.tsx,destinations/search
/booking/confirmation,fr-FR,HelpLinks.tsx,n_a
/booking/confirmation,fr-FR,Chatbot.tsx,n_a
/booking,de-DE,Basket.tsx,n_a
/booking,de-DE,Breadcrumbs.tsx,n_a
/booking,de-DE,PlainText.tsx,n_a
/booking,de-DE,ComparePriceModule.tsx,n_a
/booking,de-DE,AlternativeFlights.tsx,search/recommended
/booking,de-DE,AlternativeFlights.tsx,search/alternative-flights
/booking,de-DE,AlternativeFlights.tsx,search/extras
/booking,de-DE,AlternativeFlights.tsx,search/offers-alterations
/booking,de-DE,AlternativeFlights.tsx,booking/validate-package
/booking,de-DE,AlternativeFlights.tsx,search/flight-extras
/booking,de-DE,AlternativeFlights.tsx,hotel/offers
/booking,de-DE,Luggage.tsx,n_a
/booking,de-DE,CabinBags.tsx,n_a
/booking,de-DE,HoldLuggage.tsx,n_a
/booking,de-DE,HoldLuggagePopup.tsx,booking/validate-package
/booking,de-DE,BoardTypes.tsx,n_a
/booking,de-DE,RoomTypes.tsx,n_a
/booking,de-DE,LateCheckoutComponent.tsx,booking/validate-package
/booking,de-DE,LateCheckoutComponent.tsx,search/flight-extras
/booking,de-DE,LateCheckoutComponent.tsx,search/extras
/booking,de-DE,SpecialRequests.tsx,amend/amend-ssr
/booking,de-DE,SeatMap.tsx,n_a
/booking,de-DE,SeatsAndBags.tsx,seats
/booking,de-DE,PromocodeInput.tsx,booking/validate-package
/booking,de-DE,PromocodeInput.tsx,voucher/validate
/booking,de-DE,RedeemVoucher.tsx,voucher/validate
/booking,de-DE,RedeemVoucher.tsx,voucher/redeem
/booking,de-DE,CreateAccountPopup.tsx,voucher/validate
/booking,de-DE,CabinBagsValidationPopup.tsx,n_a
/booking,de-DE,SeatsNotAvailablePopup.tsx,booking/validate-package
/booking,de-DE,SeatsNotAvailablePopup.tsx,seats
/booking,de-DE,BookingTransitionScreen.tsx,n_a
/booking/amend-payment,de-DE,AmendPaymentHeader.tsx,n_a
/booking/amend-payment,de-DE,AmendPayment.tsx,n_a
/booking/amend-payment,de-DE,SeatsAndBags.tsx,seats
/booking/amend-payment,de-DE,ProductUnavailablePopup.tsx,n_a
/booking/amend-payment,de-DE,PriceJumpPopup.tsx,n_a
/booking/amend-payment,de-DE,SeatsNotAvailablePopup.tsx,booking/validate-package
/booking/amend-payment,de-DE,SeatsNotAvailablePopup.tsx,seats
/booking/change-flight,de-DE,AmendBookingHeroBanner.tsx,n_a
/booking/change-flight,de-DE,HtmlBlock.tsx,n_a
/booking/change-flight,de-DE,AmendFlights.tsx,amend/alternative-flights
/booking/change-flight,de-DE,PriceJumpPopup.tsx,n_a
/booking/change-flight,de-DE,ProductUnavailablePopup.tsx,n_a
/booking/change-room-and-board,de-DE,AttentionMessage.tsx,n_a
/booking/change-room-and-board,de-DE,BoardTypes.tsx,n_a
/booking/change-room-and-board,de-DE,ProductUnavailablePopup.tsx,n_a
/booking/change-transfer,de-DE,AmendBookingHeroBanner.tsx,n_a
/booking/change-transfer,de-DE,AmendTransfers.tsx,amend/alternative-transfers/price
/booking/change-transfer,de-DE,PriceJumpPopup.tsx,n_a
/booking/confirm-holiday-credit,de-DE,CreditConfirm.tsx,booking/credit
/booking/guest-details,de-DE,Basket.tsx,n_a
/booking/guest-details,de-DE,Breadcrumbs.tsx,n_a
/booking/guest-details,de-DE,GuestDetails.tsx,n_a
/booking/guest-details,de-DE,CabinBagsValidationPopup.tsx,n_a
/booking/guest-details,de-DE,SeatsNotAvailablePopup.tsx,booking/validate-package
/booking/guest-details,de-DE,SeatsNotAvailablePopup.tsx,seats
/booking/guest-details,de-DE,BookingTransitionScreen.tsx,n_a
/booking/holiday-credit,de-DE,HolidayCredit.tsx,booking
/booking/holiday-credit,de-DE,TextBlock.tsx,n_a
/booking/holiday-credit,de-DE,PromotionalCarouselBlocks.tsx,n_a
/booking/holiday-credit,de-DE,QuestionAndAnswer.tsx,help-centre/faq/save
/booking/my_bookings,de-DE,ViewBookings.tsx,n_a
/booking/my_bookings,de-DE,PartnershipComponent.tsx,price
/booking/my_bookings,de-DE,PartnershipComponent.tsx,destinations/search
/booking/my_bookings,de-DE,ExternalExtrasBanner.tsx,n_a
/booking/pay-balance,de-DE,PayBalance.tsx,credit/me
/booking/pay-balance,de-DE,PayBalance.tsx,booking
/booking/redeem-voucher,de-DE,RedeemVoucher.tsx,voucher/validate
/booking/redeem-voucher,de-DE,RedeemVoucher.tsx,voucher/redeem
/booking/redeem-voucher,de-DE,TextBlock.tsx,n_a
/booking/redeem-voucher,de-DE,QuestionAndAnswer.tsx,help-centre/faq/save
/booking/payment,de-DE,Breadcrumbs.tsx,n_a
/booking/payment,de-DE,Payment.tsx,credit/me
/booking/payment,de-DE,Payment.tsx,booking/validate-package
/booking/payment,de-DE,Payment.tsx,booking/commit
/booking/payment,de-DE,SeatsNotAvailablePopup.tsx,booking/validate-package
/booking/payment,de-DE,SeatsNotAvailablePopup.tsx,seats
/booking/payment,de-DE,BookingTransitionScreen.tsx,n_a
/booking/my_booking,de-DE,HtmlBlock.tsx,n_a
/booking/my_booking,de-DE,ViewBooking.tsx,destinations/${locationCode}/image
/booking/my_booking,de-DE,ViewBooking.tsx,amend/alternative-flights
/booking/my_booking,de-DE,ViewBooking.tsx,amend/alternative-transfers/price
/booking/my_booking,de-DE,CallToActionBlock.tsx,n_a
/booking/my_booking,de-DE,RefundInfo.tsx,n_a
/booking/my_booking,de-DE,ExternalExtrasBanner.tsx,n_a
/booking/my_booking,de-DE,LateCheckoutPostBookBanner.tsx,n_a
/booking/my_booking,de-DE,SpecialRequests.tsx,amend/amend-ssr
/booking/my_booking,de-DE,TransferInstructions.tsx,n_a
/booking/my_booking,de-DE,AmendRestrictions.tsx,n_a
/booking/my_booking,de-DE,ATOLProtection.tsx,n_a
/booking/my_booking,de-DE,HealthEntryRequirements.tsx,n_a
/booking/my_booking,de-DE,Excursions.tsx,excursions
/booking/my_booking,de-DE,CardPayments.tsx,n_a
/booking/my_booking,de-DE,NeedHelpBlock.tsx,n_a
/booking/my_booking,de-DE,SeatMap.tsx,n_a
/booking/my_booking,de-DE,SeatsAndBags.tsx,seats
/booking/my_booking,de-DE,AmendNoTransfersPopup.tsx,n_a
/booking/my_booking,de-DE,GenericInfoBlockBanner.tsx,n_a
/booking/my_booking,de-DE,AttentionPopup.tsx,n_a
/booking/my_booking,de-DE,SuccessfulAmendmentPopup.tsx,n_a
/booking/my_booking,de-DE,CabinBags.tsx,n_a
/booking/my_booking,de-DE,TravelInsurance.tsx,n_a
/booking/my_booking,de-DE,PersistentInfoBanner.tsx,n_a
/booking/my_booking,de-DE,BookingPrivacy.tsx,n_a
/booking/my_booking,de-DE,HelpLinks.tsx,n_a
/booking/my_booking,de-DE,Chatbot.tsx,n_a
/booking/my_booking,de-DE,SeatsNotAvailablePopup.tsx,booking/validate-package
/booking/my_booking,de-DE,SeatsNotAvailablePopup.tsx,seats
/booking/confirmation,de-DE,BookingInfo.tsx,destinations/${locationCode}/image
/booking/confirmation,de-DE,BookingInfo.tsx,booking
/booking/confirmation,de-DE,ExternalExtrasBanner.tsx,n_a
/booking/confirmation,de-DE,LateCheckoutPostBookBanner.tsx,n_a
/booking/confirmation,de-DE,CardPayments.tsx,n_a
/booking/confirmation,de-DE,GenericInfoBlockBanner.tsx,n_a
/booking/confirmation,de-DE,SpecialRequests.tsx,amend/amend-ssr
/booking/confirmation,de-DE,ATOLProtection.tsx,n_a
/booking/confirmation,de-DE,HealthEntryRequirements.tsx,n_a
/booking/confirmation,de-DE,Excursions.tsx,excursions
/booking/confirmation,de-DE,SeatsAndBags.tsx,seats
/booking/confirmation,de-DE,CabinBags.tsx,n_a
/booking/confirmation,de-DE,HoldLuggage.tsx,n_a
/booking/confirmation,de-DE,PartnershipComponent.tsx,price
/booking/confirmation,de-DE,PartnershipComponent.tsx,destinations/search
/booking/confirmation,de-DE,HelpLinks.tsx,n_a
/booking/confirmation,de-DE,Chatbot.tsx,n_a
/404-page,en,SearchPod.tsx,destinations/search
/404-page,en,SearchPod.tsx,tracking/user-search
/404-page,en,NotFoundBlock.tsx,n_a
/404-page,en,GenericRecommendedHotels.tsx,search/recommended
/404-page,en,WiderSearch.tsx,n_a
/404-page,en,HelpLinks.tsx,n_a
/404-page,en,PersistentInfoBanner.tsx,n_a
/404-page,fr-CH,SearchPod.tsx,destinations/search
/404-page,fr-CH,SearchPod.tsx,tracking/user-search
/404-page,fr-CH,NotFoundBlock.tsx,n_a
/404-page,fr-CH,GenericRecommendedHotels.tsx,search/recommended
/404-page,fr-CH,WiderSearch.tsx,n_a
/404-page,fr-CH,HelpLinks.tsx,n_a
/404-page,fr-CH,PersistentInfoBanner.tsx,n_a
/404-page,de-CH,SearchPod.tsx,destinations/search
/404-page,de-CH,SearchPod.tsx,tracking/user-search
/404-page,de-CH,NotFoundBlock.tsx,n_a
/404-page,de-CH,GenericRecommendedHotels.tsx,search/recommended
/404-page,de-CH,WiderSearch.tsx,n_a
/404-page,de-CH,HelpLinks.tsx,n_a
/404-page,de-CH,PersistentInfoBanner.tsx,n_a
/404-page,fr-FR,SearchPod.tsx,destinations/search
/404-page,fr-FR,SearchPod.tsx,tracking/user-search
/404-page,fr-FR,NotFoundBlock.tsx,n_a
/404-page,fr-FR,GenericRecommendedHotels.tsx,search/recommended
/404-page,fr-FR,WiderSearch.tsx,n_a
/404-page,fr-FR,HelpLinks.tsx,n_a
/404-page,fr-FR,PersistentInfoBanner.tsx,n_a
/404-page,de-DE,SearchPod.tsx,destinations/search
/404-page,de-DE,SearchPod.tsx,tracking/user-search
/404-page,de-DE,NotFoundBlock.tsx,n_a
/404-page,de-DE,GenericRecommendedHotels.tsx,search/recommended
/404-page,de-DE,WiderSearch.tsx,n_a
/404-page,de-DE,HelpLinks.tsx,n_a
/404-page,de-DE,PersistentInfoBanner.tsx,n_a
/disruption,en,TravelInsurance.tsx,n_a
/disruption,en,TextBlock.tsx,n_a
/disruption,en,HelpLinks.tsx,n_a
/disruption,en,ConfidenceModuleTransformer.tsx,n_a
/disruption,en,Accordion.tsx,n_a
/disruption,en,PersistentInfoBanner.tsx,n_a
/disruption,en,SearchPod.tsx,destinations/search
/disruption,en,SearchPod.tsx,tracking/user-search
/disruption,fr-CH,TravelInsurance.tsx,n_a
/disruption,fr-CH,TextBlock.tsx,n_a
/disruption,fr-CH,HelpLinks.tsx,n_a
/disruption,fr-CH,ConfidenceModuleTransformer.tsx,n_a
/disruption,fr-CH,Accordion.tsx,n_a
/disruption,fr-CH,PersistentInfoBanner.tsx,n_a
/disruption,fr-CH,SearchPod.tsx,destinations/search
/disruption,fr-CH,SearchPod.tsx,tracking/user-search
/disruption,de-CH,TravelInsurance.tsx,n_a
/disruption,de-CH,TextBlock.tsx,n_a
/disruption,de-CH,HelpLinks.tsx,n_a
/disruption,de-CH,ConfidenceModuleTransformer.tsx,n_a
/disruption,de-CH,Accordion.tsx,n_a
/disruption,de-CH,PersistentInfoBanner.tsx,n_a
/disruption,de-CH,SearchPod.tsx,destinations/search
/disruption,de-CH,SearchPod.tsx,tracking/user-search
/disruption,fr-FR,TextBlock.tsx,n_a
/disruption,fr-FR,Accordion.tsx,n_a
/disruption,fr-FR,PersistentInfoBanner.tsx,n_a
/disruption,fr-FR,SearchPod.tsx,destinations/search
/disruption,fr-FR,SearchPod.tsx,tracking/user-search
/disruption,fr-FR,ConfidenceModuleTransformer.tsx,n_a
/disruption,fr-FR,HelpLinks.tsx,n_a
/disruption,fr-FR,TravelInsurance.tsx,n_a
/disruption,de-DE,SearchPod.tsx,destinations/search
/disruption,de-DE,SearchPod.tsx,tracking/user-search
/disruption,de-DE,PersistentInfoBanner.tsx,n_a
/disruption,de-DE,TextBlock.tsx,n_a
/disruption,de-DE,Accordion.tsx,n_a
/disruption,de-DE,ConfidenceModuleTransformer.tsx,n_a
/disruption,de-DE,HelpLinks.tsx,n_a
/disruption,de-DE,TravelInsurance.tsx,n_a
/iframe-promoting-holidays,en,IframeHolidaysPromotingHeader.tsx,n_a
/iframe-promoting-holidays,en,PersistentInfoBanner.tsx,n_a
/iframe-promoting-holidays,fr-CH,IframeHolidaysPromotingHeader.tsx,n_a
/iframe-promoting-holidays,fr-CH,PersistentInfoBanner.tsx,n_a
/iframe-promoting-holidays,de-CH,IframeHolidaysPromotingHeader.tsx,n_a
/iframe-promoting-holidays,de-CH,PersistentInfoBanner.tsx,n_a
/iframe-promoting-holidays,fr-FR,IframeHolidaysPromotingHeader.tsx,n_a
/iframe-promoting-holidays,fr-FR,PersistentInfoBanner.tsx,n_a
/iframe-promoting-holidays,de-DE,IframeHolidaysPromotingHeader.tsx,n_a
/iframe-promoting-holidays,de-DE,PersistentInfoBanner.tsx,n_a
/not-available,en,NotAvailableBlock.tsx,n_a
/not-available,en,SubscribeBlock.tsx,n_a
/not-available,en,PersistentInfoBanner.tsx,n_a
/not-available,fr-CH,NotAvailableBlock.tsx,n_a
/not-available,fr-CH,SubscribeBlock.tsx,n_a
/not-available,fr-CH,PersistentInfoBanner.tsx,n_a
/not-available,it-IT,NotAvailableBlock.tsx,n_a
/not-available,it-IT,SubscribeBlock.tsx,n_a
/not-available,it-IT,PersistentInfoBanner.tsx,n_a
/not-available,de-CH,NotAvailableBlock.tsx,n_a
/not-available,de-CH,SubscribeBlock.tsx,n_a
/not-available,de-CH,PersistentInfoBanner.tsx,n_a
/not-available,fr-FR,NotAvailableBlock.tsx,n_a
/not-available,fr-FR,SubscribeBlock.tsx,n_a
/not-available,fr-FR,PersistentInfoBanner.tsx,n_a
/not-available,nl-NL,NotAvailableBlock.tsx,n_a
/not-available,nl-NL,SubscribeBlock.tsx,n_a
/not-available,nl-NL,PersistentInfoBanner.tsx,n_a
/not-available,de-DE,NotAvailableBlock.tsx,n_a
/not-available,de-DE,SubscribeBlock.tsx,n_a
/not-available,de-DE,PersistentInfoBanner.tsx,n_a
/not-available,es-ES,NotAvailableBlock.tsx,n_a
/not-available,es-ES,SubscribeBlock.tsx,n_a
/not-available,es-ES,PersistentInfoBanner.tsx,n_a
/help,en,HtmlBlock.tsx,n_a
/help,en,TextBlock.tsx,n_a
/help,en,HelpLinks.tsx,n_a
/help,en,FAQ.tsx,help-centre/faq/save
/help,en,PersistentInfoBanner.tsx,n_a
/help,en,GenericRecommendedHotels.tsx,search/recommended
/help,en,Chatbot.tsx,n_a
/help/help-on-holiday,en,PersistentInfoBanner.tsx,n_a
/help/help-on-holiday,en,TextBlock.tsx,n_a
/help/help-on-holiday,en,ContentModal.tsx,n_a
/help/help-on-holiday,en,FAQ.tsx,help-centre/faq/save
/help/help-on-holiday,en,Chatbot.tsx,n_a
/help/how-to-book-a-holiday,en,PersistentInfoBanner.tsx,n_a
/help/how-to-book-a-holiday,en,SearchPod.tsx,destinations/search
/help/how-to-book-a-holiday,en,SearchPod.tsx,tracking/user-search
/help/how-to-book-a-holiday,en,TextBlock.tsx,n_a
/help/how-to-book-a-holiday,en,PromoBlocks.tsx,availability/from
/help/how-to-book-a-holiday,en,PromoBlocks.tsx,price
/help/how-to-book-a-holiday,en,PromoBlocks.tsx,destinations/search
/help/how-to-book-a-holiday,en,Chatbot.tsx,n_a
/help/contact-form,en,PersistentInfoBanner.tsx,n_a
/help/contact-form,en,PromoBlocks.tsx,availability/from
/help/contact-form,en,PromoBlocks.tsx,price
/help/contact-form,en,PromoBlocks.tsx,destinations/search
/help/contact-form,en,TextBlock.tsx,n_a
/help/contact-form,en,HtmlBlock.tsx,n_a
/help/contact-form,en,Accordion.tsx,n_a
/help/contact-form,en,Chatbot.tsx,n_a
/help/manage-your-booking,en,PersistentInfoBanner.tsx,n_a
/help/manage-your-booking,en,SearchPod.tsx,destinations/search
/help/manage-your-booking,en,SearchPod.tsx,tracking/user-search
/help/manage-your-booking,en,TextBlock.tsx,n_a
/help/manage-your-booking,en,ManageBooking.tsx,n_a
/help/manage-your-booking,en,FAQ.tsx,help-centre/faq/save
/help/manage-your-booking,en,Chatbot.tsx,n_a
/help/contact-us,en,PersistentInfoBanner.tsx,n_a
/help/contact-us,en,TextBlock.tsx,n_a
/help/contact-us,en,PromoBlocks.tsx,availability/from
/help/contact-us,en,PromoBlocks.tsx,price
/help/contact-us,en,PromoBlocks.tsx,destinations/search
/help/contact-us,en,Chatbot.tsx,n_a
/aide,fr-CH,HtmlBlock.tsx,n_a
/aide,fr-CH,TextBlock.tsx,n_a
/aide,fr-CH,HelpLinks.tsx,n_a
/aide,fr-CH,FAQ.tsx,help-centre/faq/save
/aide,fr-CH,PersistentInfoBanner.tsx,n_a
/aide,fr-CH,GenericRecommendedHotels.tsx,search/recommended
/aide/help-on-holiday,fr-CH,PersistentInfoBanner.tsx,n_a
/aide/help-on-holiday,fr-CH,TextBlock.tsx,n_a
/aide/help-on-holiday,fr-CH,ContentModal.tsx,n_a
/aide/help-on-holiday,fr-CH,FAQ.tsx,help-centre/faq/save
/aide/help-on-holiday,fr-CH,Chatbot.tsx,n_a
/aide/comment-réserver-des-vacances,fr-CH,PersistentInfoBanner.tsx,n_a
/aide/comment-réserver-des-vacances,fr-CH,SearchPod.tsx,destinations/search
/aide/comment-réserver-des-vacances,fr-CH,SearchPod.tsx,tracking/user-search
/aide/comment-réserver-des-vacances,fr-CH,TextBlock.tsx,n_a
/aide/comment-réserver-des-vacances,fr-CH,PromoBlocks.tsx,availability/from
/aide/comment-réserver-des-vacances,fr-CH,PromoBlocks.tsx,price
/aide/comment-réserver-des-vacances,fr-CH,PromoBlocks.tsx,destinations/search
/aide/comment-réserver-des-vacances,fr-CH,Chatbot.tsx,n_a
/aide/formulaire-de-contact,fr-CH,PersistentInfoBanner.tsx,n_a
/aide/formulaire-de-contact,fr-CH,TextBlock.tsx,n_a
/aide/formulaire-de-contact,fr-CH,PromoBlocks.tsx,availability/from
/aide/formulaire-de-contact,fr-CH,PromoBlocks.tsx,price
/aide/formulaire-de-contact,fr-CH,PromoBlocks.tsx,destinations/search
/aide/formulaire-de-contact,fr-CH,HtmlBlock.tsx,n_a
/aide/formulaire-de-contact,fr-CH,Accordion.tsx,n_a
/aide/formulaire-de-contact,fr-CH,Chatbot.tsx,n_a
/aide/gerer-votre-reservation,fr-CH,PersistentInfoBanner.tsx,n_a
/aide/gerer-votre-reservation,fr-CH,SearchPod.tsx,destinations/search
/aide/gerer-votre-reservation,fr-CH,SearchPod.tsx,tracking/user-search
/aide/gerer-votre-reservation,fr-CH,TextBlock.tsx,n_a
/aide/gerer-votre-reservation,fr-CH,ManageBooking.tsx,n_a
/aide/gerer-votre-reservation,fr-CH,Chatbot.tsx,n_a
/aide/contact,fr-CH,PersistentInfoBanner.tsx,n_a
/aide/contact,fr-CH,TextBlock.tsx,n_a
/aide/contact,fr-CH,PromoBlocks.tsx,availability/from
/aide/contact,fr-CH,PromoBlocks.tsx,price
/aide/contact,fr-CH,PromoBlocks.tsx,destinations/search
/aide/contact,fr-CH,Chatbot.tsx,n_a
/hilfe,de-CH,HtmlBlock.tsx,n_a
/hilfe,de-CH,TextBlock.tsx,n_a
/hilfe,de-CH,HelpLinks.tsx,n_a
/hilfe,de-CH,FAQ.tsx,help-centre/faq/save
/hilfe,de-CH,PersistentInfoBanner.tsx,n_a
/hilfe,de-CH,GenericRecommendedHotels.tsx,search/recommended
/hilfe/help-on-holiday,de-CH,PersistentInfoBanner.tsx,n_a
/hilfe/help-on-holiday,de-CH,TextBlock.tsx,n_a
/hilfe/help-on-holiday,de-CH,ContentModal.tsx,n_a
/hilfe/help-on-holiday,de-CH,FAQ.tsx,help-centre/faq/save
/hilfe/help-on-holiday,de-CH,Chatbot.tsx,n_a
/hilfe/wie-buche-ich-eine-reise,de-CH,PersistentInfoBanner.tsx,n_a
/hilfe/wie-buche-ich-eine-reise,de-CH,SearchPod.tsx,destinations/search
/hilfe/wie-buche-ich-eine-reise,de-CH,SearchPod.tsx,tracking/user-search
/hilfe/wie-buche-ich-eine-reise,de-CH,TextBlock.tsx,n_a
/hilfe/wie-buche-ich-eine-reise,de-CH,PromoBlocks.tsx,availability/from
/hilfe/wie-buche-ich-eine-reise,de-CH,PromoBlocks.tsx,price
/hilfe/wie-buche-ich-eine-reise,de-CH,PromoBlocks.tsx,destinations/search
/hilfe/wie-buche-ich-eine-reise,de-CH,Chatbot.tsx,n_a
/hilfe/kontakt-form,de-CH,PersistentInfoBanner.tsx,n_a
/hilfe/kontakt-form,de-CH,TextBlock.tsx,n_a
/hilfe/kontakt-form,de-CH,PromoBlocks.tsx,availability/from
/hilfe/kontakt-form,de-CH,PromoBlocks.tsx,price
/hilfe/kontakt-form,de-CH,PromoBlocks.tsx,destinations/search
/hilfe/kontakt-form,de-CH,HtmlBlock.tsx,n_a
/hilfe/kontakt-form,de-CH,Accordion.tsx,n_a
/hilfe/kontakt-form,de-CH,Chatbot.tsx,n_a
/hilfe/buchung-verwalten,de-CH,PersistentInfoBanner.tsx,n_a
/hilfe/buchung-verwalten,de-CH,SearchPod.tsx,destinations/search
/hilfe/buchung-verwalten,de-CH,SearchPod.tsx,tracking/user-search
/hilfe/buchung-verwalten,de-CH,TextBlock.tsx,n_a
/hilfe/buchung-verwalten,de-CH,ManageBooking.tsx,n_a
/hilfe/buchung-verwalten,de-CH,Chatbot.tsx,n_a
/hilfe/kontakt,de-CH,PersistentInfoBanner.tsx,n_a
/hilfe/kontakt,de-CH,TextBlock.tsx,n_a
/hilfe/kontakt,de-CH,PromoBlocks.tsx,availability/from
/hilfe/kontakt,de-CH,PromoBlocks.tsx,price
/hilfe/kontakt,de-CH,PromoBlocks.tsx,destinations/search
/hilfe/kontakt,de-CH,Chatbot.tsx,n_a
/aide,fr-FR,TextBlock.tsx,n_a
/aide,fr-FR,HelpLinks.tsx,n_a
/aide,fr-FR,FAQ.tsx,help-centre/faq/save
/aide,fr-FR,PersistentInfoBanner.tsx,n_a
/aide,fr-FR,GenericRecommendedHotels.tsx,search/recommended
/aide,fr-FR,Chatbot.tsx,n_a
/aide/aide-pour-les-vacances,fr-FR,PersistentInfoBanner.tsx,n_a
/aide/aide-pour-les-vacances,fr-FR,TextBlock.tsx,n_a
/aide/aide-pour-les-vacances,fr-FR,ContentModal.tsx,n_a
/aide/aide-pour-les-vacances,fr-FR,FAQ.tsx,help-centre/faq/save
/aide/aide-pour-les-vacances,fr-FR,Chatbot.tsx,n_a
/aide/comment-reserver-des-vacances,fr-FR,PersistentInfoBanner.tsx,n_a
/aide/comment-reserver-des-vacances,fr-FR,SearchPod.tsx,destinations/search
/aide/comment-reserver-des-vacances,fr-FR,SearchPod.tsx,tracking/user-search
/aide/comment-reserver-des-vacances,fr-FR,TextBlock.tsx,n_a
/aide/comment-reserver-des-vacances,fr-FR,PromoBlocks.tsx,availability/from
/aide/comment-reserver-des-vacances,fr-FR,PromoBlocks.tsx,price
/aide/comment-reserver-des-vacances,fr-FR,PromoBlocks.tsx,destinations/search
/aide/comment-reserver-des-vacances,fr-FR,Chatbot.tsx,n_a
/aide/formulaire-de-contact,fr-FR,PersistentInfoBanner.tsx,n_a
/aide/formulaire-de-contact,fr-FR,PromoBlocks.tsx,availability/from
/aide/formulaire-de-contact,fr-FR,PromoBlocks.tsx,price
/aide/formulaire-de-contact,fr-FR,PromoBlocks.tsx,destinations/search
/aide/formulaire-de-contact,fr-FR,TextBlock.tsx,n_a
/aide/formulaire-de-contact,fr-FR,HtmlBlock.tsx,n_a
/aide/formulaire-de-contact,fr-FR,Accordion.tsx,n_a
/aide/formulaire-de-contact,fr-FR,Chatbot.tsx,n_a
/aide/gerer-votre-reservation,fr-FR,PersistentInfoBanner.tsx,n_a
/aide/gerer-votre-reservation,fr-FR,SearchPod.tsx,destinations/search
/aide/gerer-votre-reservation,fr-FR,SearchPod.tsx,tracking/user-search
/aide/gerer-votre-reservation,fr-FR,TextBlock.tsx,n_a
/aide/gerer-votre-reservation,fr-FR,ManageBooking.tsx,n_a
/aide/gerer-votre-reservation,fr-FR,FAQ.tsx,help-centre/faq/save
/aide/gerer-votre-reservation,fr-FR,Chatbot.tsx,n_a
/aide/contact,fr-FR,PersistentInfoBanner.tsx,n_a
/aide/contact,fr-FR,TextBlock.tsx,n_a
/aide/contact,fr-FR,PromoBlocks.tsx,availability/from
/aide/contact,fr-FR,PromoBlocks.tsx,price
/aide/contact,fr-FR,PromoBlocks.tsx,destinations/search
/aide/contact,fr-FR,Chatbot.tsx,n_a
/hilfe,de-DE,TextBlock.tsx,n_a
/hilfe,de-DE,HelpLinks.tsx,n_a
/hilfe,de-DE,FAQ.tsx,help-centre/faq/save
/hilfe,de-DE,PersistentInfoBanner.tsx,n_a
/hilfe,de-DE,GenericRecommendedHotels.tsx,search/recommended
/hilfe,de-DE,Chatbot.tsx,n_a
/hilfe/hilfe-im-urlaub,de-DE,PersistentInfoBanner.tsx,n_a
/hilfe/hilfe-im-urlaub,de-DE,TextBlock.tsx,n_a
/hilfe/hilfe-im-urlaub,de-DE,ContentModal.tsx,n_a
/hilfe/hilfe-im-urlaub,de-DE,FAQ.tsx,help-centre/faq/save
/hilfe/hilfe-im-urlaub,de-DE,Chatbot.tsx,n_a
/hilfe/wie-buche-ich-eine-reise,de-DE,PersistentInfoBanner.tsx,n_a
/hilfe/wie-buche-ich-eine-reise,de-DE,SearchPod.tsx,destinations/search
/hilfe/wie-buche-ich-eine-reise,de-DE,SearchPod.tsx,tracking/user-search
/hilfe/wie-buche-ich-eine-reise,de-DE,TextBlock.tsx,n_a
/hilfe/wie-buche-ich-eine-reise,de-DE,PromoBlocks.tsx,availability/from
/hilfe/wie-buche-ich-eine-reise,de-DE,PromoBlocks.tsx,price
/hilfe/wie-buche-ich-eine-reise,de-DE,PromoBlocks.tsx,destinations/search
/hilfe/wie-buche-ich-eine-reise,de-DE,Chatbot.tsx,n_a
/hilfe/kontakt-form,de-DE,PersistentInfoBanner.tsx,n_a
/hilfe/kontakt-form,de-DE,PromoBlocks.tsx,availability/from
/hilfe/kontakt-form,de-DE,PromoBlocks.tsx,price
/hilfe/kontakt-form,de-DE,PromoBlocks.tsx,destinations/search
/hilfe/kontakt-form,de-DE,TextBlock.tsx,n_a
/hilfe/kontakt-form,de-DE,HtmlBlock.tsx,n_a
/hilfe/kontakt-form,de-DE,Accordion.tsx,n_a
/hilfe/kontakt-form,de-DE,Chatbot.tsx,n_a
/hilfe/buchung-verwalten,de-DE,PersistentInfoBanner.tsx,n_a
/hilfe/buchung-verwalten,de-DE,SearchPod.tsx,destinations/search
/hilfe/buchung-verwalten,de-DE,SearchPod.tsx,tracking/user-search
/hilfe/buchung-verwalten,de-DE,TextBlock.tsx,n_a
/hilfe/buchung-verwalten,de-DE,ManageBooking.tsx,n_a
/hilfe/buchung-verwalten,de-DE,FAQ.tsx,help-centre/faq/save
/hilfe/buchung-verwalten,de-DE,Chatbot.tsx,n_a
/hilfe/kontakt,de-DE,PersistentInfoBanner.tsx,n_a
/hilfe/kontakt,de-DE,TextBlock.tsx,n_a
/hilfe/kontakt,de-DE,PromoBlocks.tsx,availability/from
/hilfe/kontakt,de-DE,PromoBlocks.tsx,price
/hilfe/kontakt,de-DE,PromoBlocks.tsx,destinations/search
/hilfe/kontakt,de-DE,Chatbot.tsx,n_a
/iframe-search-pod,en,SearchPod.tsx,destinations/search
/iframe-search-pod,en,SearchPod.tsx,tracking/user-search
/iframe-search-pod,en,SearchpodLink.tsx,n_a
/iframe-search-pod,fr-CH,SearchPod.tsx,destinations/search
/iframe-search-pod,fr-CH,SearchPod.tsx,tracking/user-search
/iframe-search-pod,fr-CH,SearchpodLink.tsx,n_a
/iframe-search-pod,de-CH,SearchPod.tsx,destinations/search
/iframe-search-pod,de-CH,SearchPod.tsx,tracking/user-search
/iframe-search-pod,de-CH,SearchpodLink.tsx,n_a
/iframe-search-pod,fr-FR,SearchPod.tsx,destinations/search
/iframe-search-pod,fr-FR,SearchPod.tsx,tracking/user-search
/iframe-search-pod,fr-FR,SearchpodLink.tsx,n_a
/iframe-search-pod,de-DE,SearchPod.tsx,destinations/search
/iframe-search-pod,de-DE,SearchPod.tsx,tracking/user-search
/iframe-search-pod,de-DE,SearchpodLink.tsx,n_a
/destinations/spain,en,PersistentInfoBanner.tsx,n_a
/destinations/spain,en,SearchPod.tsx,destinations/search
/destinations/spain,en,SearchPod.tsx,tracking/user-search
/destinations/spain,en,PromoMerchBanner.tsx,n_a
/destinations/spain,en,DestinationInfoBlock.tsx,n_a
/destinations/spain,en,NeedToKnow.tsx,n_a
/destinations/spain,en,DestinationMap.tsx,hotel/summary/location
/destinations/spain,en,TextBlock.tsx,n_a
/destinations/spain,en,MasonryCarousel.tsx,price
/destinations/spain,en,MasonryCarousel.tsx,destinations/search
/destinations/spain,en,MasonryCarousel.tsx,availability/exists
/destinations/spain,en,Excursions.tsx,excursions
/destinations/spain,en,DestinationGuide.tsx,n_a
/destinations/spain,en,ConfidenceModuleTransformer.tsx,n_a
/destinations/spain,en,CustomersFeedback.tsx,n_a
/destinations/spain/tenerife/playa-de-las-americas/cleopatra-palace,en,PersistentInfoBanner.tsx,n_a
/destinations/spain/tenerife/playa-de-las-americas/cleopatra-palace,en,SearchPod.tsx,destinations/search
/destinations/spain/tenerife/playa-de-las-americas/cleopatra-palace,en,SearchPod.tsx,tracking/user-search
/destinations/spain/tenerife/playa-de-las-americas/cleopatra-palace,en,HotelImageCarouselBrowse.tsx,api/utilities/DeleteItems
/destinations/spain/tenerife/playa-de-las-americas/cleopatra-palace,en,HotelImageSideBarBrowse.tsx,price
/destinations/spain/tenerife/playa-de-las-americas/cleopatra-palace,en,HotelImageSideBarBrowse.tsx,destinations/search
/destinations/spain/tenerife/playa-de-las-americas/cleopatra-palace,en,HotelImageSideBarBrowse.tsx,shortlist/hotelStatus/${accommodationId}
/destinations/spain/tenerife/playa-de-las-americas/cleopatra-palace,en,ShareHolidayButton.tsx,hotukdeals.com/social/share
/destinations/spain/tenerife/playa-de-las-americas/cleopatra-palace,en,ShareHolidayButton.tsx,wa.me/
/destinations/spain/tenerife/playa-de-las-americas/cleopatra-palace,en,ShareHolidayButton.tsx,`mailto:?subject=${encodeURIComponent(subject)}&body=${encodeURIComponent(body)}`
/destinations/spain/tenerife/playa-de-las-americas/cleopatra-palace,en,ShareHolidayButton.tsx,twitter.com/share
/destinations/spain/tenerife/playa-de-las-americas/cleopatra-palace,en,ShareHolidayButton.tsx,www.facebook.com/sharer/sharer.php
/destinations/spain/tenerife/playa-de-las-americas/cleopatra-palace,en,ShareHolidayButton.tsx,`sms:?&body=${encodeURIComponent(body)}`
/destinations/spain/tenerife/playa-de-las-americas/cleopatra-palace,en,HotelInfoBrowse.tsx,n_a
/destinations/spain/tenerife/playa-de-las-americas/cleopatra-palace,en,PromoBlocks.tsx,availability/from
/destinations/spain/tenerife/playa-de-las-americas/cleopatra-palace,en,PromoBlocks.tsx,price
/destinations/spain/tenerife/playa-de-las-americas/cleopatra-palace,en,PromoBlocks.tsx,destinations/search
/destinations/spain/tenerife/playa-de-las-americas/cleopatra-palace,en,VirtualHotelFacilities.tsx,api/utilities/SortItems
/destinations/spain/tenerife/playa-de-las-americas/cleopatra-palace,en,VirtualHotelFacilities.tsx,api/ReferenceData/GetVirtualFacilityGroupIdByFacilityId
/destinations/spain/tenerife/playa-de-las-americas/cleopatra-palace,en,EcoCertified.tsx,n_a
/destinations/spain/tenerife/playa-de-las-americas/cleopatra-palace,en,ResortInfoBlock.tsx,hotel/resort-info
/destinations/spain/tenerife/playa-de-las-americas/cleopatra-palace,en,HotelLocationBrowse.tsx,hotel/summary/polygon
/destinations/spain/tenerife/playa-de-las-americas/cleopatra-palace,en,BoardTypesBrowse.tsx,sitecore/api/ssc/item/${encodeURIComponent
/destinations/spain/tenerife/playa-de-las-americas/cleopatra-palace,en,BoardTypesBrowse.tsx,api/utilities/SortItems
/destinations/spain/tenerife/playa-de-las-americas/cleopatra-palace,en,BoardTypesBrowse.tsx,sitecore/api/ssc/item/${itemId}
/destinations/spain/tenerife/playa-de-las-americas/cleopatra-palace,en,RoomTypesBrowse.tsx,sitecore/api/ssc/item/${encodeURIComponent
/destinations/spain/tenerife/playa-de-las-americas/cleopatra-palace,en,RoomTypesBrowse.tsx,api/utilities/SortItems
/destinations/spain/tenerife/playa-de-las-americas/cleopatra-palace,en,RoomTypesBrowse.tsx,sitecore/api/ssc/item/${itemId}
/destinations/spain/tenerife/playa-de-las-americas/cleopatra-palace,en,WeatherDataCarousel.tsx,n_a
/destinations/spain/tenerife/playa-de-las-americas/cleopatra-palace,en,HotelReviewsBrowse.tsx,hotel/reviews/${hotelId}
