Page,Rendering,API,Count
/,FeaturedHotels.tsx,availability/from,40
/,SearchPod.tsx,tracking/user-search,10
/,SearchPodWithHeader.tsx,tracking/user-search,10
/,PromoBlocks.tsx,availability/from,16
/copy-of-hotel-details,BookingTransitionScreen.tsx,search/alternative-flights,2
/copy-of-hotel-details,AlternativeFlights.tsx,search/extras,2
/copy-of-hotel-details,ResortInfoBlock.tsx,hotel/resort-info,3
/copy-of-hotel-details,ShareHolidayButton.tsx,hotukdeals.com/social/share,10
/copy-of-hotel-details,SearchPod.tsx,tracking/user-search,2
/copy-of-hotel-details,SearchPodWithHeader.tsx,tracking/user-search,2
/hotel-details,SearchPod.tsx,tracking/user-search,2
/hotel-details,SearchPodWithHeader.tsx,tracking/user-search,2
/hotel-details,AlternativeFlights.tsx,search/extras,2
/hotel-details,ResortInfoBlock.tsx,hotel/resort-info,3
/hotel-details,ShareHolidayButton.tsx,hotukdeals.com/social/share,10
/hotel-details,BookingTransitionScreen.tsx,search/alternative-flights,2
/deals,DealsPromoTiles.tsx,requested-price,6
/deals,SearchPod.tsx,tracking/user-search,4
/deals,SearchPodWithHeader.tsx,tracking/user-search,4
/deals,PromopageSearchPod.tsx,availability/dates,4
/deals,SearchResults.tsx,search/recommended,4
/deals,GenericRecommendedHotels.tsx,search/recommended,6
/deals,DealsDestinations.tsx,requested-price,21
/deals,FeaturedHotels.tsx,availability/from,8
/deals,QuestionAndAnswer.tsx,help-centre/faq/save,2
/deals,PromoBlocks.tsx,availability/from,2
/deals,CardsWithLinks.tsx,availability/from,2
/dynamic-promo-pages/beach-holidays,SearchResults.tsx,search/recommended,2
/dynamic-promo-pages/beach-holidays,GenericRecommendedHotels.tsx,search/recommended,3
/dynamic-promo-pages/beach-holidays,SearchPod.tsx,tracking/user-search,2
/dynamic-promo-pages/beach-holidays,SearchPodWithHeader.tsx,tracking/user-search,2
/extras,PromoBlocks.tsx,availability/from,6
/extras,SearchPod.tsx,tracking/user-search,2
/extras,SearchPodWithHeader.tsx,tracking/user-search,2
/Holiday-Types,SearchPod.tsx,tracking/user-search,2
/Holiday-Types,SearchPodWithHeader.tsx,tracking/user-search,2
/all-inclusive-holidays,SearchPod.tsx,tracking/user-search,2
/all-inclusive-holidays,SearchPodWithHeader.tsx,tracking/user-search,2
/all-inclusive-holidays,QuestionAndAnswer.tsx,help-centre/faq/save,2
/all-inclusive-holidays,DealsDestinations.tsx,requested-price,15
/all-inclusive-holidays,FeaturedHotels.tsx,availability/from,8
/all-inclusive-holidays,PromoBlocks.tsx,availability/from,2
/all-inclusive-holidays,CardsWithLinks.tsx,availability/from,4
/all-inclusive-holidays,GenericRecommendedHotels.tsx,search/recommended,3
/all-inclusive-holidays,SearchResults.tsx,search/recommended,2
/all-inclusive-holidays,PromopageSearchPod.tsx,availability/dates,4
/beach-holidays,GenericRecommendedHotels.tsx,search/recommended,3
/beach-holidays,SearchResults.tsx,search/recommended,2
/beach-holidays,DealsDestinations.tsx,requested-price,6
/beach-holidays,PromoBlocks.tsx,availability/from,16
/beach-holidays,CardsWithLinks.tsx,availability/from,2
/beach-holidays,QuestionAndAnswer.tsx,help-centre/faq/save,1
/beach-holidays,SearchPod.tsx,tracking/user-search,2
/beach-holidays,SearchPodWithHeader.tsx,tracking/user-search,2
/vacances-en-famille,DealsDestinations.tsx,requested-price,6
/vacances-en-famille,SearchPod.tsx,tracking/user-search,2
/vacances-en-famille,SearchPodWithHeader.tsx,tracking/user-search,2
/vacances-en-famille,PromoBlocks.tsx,availability/from,2
/vacances-en-famille,GenericRecommendedHotels.tsx,search/recommended,3
/vacances-en-famille,SearchResults.tsx,search/recommended,2
/vacances-en-famille,CardsWithLinks.tsx,availability/from,6
/vacances-en-famille,QuestionAndAnswer.tsx,help-centre/faq/save,1
/city-breaks,SearchPod.tsx,tracking/user-search,2
/city-breaks,SearchPodWithHeader.tsx,tracking/user-search,2
/city-breaks,DealsDestinations.tsx,requested-price,21
/city-breaks,PromoBlocks.tsx,availability/from,8
/city-breaks,GenericRecommendedHotels.tsx,search/recommended,3
/city-breaks,SearchResults.tsx,search/recommended,2
/city-breaks,QuestionAndAnswer.tsx,help-centre/faq/save,1
/city-breaks,CardsWithLinks.tsx,availability/from,2
/city-breaks,PromopageSearchPod.tsx,availability/dates,4
/vacances-de-dernière-minute,DealsDestinations.tsx,requested-price,42
/vacances-de-dernière-minute,CardsWithLinks.tsx,availability/from,2
/vacances-de-dernière-minute,DealsPromoTiles.tsx,requested-price,4
/vacances-de-dernière-minute,QuestionAndAnswer.tsx,help-centre/faq/save,2
/vacances-de-dernière-minute,PromoBlocks.tsx,availability/from,6
/vacances-de-dernière-minute,SearchPod.tsx,tracking/user-search,2
/vacances-de-dernière-minute,SearchPodWithHeader.tsx,tracking/user-search,2
/honeymoon-holidays,DealsDestinations.tsx,requested-price,9
/honeymoon-holidays,CardsWithLinks.tsx,availability/from,4
/honeymoon-holidays,PromoBlocks.tsx,availability/from,10
/honeymoon-holidays,SearchPod.tsx,tracking/user-search,2
/honeymoon-holidays,SearchPodWithHeader.tsx,tracking/user-search,2
/honeymoon-holidays,QuestionAndAnswer.tsx,help-centre/faq/save,2
/adults-holidays,DealsDestinations.tsx,requested-price,3
/adults-holidays,SearchPod.tsx,tracking/user-search,2
/adults-holidays,SearchPodWithHeader.tsx,tracking/user-search,2
/adults-holidays,QuestionAndAnswer.tsx,help-centre/faq/save,1
/adults-holidays,CardsWithLinks.tsx,availability/from,2
/adults-holidays,GenericRecommendedHotels.tsx,search/recommended,3
/adults-holidays,SearchResults.tsx,search/recommended,2
/adults-holidays,PromopageSearchPod.tsx,availability/dates,4
/couples-holidays,QuestionAndAnswer.tsx,help-centre/faq/save,1
/couples-holidays,DealsDestinations.tsx,requested-price,6
/couples-holidays,PromoBlocks.tsx,availability/from,6
/couples-holidays,SearchPod.tsx,tracking/user-search,2
/couples-holidays,SearchPodWithHeader.tsx,tracking/user-search,2
/couples-holidays,CardsWithLinks.tsx,availability/from,2
/party-holidays,QuestionAndAnswer.tsx,help-centre/faq/save,1
/party-holidays,SearchPod.tsx,tracking/user-search,2
/party-holidays,SearchPodWithHeader.tsx,tracking/user-search,2
/party-holidays,PromoBlocks.tsx,availability/from,2
/all-inclusive-holidays/cyprus,SearchPod.tsx,tracking/user-search,2
/all-inclusive-holidays/cyprus,SearchPodWithHeader.tsx,tracking/user-search,2
/all-inclusive-holidays/cyprus,PromoBlocks.tsx,availability/from,2
/all-inclusive-holidays/cyprus,QuestionAndAnswer.tsx,help-centre/faq/save,1
/all-inclusive-holidays/cyprus,DealsDestinations.tsx,requested-price,3
/all-inclusive-holidays/greece,DealsDestinations.tsx,requested-price,9
/all-inclusive-holidays/greece,SearchPod.tsx,tracking/user-search,4
/all-inclusive-holidays/greece,SearchPodWithHeader.tsx,tracking/user-search,4
/all-inclusive-holidays/greece,QuestionAndAnswer.tsx,help-centre/faq/save,2
/all-inclusive-holidays/greece,PromoBlocks.tsx,availability/from,4
/all-inclusive-holidays/portugal,PromoBlocks.tsx,availability/from,4
/all-inclusive-holidays/portugal,QuestionAndAnswer.tsx,help-centre/faq/save,2
/all-inclusive-holidays/portugal,SearchPod.tsx,tracking/user-search,4
/all-inclusive-holidays/portugal,SearchPodWithHeader.tsx,tracking/user-search,4
/all-inclusive-holidays/portugal,DealsDestinations.tsx,requested-price,6
/all-inclusive-holidays/spain,DealsDestinations.tsx,requested-price,12
/all-inclusive-holidays/spain,Excursions.tsx,excursions,3
/all-inclusive-holidays/spain,MasonryCarousel.tsx,price,3
/all-inclusive-holidays/spain,SearchPod.tsx,tracking/user-search,6
/all-inclusive-holidays/spain,SearchPodWithHeader.tsx,tracking/user-search,6
/all-inclusive-holidays/spain,DestinationMap.tsx,hotel/summary/location,5
/all-inclusive-holidays/spain,PromoBlocks.tsx,availability/from,4
/all-inclusive-holidays/spain,QuestionAndAnswer.tsx,help-centre/faq/save,2
/all-inclusive-holidays/turkey,PromoBlocks.tsx,availability/from,4
/all-inclusive-holidays/turkey,QuestionAndAnswer.tsx,help-centre/faq/save,2
/all-inclusive-holidays/turkey,DealsDestinations.tsx,requested-price,6
/all-inclusive-holidays/turkey,SearchPod.tsx,tracking/user-search,4
/all-inclusive-holidays/turkey,SearchPodWithHeader.tsx,tracking/user-search,4
/lakes-holidays,GenericRecommendedHotels.tsx,search/recommended,3
/lakes-holidays,SearchResults.tsx,search/recommended,2
/lakes-holidays,SearchPod.tsx,tracking/user-search,2
/lakes-holidays,SearchPodWithHeader.tsx,tracking/user-search,2
/lakes-holidays,DealsDestinations.tsx,requested-price,3
/lakes-holidays,QuestionAndAnswer.tsx,help-centre/faq/save,1
/lakes-holidays,CardsWithLinks.tsx,availability/from,2
/lakes-holidays,PromopageSearchPod.tsx,availability/dates,4
/group-holidays,QuestionAndAnswer.tsx,help-centre/faq/save,2
/group-holidays,CardsWithLinks.tsx,availability/from,4
/group-holidays,DealsDestinations.tsx,requested-price,15
/group-holidays,PromoBlocks.tsx,availability/from,4
/group-holidays,GenericRecommendedHotels.tsx,search/recommended,3
/group-holidays,SearchResults.tsx,search/recommended,2
/ppc,GenericRecommendedHotels.tsx,search/recommended,3
/ppc,SearchResults.tsx,search/recommended,2
/ppc,DealsDestinations.tsx,requested-price,3
/ppc,CardsWithLinks.tsx,availability/from,2
/ppc,QuestionAndAnswer.tsx,help-centre/faq/save,1
/ppc/all-inclusive-holidays,SearchPod.tsx,tracking/user-search,2
/ppc/all-inclusive-holidays,SearchPodWithHeader.tsx,tracking/user-search,2
/ppc/all-inclusive-holidays,QuestionAndAnswer.tsx,help-centre/faq/save,2
/ppc/all-inclusive-holidays,DealsDestinations.tsx,requested-price,15
/ppc/all-inclusive-holidays,FeaturedHotels.tsx,availability/from,8
/ppc/all-inclusive-holidays,PromoBlocks.tsx,availability/from,2
/ppc/all-inclusive-holidays,CardsWithLinks.tsx,availability/from,4
/ppc/all-inclusive-holidays,GenericRecommendedHotels.tsx,search/recommended,3
/ppc/all-inclusive-holidays,SearchResults.tsx,search/recommended,2
/solo-holidays,GenericRecommendedHotels.tsx,search/recommended,3
/solo-holidays,SearchResults.tsx,search/recommended,2
/solo-holidays,DealsDestinations.tsx,requested-price,3
/solo-holidays,CardsWithLinks.tsx,availability/from,2
/solo-holidays,SearchPod.tsx,tracking/user-search,2
/solo-holidays,SearchPodWithHeader.tsx,tracking/user-search,2
/solo-holidays,QuestionAndAnswer.tsx,help-centre/faq/save,1
/black-friday-holiday-deals,DealsDestinations.tsx,requested-price,6
/black-friday-holiday-deals,SearchPod.tsx,tracking/user-search,2
/black-friday-holiday-deals,SearchPodWithHeader.tsx,tracking/user-search,2
/black-friday-holiday-deals,QuestionAndAnswer.tsx,help-centre/faq/save,1
/black-friday-holiday-deals,DealsPromoTiles.tsx,requested-price,2
/holiday-offers,DealsDestinations.tsx,requested-price,9
/holiday-offers,QuestionAndAnswer.tsx,help-centre/faq/save,1
/holiday-offers,SearchPod.tsx,tracking/user-search,2
/holiday-offers,SearchPodWithHeader.tsx,tracking/user-search,2
/christmas-markets,SearchPod.tsx,tracking/user-search,2
/christmas-markets,SearchPodWithHeader.tsx,tracking/user-search,2
/christmas-markets,DealsDestinations.tsx,requested-price,3
/christmas-markets,DealsPromoTiles.tsx,requested-price,2
/christmas-markets,QuestionAndAnswer.tsx,help-centre/faq/save,1
/christmas-markets,CardsWithLinks.tsx,availability/from,2
/christmas-markets,GenericRecommendedHotels.tsx,search/recommended,3
/christmas-markets,SearchResults.tsx,search/recommended,2
/european-events,SearchPod.tsx,tracking/user-search,2
/european-events,SearchPodWithHeader.tsx,tracking/user-search,2
/european-events,PromoBlocks.tsx,availability/from,2
/holidays-from-london-gatwick,SearchPod.tsx,tracking/user-search,2
/holidays-from-london-gatwick,SearchPodWithHeader.tsx,tracking/user-search,2
/holidays-from-london-gatwick,DealsDestinations.tsx,requested-price,9
/holidays-from-london-gatwick,PromoBlocks.tsx,availability/from,2
/holidays-from-london-gatwick,CardsWithLinks.tsx,availability/from,2
/last-minute-holidays,DealsDestinations.tsx,requested-price,42
/last-minute-holidays,CardsWithLinks.tsx,availability/from,2
/last-minute-holidays,DealsPromoTiles.tsx,requested-price,4
/last-minute-holidays,QuestionAndAnswer.tsx,help-centre/faq/save,2
/last-minute-holidays,PromoBlocks.tsx,availability/from,6
/last-minute-holidays,SearchPod.tsx,tracking/user-search,2
/last-minute-holidays,SearchPodWithHeader.tsx,tracking/user-search,2
/luxury-holidays,DealsPromoTiles.tsx,requested-price,2
/luxury-holidays,DealsDestinations.tsx,requested-price,6
/luxury-holidays,CardsWithLinks.tsx,availability/from,2
/luxury-holidays,GenericRecommendedHotels.tsx,search/recommended,3
/luxury-holidays,SearchResults.tsx,search/recommended,2
/luxury-holidays,SearchPod.tsx,tracking/user-search,2
/luxury-holidays,SearchPodWithHeader.tsx,tracking/user-search,2
/luxury-holidays,QuestionAndAnswer.tsx,help-centre/faq/save,1
/luxury-holidays,PromopageSearchPod.tsx,availability/dates,4
/family-holidays,DealsDestinations.tsx,requested-price,6
/family-holidays,SearchPod.tsx,tracking/user-search,2
/family-holidays,SearchPodWithHeader.tsx,tracking/user-search,2
/family-holidays,PromoBlocks.tsx,availability/from,2
/family-holidays,GenericRecommendedHotels.tsx,search/recommended,3
/family-holidays,SearchResults.tsx,search/recommended,2
/family-holidays,CardsWithLinks.tsx,availability/from,6
/family-holidays,QuestionAndAnswer.tsx,help-centre/faq/save,1
/family-holidays,PromopageSearchPod.tsx,availability/dates,4
/family-holidays/greece,DealsDestinations.tsx,requested-price,9
/family-holidays/greece,SearchPod.tsx,tracking/user-search,4
/family-holidays/greece,SearchPodWithHeader.tsx,tracking/user-search,4
/family-holidays/greece,QuestionAndAnswer.tsx,help-centre/faq/save,2
/family-holidays/greece,PromoBlocks.tsx,availability/from,4
/family-holidays/spain,DealsDestinations.tsx,requested-price,12
/family-holidays/spain,Excursions.tsx,excursions,3
/family-holidays/spain,MasonryCarousel.tsx,price,3
/family-holidays/spain,SearchPod.tsx,tracking/user-search,6
/family-holidays/spain,SearchPodWithHeader.tsx,tracking/user-search,6
/family-holidays/spain,DestinationMap.tsx,hotel/summary/location,5
/family-holidays/spain,PromoBlocks.tsx,availability/from,4
/family-holidays/spain,QuestionAndAnswer.tsx,help-centre/faq/save,2
/family-holidays/portugal,PromoBlocks.tsx,availability/from,4
/family-holidays/portugal,QuestionAndAnswer.tsx,help-centre/faq/save,2
/family-holidays/portugal,SearchPod.tsx,tracking/user-search,4
/family-holidays/portugal,SearchPodWithHeader.tsx,tracking/user-search,4
/family-holidays/portugal,DealsDestinations.tsx,requested-price,6
/family-holidays/turkey,PromoBlocks.tsx,availability/from,4
/family-holidays/turkey,QuestionAndAnswer.tsx,help-centre/faq/save,2
/family-holidays/turkey,DealsDestinations.tsx,requested-price,6
/family-holidays/turkey,SearchPod.tsx,tracking/user-search,4
/family-holidays/turkey,SearchPodWithHeader.tsx,tracking/user-search,4
/family-holidays/italy,SearchPod.tsx,tracking/user-search,2
/family-holidays/italy,SearchPodWithHeader.tsx,tracking/user-search,2
/family-holidays/italy,DealsDestinations.tsx,requested-price,6
/family-holidays/italy,QuestionAndAnswer.tsx,help-centre/faq/save,1
/family-holidays/italy,PromoBlocks.tsx,availability/from,2
/family-holidays/family-holidays-with-teenagers,QuestionAndAnswer.tsx,help-centre/faq/save,1
/family-holidays/family-holidays-with-teenagers,SearchPod.tsx,tracking/user-search,2
/family-holidays/family-holidays-with-teenagers,SearchPodWithHeader.tsx,tracking/user-search,2
/family-holidays/family-holidays-with-teenagers,DealsDestinations.tsx,requested-price,3
/family-holidays/toddler-friendly-holidays,DealsDestinations.tsx,requested-price,3
/family-holidays/toddler-friendly-holidays,SearchPod.tsx,tracking/user-search,2
/family-holidays/toddler-friendly-holidays,SearchPodWithHeader.tsx,tracking/user-search,2
/family-holidays/toddler-friendly-holidays,QuestionAndAnswer.tsx,help-centre/faq/save,1
/seasonal-holidays,QuestionAndAnswer.tsx,help-centre/faq/save,1
/seasonal-holidays,SearchPod.tsx,tracking/user-search,2
/seasonal-holidays,SearchPodWithHeader.tsx,tracking/user-search,2
/seasonal-holidays,PromoBlocks.tsx,availability/from,6
/self-catering-holidays,SearchPod.tsx,tracking/user-search,2
/self-catering-holidays,SearchPodWithHeader.tsx,tracking/user-search,2
/self-catering-holidays,GenericRecommendedHotels.tsx,search/recommended,3
/self-catering-holidays,SearchResults.tsx,search/recommended,2
/self-catering-holidays,CardsWithLinks.tsx,availability/from,2
/self-catering-holidays,DealsDestinations.tsx,requested-price,3
/self-catering-holidays,QuestionAndAnswer.tsx,help-centre/faq/save,1
/self-catering-holidays,PromopageSearchPod.tsx,availability/dates,4
/short-breaks,DealsDestinations.tsx,requested-price,9
/short-breaks,SearchPod.tsx,tracking/user-search,2
/short-breaks,SearchPodWithHeader.tsx,tracking/user-search,2
/short-breaks,QuestionAndAnswer.tsx,help-centre/faq/save,1
/single-parent-families,GenericRecommendedHotels.tsx,search/recommended,3
/single-parent-families,SearchResults.tsx,search/recommended,2
/single-parent-families,DealsDestinations.tsx,requested-price,3
/single-parent-families,QuestionAndAnswer.tsx,help-centre/faq/save,1
/single-parent-families,CardsWithLinks.tsx,availability/from,2
/single-parent-families,SearchPod.tsx,tracking/user-search,2
/single-parent-families,SearchPodWithHeader.tsx,tracking/user-search,2
/Types-de-vacances,SearchPod.tsx,tracking/user-search,2
/Types-de-vacances,SearchPodWithHeader.tsx,tracking/user-search,2
/vacances-all-inclusive,SearchPod.tsx,tracking/user-search,2
/vacances-all-inclusive,SearchPodWithHeader.tsx,tracking/user-search,2
/vacances-all-inclusive,QuestionAndAnswer.tsx,help-centre/faq/save,2
/vacances-all-inclusive,DealsDestinations.tsx,requested-price,15
/vacances-all-inclusive,FeaturedHotels.tsx,availability/from,8
/vacances-all-inclusive,PromoBlocks.tsx,availability/from,2
/vacances-all-inclusive,CardsWithLinks.tsx,availability/from,4
/vacances-all-inclusive,GenericRecommendedHotels.tsx,search/recommended,3
/vacances-all-inclusive,SearchResults.tsx,search/recommended,2
/offres-de-vacances,DealsPromoTiles.tsx,requested-price,6
/offres-de-vacances,SearchPod.tsx,tracking/user-search,4
/offres-de-vacances,SearchPodWithHeader.tsx,tracking/user-search,4
/offres-de-vacances,PromopageSearchPod.tsx,availability/dates,4
/offres-de-vacances,SearchResults.tsx,search/recommended,4
/offres-de-vacances,GenericRecommendedHotels.tsx,search/recommended,6
/offres-de-vacances,DealsDestinations.tsx,requested-price,21
/offres-de-vacances,FeaturedHotels.tsx,availability/from,8
/offres-de-vacances,QuestionAndAnswer.tsx,help-centre/faq/save,2
/offres-de-vacances,PromoBlocks.tsx,availability/from,2
/offres-de-vacances,CardsWithLinks.tsx,availability/from,2
/vacances-plage,GenericRecommendedHotels.tsx,search/recommended,3
/vacances-plage,SearchResults.tsx,search/recommended,2
/vacances-plage,DealsDestinations.tsx,requested-price,21
/vacances-plage,PromoBlocks.tsx,availability/from,16
/vacances-plage,CardsWithLinks.tsx,availability/from,2
/vacances-plage,QuestionAndAnswer.tsx,help-centre/faq/save,1
/vacances-plage,SearchPod.tsx,tracking/user-search,2
/vacances-plage,SearchPodWithHeader.tsx,tracking/user-search,2
/escapades-en-ville,SearchPod.tsx,tracking/user-search,2
/escapades-en-ville,SearchPodWithHeader.tsx,tracking/user-search,2
/escapades-en-ville,DealsDestinations.tsx,requested-price,21
/escapades-en-ville,PromoBlocks.tsx,availability/from,8
/escapades-en-ville,GenericRecommendedHotels.tsx,search/recommended,3
/escapades-en-ville,SearchResults.tsx,search/recommended,2
/escapades-en-ville,QuestionAndAnswer.tsx,help-centre/faq/save,1
/escapades-en-ville,CardsWithLinks.tsx,availability/from,2
/vacances-derniere-minute,DealsDestinations.tsx,requested-price,42
/vacances-derniere-minute,CardsWithLinks.tsx,availability/from,2
/vacances-derniere-minute,DealsPromoTiles.tsx,requested-price,4
/vacances-derniere-minute,QuestionAndAnswer.tsx,help-centre/faq/save,2
/vacances-derniere-minute,PromoBlocks.tsx,availability/from,6
/vacances-derniere-minute,SearchPod.tsx,tracking/user-search,2
/vacances-derniere-minute,SearchPodWithHeader.tsx,tracking/user-search,2
/voyage-de-noce,DealsDestinations.tsx,requested-price,9
/voyage-de-noce,CardsWithLinks.tsx,availability/from,4
/voyage-de-noce,PromoBlocks.tsx,availability/from,10
/voyage-de-noce,SearchPod.tsx,tracking/user-search,2
/voyage-de-noce,SearchPodWithHeader.tsx,tracking/user-search,2
/voyage-de-noce,QuestionAndAnswer.tsx,help-centre/faq/save,2
/Ferienarten,SearchPod.tsx,tracking/user-search,2
/Ferienarten,SearchPodWithHeader.tsx,tracking/user-search,2
/all-inclusive-ferien,SearchPod.tsx,tracking/user-search,2
/all-inclusive-ferien,SearchPodWithHeader.tsx,tracking/user-search,2
/all-inclusive-ferien,QuestionAndAnswer.tsx,help-centre/faq/save,2
/all-inclusive-ferien,DealsDestinations.tsx,requested-price,15
/all-inclusive-ferien,FeaturedHotels.tsx,availability/from,8
/all-inclusive-ferien,PromoBlocks.tsx,availability/from,2
/all-inclusive-ferien,CardsWithLinks.tsx,availability/from,4
/all-inclusive-ferien,GenericRecommendedHotels.tsx,search/recommended,3
/all-inclusive-ferien,SearchResults.tsx,search/recommended,2
/ferien-angebote,DealsPromoTiles.tsx,requested-price,6
/ferien-angebote,SearchPod.tsx,tracking/user-search,4
/ferien-angebote,SearchPodWithHeader.tsx,tracking/user-search,4
/ferien-angebote,PromopageSearchPod.tsx,availability/dates,4
/ferien-angebote,SearchResults.tsx,search/recommended,4
/ferien-angebote,GenericRecommendedHotels.tsx,search/recommended,6
/ferien-angebote,DealsDestinations.tsx,requested-price,21
/ferien-angebote,FeaturedHotels.tsx,availability/from,8
/ferien-angebote,QuestionAndAnswer.tsx,help-centre/faq/save,2
/ferien-angebote,PromoBlocks.tsx,availability/from,2
/ferien-angebote,CardsWithLinks.tsx,availability/from,2
/badeferien,GenericRecommendedHotels.tsx,search/recommended,3
/badeferien,SearchResults.tsx,search/recommended,2
/badeferien,DealsDestinations.tsx,requested-price,21
/badeferien,PromoBlocks.tsx,availability/from,16
/badeferien,CardsWithLinks.tsx,availability/from,2
/badeferien,QuestionAndAnswer.tsx,help-centre/faq/save,1
/badeferien,SearchPod.tsx,tracking/user-search,2
/badeferien,SearchPodWithHeader.tsx,tracking/user-search,2
/familienferien,DealsDestinations.tsx,requested-price,6
/familienferien,SearchPod.tsx,tracking/user-search,2
/familienferien,SearchPodWithHeader.tsx,tracking/user-search,2
/familienferien,PromoBlocks.tsx,availability/from,2
/familienferien,GenericRecommendedHotels.tsx,search/recommended,3
/familienferien,SearchResults.tsx,search/recommended,2
/familienferien,CardsWithLinks.tsx,availability/from,6
/familienferien,QuestionAndAnswer.tsx,help-centre/faq/save,1
/staedtereisen,SearchPod.tsx,tracking/user-search,2
/staedtereisen,SearchPodWithHeader.tsx,tracking/user-search,2
/staedtereisen,DealsDestinations.tsx,requested-price,21
/staedtereisen,PromoBlocks.tsx,availability/from,8
/staedtereisen,GenericRecommendedHotels.tsx,search/recommended,3
/staedtereisen,SearchResults.tsx,search/recommended,2
/staedtereisen,QuestionAndAnswer.tsx,help-centre/faq/save,1
/staedtereisen,CardsWithLinks.tsx,availability/from,2
/last-minute-ferien,DealsDestinations.tsx,requested-price,42
/last-minute-ferien,CardsWithLinks.tsx,availability/from,2
/last-minute-ferien,DealsPromoTiles.tsx,requested-price,4
/last-minute-ferien,QuestionAndAnswer.tsx,help-centre/faq/save,2
/last-minute-ferien,PromoBlocks.tsx,availability/from,6
/last-minute-ferien,SearchPod.tsx,tracking/user-search,2
/last-minute-ferien,SearchPodWithHeader.tsx,tracking/user-search,2
/flitterwochen-ferien,DealsDestinations.tsx,requested-price,9
/flitterwochen-ferien,CardsWithLinks.tsx,availability/from,4
/flitterwochen-ferien,PromoBlocks.tsx,availability/from,10
/flitterwochen-ferien,SearchPod.tsx,tracking/user-search,2
/flitterwochen-ferien,SearchPodWithHeader.tsx,tracking/user-search,2
/flitterwochen-ferien,QuestionAndAnswer.tsx,help-centre/faq/save,2
/vacances-en-ville,SearchPod.tsx,tracking/user-search,2
/vacances-en-ville,SearchPodWithHeader.tsx,tracking/user-search,2
/vacances-en-ville,DealsDestinations.tsx,requested-price,21
/vacances-en-ville,PromoBlocks.tsx,availability/from,8
/vacances-en-ville,GenericRecommendedHotels.tsx,search/recommended,3
/vacances-en-ville,SearchResults.tsx,search/recommended,2
/vacances-en-ville,QuestionAndAnswer.tsx,help-centre/faq/save,1
/vacances-en-ville,CardsWithLinks.tsx,availability/from,2
/lunes-de-miel,DealsDestinations.tsx,requested-price,9
/lunes-de-miel,CardsWithLinks.tsx,availability/from,4
/lunes-de-miel,PromoBlocks.tsx,availability/from,10
/lunes-de-miel,SearchPod.tsx,tracking/user-search,2
/lunes-de-miel,SearchPodWithHeader.tsx,tracking/user-search,2
/lunes-de-miel,QuestionAndAnswer.tsx,help-centre/faq/save,2
/urlaubsarten,SearchPod.tsx,tracking/user-search,2
/urlaubsarten,SearchPodWithHeader.tsx,tracking/user-search,2
/all-inclusive-urlaub,SearchPod.tsx,tracking/user-search,2
/all-inclusive-urlaub,SearchPodWithHeader.tsx,tracking/user-search,2
/all-inclusive-urlaub,QuestionAndAnswer.tsx,help-centre/faq/save,2
/all-inclusive-urlaub,DealsDestinations.tsx,requested-price,15
/all-inclusive-urlaub,FeaturedHotels.tsx,availability/from,8
/all-inclusive-urlaub,PromoBlocks.tsx,availability/from,2
/all-inclusive-urlaub,CardsWithLinks.tsx,availability/from,4
/all-inclusive-urlaub,GenericRecommendedHotels.tsx,search/recommended,3
/all-inclusive-urlaub,SearchResults.tsx,search/recommended,2
/urlaubsangebote,DealsPromoTiles.tsx,requested-price,6
/urlaubsangebote,SearchPod.tsx,tracking/user-search,4
/urlaubsangebote,SearchPodWithHeader.tsx,tracking/user-search,4
/urlaubsangebote,PromopageSearchPod.tsx,availability/dates,4
/urlaubsangebote,SearchResults.tsx,search/recommended,4
/urlaubsangebote,GenericRecommendedHotels.tsx,search/recommended,6
/urlaubsangebote,DealsDestinations.tsx,requested-price,21
/urlaubsangebote,FeaturedHotels.tsx,availability/from,8
/urlaubsangebote,QuestionAndAnswer.tsx,help-centre/faq/save,2
/urlaubsangebote,PromoBlocks.tsx,availability/from,2
/urlaubsangebote,CardsWithLinks.tsx,availability/from,2
/strandurlaub,GenericRecommendedHotels.tsx,search/recommended,3
/strandurlaub,SearchResults.tsx,search/recommended,2
/strandurlaub,DealsDestinations.tsx,requested-price,21
/strandurlaub,PromoBlocks.tsx,availability/from,16
/strandurlaub,CardsWithLinks.tsx,availability/from,2
/strandurlaub,QuestionAndAnswer.tsx,help-centre/faq/save,1
/strandurlaub,SearchPod.tsx,tracking/user-search,2
/strandurlaub,SearchPodWithHeader.tsx,tracking/user-search,2
/familienurlaub,DealsDestinations.tsx,requested-price,6
/familienurlaub,SearchPod.tsx,tracking/user-search,2
/familienurlaub,SearchPodWithHeader.tsx,tracking/user-search,2
/familienurlaub,PromoBlocks.tsx,availability/from,2
/familienurlaub,GenericRecommendedHotels.tsx,search/recommended,3
/familienurlaub,SearchResults.tsx,search/recommended,2
/familienurlaub,CardsWithLinks.tsx,availability/from,6
/familienurlaub,QuestionAndAnswer.tsx,help-centre/faq/save,1
/last-minute-urlaub,DealsDestinations.tsx,requested-price,42
/last-minute-urlaub,CardsWithLinks.tsx,availability/from,2
/last-minute-urlaub,DealsPromoTiles.tsx,requested-price,4
/last-minute-urlaub,QuestionAndAnswer.tsx,help-centre/faq/save,2
/last-minute-urlaub,PromoBlocks.tsx,availability/from,6
/last-minute-urlaub,SearchPod.tsx,tracking/user-search,2
/last-minute-urlaub,SearchPodWithHeader.tsx,tracking/user-search,2
/flitterwochen-urlaub,DealsDestinations.tsx,requested-price,9
/flitterwochen-urlaub,CardsWithLinks.tsx,availability/from,4
/flitterwochen-urlaub,PromoBlocks.tsx,availability/from,10
/flitterwochen-urlaub,SearchPod.tsx,tracking/user-search,2
/flitterwochen-urlaub,SearchPodWithHeader.tsx,tracking/user-search,2
/flitterwochen-urlaub,QuestionAndAnswer.tsx,help-centre/faq/save,2
/media-centre,LatestNews.tsx,mediacenter/search,1
/media-centre/press-releases/christmas-beachwear,DealsDestinations.tsx,requested-price,3
/media-centre/press-releases/christmas-beachwear,PromoBlocks.tsx,availability/from,2
/media-centre/press-releases/jetflix,PromopageSearchPod.tsx,availability/dates,4
/media-centre/press-releases/jetflix,SearchResults.tsx,search/recommended,2
/media-centre/press-releases/jetflix,GenericRecommendedHotels.tsx,search/recommended,3
/info/social-media-competitions,SearchPod.tsx,tracking/user-search,2
/info/social-media-competitions,SearchPodWithHeader.tsx,tracking/user-search,2
/info/insolvency-protection,QuestionAndAnswer.tsx,help-centre/faq/save,1
/info/on-holiday-support,QuestionAndAnswer.tsx,help-centre/faq/save,1
/info/on-holiday-support-egypt,QuestionAndAnswer.tsx,help-centre/faq/save,1
/info/trade-booking-conditions,FAQ.tsx,help-centre/faq/save,4
/info/covid-19-testing,FAQ.tsx,help-centre/faq/save,6
/info/covid-travel-tips,PromoBlocks.tsx,availability/from,2
/info/trade-covid-19-testing,FAQ.tsx,help-centre/faq/save,6
/info/trade-covid-19-testing,QuestionAndAnswer.tsx,help-centre/faq/save,1
/info/trade-group-holidays,QuestionAndAnswer.tsx,help-centre/faq/save,2
/info/trade-group-holidays,PromoBlocks.tsx,availability/from,12
/info/trade-rebook-terms,SearchPod.tsx,tracking/user-search,2
/info/trade-rebook-terms,SearchPodWithHeader.tsx,tracking/user-search,2
/info/walkers-and-doritos,PromoBlocks.tsx,availability/from,8
/info/traffic-lights,QuestionAndAnswer.tsx,help-centre/faq/save,1
/info/traffic-lights,SearchPod.tsx,tracking/user-search,2
/info/traffic-lights,SearchPodWithHeader.tsx,tracking/user-search,2
/info/customer-safety-and-wellbeing,GenericRecommendedHotels.tsx,search/recommended,3
/info/customer-safety-and-wellbeing,SearchResults.tsx,search/recommended,2
/info/customer-safety-and-wellbeing,PromoBlocks.tsx,availability/from,2
/info/customer-safety-and-wellbeing/before-you-travel,GenericRecommendedHotels.tsx,search/recommended,3
/info/customer-safety-and-wellbeing/before-you-travel,SearchResults.tsx,search/recommended,2
/info/customer-safety-and-wellbeing/before-you-travel,QuestionAndAnswer.tsx,help-centre/faq/save,1
/info/customer-safety-and-wellbeing/on-holiday,QuestionAndAnswer.tsx,help-centre/faq/save,1
/info/customer-safety-and-wellbeing/on-holiday,GenericRecommendedHotels.tsx,search/recommended,3
/info/customer-safety-and-wellbeing/on-holiday,SearchResults.tsx,search/recommended,2
/info/customer-safety-and-wellbeing/out-and-about,GenericRecommendedHotels.tsx,search/recommended,3
/info/customer-safety-and-wellbeing/out-and-about,SearchResults.tsx,search/recommended,2
/info/customer-safety-and-wellbeing/out-and-about,QuestionAndAnswer.tsx,help-centre/faq/save,1
/info/customer-safety-and-wellbeing/food-and-drink,GenericRecommendedHotels.tsx,search/recommended,3
/info/customer-safety-and-wellbeing/food-and-drink,SearchResults.tsx,search/recommended,2
/info/customer-safety-and-wellbeing/food-and-drink,QuestionAndAnswer.tsx,help-centre/faq/save,1
/info/customer-safety-and-wellbeing/swimming-and-at-the-beach,QuestionAndAnswer.tsx,help-centre/faq/save,1
/info/customer-safety-and-wellbeing/swimming-and-at-the-beach,GenericRecommendedHotels.tsx,search/recommended,3
/info/customer-safety-and-wellbeing/swimming-and-at-the-beach,SearchResults.tsx,search/recommended,2
/info/customer-safety-and-wellbeing/your-hotel,QuestionAndAnswer.tsx,help-centre/faq/save,1
/info/customer-safety-and-wellbeing/your-hotel,GenericRecommendedHotels.tsx,search/recommended,3
/info/customer-safety-and-wellbeing/your-hotel,SearchResults.tsx,search/recommended,2
/info/customer-safety-and-wellbeing/choosing-your-holiday,QuestionAndAnswer.tsx,help-centre/faq/save,1
/info/customer-safety-and-wellbeing/choosing-your-holiday,GenericRecommendedHotels.tsx,search/recommended,3
/info/customer-safety-and-wellbeing/choosing-your-holiday,SearchResults.tsx,search/recommended,2
/info/customer-safety-and-wellbeing/at-the-airport,GenericRecommendedHotels.tsx,search/recommended,3
/info/customer-safety-and-wellbeing/at-the-airport,SearchResults.tsx,search/recommended,2
/info/customer-safety-and-wellbeing/at-the-airport,QuestionAndAnswer.tsx,help-centre/faq/save,1
/info/customer-safety-and-wellbeing/coming-home,GenericRecommendedHotels.tsx,search/recommended,3
/info/customer-safety-and-wellbeing/coming-home,SearchResults.tsx,search/recommended,2
/info/customer-safety-and-wellbeing/coming-home,QuestionAndAnswer.tsx,help-centre/faq/save,1
/info/customer-safety-and-wellbeing-eu,PromoBlocks.tsx,availability/from,2
/info/customer-safety-and-wellbeing-eu,GenericRecommendedHotels.tsx,search/recommended,3
/info/customer-safety-and-wellbeing-eu,SearchResults.tsx,search/recommended,2
/info/customer-safety-and-wellbeing-eu/before-you-travel,GenericRecommendedHotels.tsx,search/recommended,3
/info/customer-safety-and-wellbeing-eu/before-you-travel,SearchResults.tsx,search/recommended,2
/info/customer-safety-and-wellbeing-eu/before-you-travel,QuestionAndAnswer.tsx,help-centre/faq/save,1
/info/customer-safety-and-wellbeing-eu/on-holiday,QuestionAndAnswer.tsx,help-centre/faq/save,1
/info/customer-safety-and-wellbeing-eu/on-holiday,GenericRecommendedHotels.tsx,search/recommended,3
/info/customer-safety-and-wellbeing-eu/on-holiday,SearchResults.tsx,search/recommended,2
/info/customer-safety-and-wellbeing-eu/out-and-about,GenericRecommendedHotels.tsx,search/recommended,3
/info/customer-safety-and-wellbeing-eu/out-and-about,SearchResults.tsx,search/recommended,2
/info/customer-safety-and-wellbeing-eu/out-and-about,QuestionAndAnswer.tsx,help-centre/faq/save,1
/info/customer-safety-and-wellbeing-eu/food-and-drink,GenericRecommendedHotels.tsx,search/recommended,3
/info/customer-safety-and-wellbeing-eu/food-and-drink,SearchResults.tsx,search/recommended,2
/info/customer-safety-and-wellbeing-eu/food-and-drink,QuestionAndAnswer.tsx,help-centre/faq/save,1
/info/customer-safety-and-wellbeing-eu/swimming-and-at-the-beach,QuestionAndAnswer.tsx,help-centre/faq/save,1
/info/customer-safety-and-wellbeing-eu/swimming-and-at-the-beach,GenericRecommendedHotels.tsx,search/recommended,3
/info/customer-safety-and-wellbeing-eu/swimming-and-at-the-beach,SearchResults.tsx,search/recommended,2
/info/customer-safety-and-wellbeing-eu/your-hotel,QuestionAndAnswer.tsx,help-centre/faq/save,1
/info/customer-safety-and-wellbeing-eu/your-hotel,GenericRecommendedHotels.tsx,search/recommended,3
/info/customer-safety-and-wellbeing-eu/your-hotel,SearchResults.tsx,search/recommended,2
/info/customer-safety-and-wellbeing-eu/choosing-your-holiday,QuestionAndAnswer.tsx,help-centre/faq/save,1
/info/customer-safety-and-wellbeing-eu/choosing-your-holiday,GenericRecommendedHotels.tsx,search/recommended,3
/info/customer-safety-and-wellbeing-eu/choosing-your-holiday,SearchResults.tsx,search/recommended,2
/info/customer-safety-and-wellbeing-eu/at-the-airport,GenericRecommendedHotels.tsx,search/recommended,3
/info/customer-safety-and-wellbeing-eu/at-the-airport,SearchResults.tsx,search/recommended,2
/info/customer-safety-and-wellbeing-eu/at-the-airport,QuestionAndAnswer.tsx,help-centre/faq/save,1
/info/customer-safety-and-wellbeing-eu/coming-home,GenericRecommendedHotels.tsx,search/recommended,3
/info/customer-safety-and-wellbeing-eu/coming-home,SearchResults.tsx,search/recommended,2
/info/customer-safety-and-wellbeing-eu/coming-home,QuestionAndAnswer.tsx,help-centre/faq/save,1
/info/protection-promise,GenericRecommendedHotels.tsx,search/recommended,3
/info/protection-promise,SearchResults.tsx,search/recommended,2
/info/rebook-terms,SearchPod.tsx,tracking/user-search,2
/info/rebook-terms,SearchPodWithHeader.tsx,tracking/user-search,2
/info/sustainability-about-page,SearchPod.tsx,tracking/user-search,2
/info/sustainability-about-page,SearchPodWithHeader.tsx,tracking/user-search,2
/info/why-book-with-us,PromoBlocks.tsx,availability/from,14
/info/why-book-with-us,SearchPod.tsx,tracking/user-search,2
/info/why-book-with-us,SearchPodWithHeader.tsx,tracking/user-search,2
/info/return-transfers,QuestionAndAnswer.tsx,help-centre/faq/save,1
/info/amend-offer-standard-terms,SearchPod.tsx,tracking/user-search,2
/info/amend-offer-standard-terms,SearchPodWithHeader.tsx,tracking/user-search,2
/info/amend-offer-terms,SearchPod.tsx,tracking/user-search,2
/info/amend-offer-terms,SearchPodWithHeader.tsx,tracking/user-search,2
/info/amend-terms,SearchPod.tsx,tracking/user-search,2
/info/amend-terms,SearchPodWithHeader.tsx,tracking/user-search,2
/info/booking-conditions,FAQ.tsx,help-centre/faq/save,6
/info/booking-conditions,PromoBlocks.tsx,availability/from,2
/info/booking-conditions-eu,FAQ.tsx,help-centre/faq/save,6
/info/disruption,QuestionAndAnswer.tsx,help-centre/faq/save,2
/info/disruption,PromoBlocks.tsx,availability/from,4
/info/disruption,SearchPod.tsx,tracking/user-search,2
/info/disruption,SearchPodWithHeader.tsx,tracking/user-search,2
/info/terms-of-use,QuestionAndAnswer.tsx,help-centre/faq/save,1
/info/destination-travel-information,QuestionAndAnswer.tsx,help-centre/faq/save,1
/info/travel-information,SearchPod.tsx,tracking/user-search,2
/info/travel-information,SearchPodWithHeader.tsx,tracking/user-search,2
/info/travel-information,QuestionAndAnswer.tsx,help-centre/faq/save,1
/info/prospect-privacy-policy,PromoBlocks.tsx,availability/from,2
/info/contact-us,PromoBlocks.tsx,availability/from,8
/campaigns/black-friday,PromoBlocks.tsx,availability/from,4
/campaigns/black-friday,SearchPod.tsx,tracking/user-search,2
/campaigns/black-friday,SearchPodWithHeader.tsx,tracking/user-search,2
/campaigns/sale,SearchPod.tsx,tracking/user-search,2
/campaigns/sale,SearchPodWithHeader.tsx,tracking/user-search,2
/campaigns/sale,PromoBlocks.tsx,availability/from,4
/eco-certified-hotels,SearchResults.tsx,search/recommended,2
/eco-certified-hotels,GenericRecommendedHotels.tsx,search/recommended,3
/eco-certified-hotels,PromopageSearchPod.tsx,availability/dates,4
/easter-deals,SearchResults.tsx,search/recommended,2
/easter-deals,GenericRecommendedHotels.tsx,search/recommended,3
/easter-deals,QuestionAndAnswer.tsx,help-centre/faq/save,1
/easter-deals,PromopageSearchPod.tsx,availability/dates,4
/holidays-in-winter,PromopageSearchPod.tsx,availability/dates,4
/holidays-in-winter,SearchResults.tsx,search/recommended,2
/holidays-in-winter,GenericRecommendedHotels.tsx,search/recommended,3
/holidays-in-spring,SearchResults.tsx,search/recommended,2
/holidays-in-spring,GenericRecommendedHotels.tsx,search/recommended,3
/holidays-in-spring,PromopageSearchPod.tsx,availability/dates,4
/discounted-holidays,SearchResults.tsx,search/recommended,2
/discounted-holidays,GenericRecommendedHotels.tsx,search/recommended,3
/discounted-holidays,PromopageSearchPod.tsx,availability/dates,4
/holidays-in-summer,PromopageSearchPod.tsx,availability/dates,4
/holidays-in-summer,SearchResults.tsx,search/recommended,2
/holidays-in-summer,GenericRecommendedHotels.tsx,search/recommended,3
/holidays-in-autumn,SearchResults.tsx,search/recommended,2
/holidays-in-autumn,GenericRecommendedHotels.tsx,search/recommended,3
/holidays-in-autumn,PromopageSearchPod.tsx,availability/dates,4
/holidays-from-geneva,PromopageSearchPod.tsx,availability/dates,4
/holidays-from-geneva,SearchResults.tsx,search/recommended,2
/holidays-from-geneva,GenericRecommendedHotels.tsx,search/recommended,3
/holidays-from-swiss---geneva,SearchResults.tsx,search/recommended,2
/holidays-from-swiss---geneva,GenericRecommendedHotels.tsx,search/recommended,3
/holidays-from-swiss---geneva,PromopageSearchPod.tsx,availability/dates,4
/holidays-from-swiss---zurich,SearchResults.tsx,search/recommended,2
/holidays-from-swiss---zurich,GenericRecommendedHotels.tsx,search/recommended,3
/holidays-from-swiss---zurich,PromopageSearchPod.tsx,availability/dates,4
/holidays-from-zurich,SearchResults.tsx,search/recommended,2
/holidays-from-zurich,GenericRecommendedHotels.tsx,search/recommended,3
/holidays-from-zurich,PromopageSearchPod.tsx,availability/dates,4
/holidays-from-basel,SearchResults.tsx,search/recommended,2
/holidays-from-basel,GenericRecommendedHotels.tsx,search/recommended,3
/holidays-from-basel,PromopageSearchPod.tsx,availability/dates,4
/holidays-from-swiss---basel,SearchResults.tsx,search/recommended,2
/holidays-from-swiss---basel,GenericRecommendedHotels.tsx,search/recommended,3
/holidays-from-swiss---basel,PromopageSearchPod.tsx,availability/dates,4
/holidays-from-berlin,SearchResults.tsx,search/recommended,2
/holidays-from-berlin,GenericRecommendedHotels.tsx,search/recommended,3
/holidays-from-berlin,PromopageSearchPod.tsx,availability/dates,4
/holidays-from-hamburg,SearchResults.tsx,search/recommended,2
/holidays-from-hamburg,GenericRecommendedHotels.tsx,search/recommended,3
/holidays-from-hamburg,PromopageSearchPod.tsx,availability/dates,4
/holidays-from-munich,SearchResults.tsx,search/recommended,2
/holidays-from-munich,GenericRecommendedHotels.tsx,search/recommended,3
/holidays-from-munich,PromopageSearchPod.tsx,availability/dates,4
/holidays-from-bordeaux,SearchResults.tsx,search/recommended,2
/holidays-from-bordeaux,GenericRecommendedHotels.tsx,search/recommended,3
/holidays-from-bordeaux,PromopageSearchPod.tsx,availability/dates,4
/holidays-from-nantes,PromopageSearchPod.tsx,availability/dates,4
/holidays-from-nantes,SearchResults.tsx,search/recommended,2
/holidays-from-nantes,GenericRecommendedHotels.tsx,search/recommended,3
/holidays-from-nice,SearchResults.tsx,search/recommended,2
/holidays-from-nice,GenericRecommendedHotels.tsx,search/recommended,3
/holidays-from-nice,PromopageSearchPod.tsx,availability/dates,4
/holidays-from-toulouse,PromopageSearchPod.tsx,availability/dates,4
/holidays-from-toulouse,SearchResults.tsx,search/recommended,2
/holidays-from-toulouse,GenericRecommendedHotels.tsx,search/recommended,3
/holidays-from-france---lyon,PromopageSearchPod.tsx,availability/dates,4
/holidays-from-france---lyon,SearchResults.tsx,search/recommended,2
/holidays-from-france---lyon,GenericRecommendedHotels.tsx,search/recommended,3
/holidays-from-lyon,SearchResults.tsx,search/recommended,2
/holidays-from-lyon,GenericRecommendedHotels.tsx,search/recommended,3
/holidays-from-lyon,PromopageSearchPod.tsx,availability/dates,4
/holidays-from-marseille,SearchResults.tsx,search/recommended,2
/holidays-from-marseille,GenericRecommendedHotels.tsx,search/recommended,3
/holidays-from-marseille,PromopageSearchPod.tsx,availability/dates,4
/holidays-from-paris,PromopageSearchPod.tsx,availability/dates,4
/holidays-from-paris,SearchResults.tsx,search/recommended,2
/holidays-from-paris,GenericRecommendedHotels.tsx,search/recommended,3
/all-inclusive-deals,SearchResults.tsx,search/recommended,2
/all-inclusive-deals,GenericRecommendedHotels.tsx,search/recommended,3
/all-inclusive-deals,PromopageSearchPod.tsx,availability/dates,4
/beach-holiday-deals,SearchResults.tsx,search/recommended,2
/beach-holiday-deals,GenericRecommendedHotels.tsx,search/recommended,3
/beach-holiday-deals,QuestionAndAnswer.tsx,help-centre/faq/save,1
/beach-holiday-deals,PromopageSearchPod.tsx,availability/dates,4
/city-break-deals,SearchResults.tsx,search/recommended,2
/city-break-deals,GenericRecommendedHotels.tsx,search/recommended,3
/city-break-deals,PromopageSearchPod.tsx,availability/dates,4
/last-minute-beach-deals,SearchResults.tsx,search/recommended,2
/last-minute-beach-deals,GenericRecommendedHotels.tsx,search/recommended,3
/last-minute-beach-deals,PromopageSearchPod.tsx,availability/dates,4
/last-minute-city-breaks,SearchResults.tsx,search/recommended,2
/last-minute-city-breaks,GenericRecommendedHotels.tsx,search/recommended,3
/last-minute-city-breaks,PromopageSearchPod.tsx,availability/dates,4
/last-minute-city-breaks,QuestionAndAnswer.tsx,help-centre/faq/save,1
/last-minute-deals,SearchResults.tsx,search/recommended,2
/last-minute-deals,GenericRecommendedHotels.tsx,search/recommended,3
/last-minute-deals,PromopageSearchPod.tsx,availability/dates,4
/family-holiday-deals,QuestionAndAnswer.tsx,help-centre/faq/save,1
/family-holiday-deals,PromopageSearchPod.tsx,availability/dates,4
/family-holiday-deals,SearchResults.tsx,search/recommended,2
/family-holiday-deals,GenericRecommendedHotels.tsx,search/recommended,3
/honeymoon-holiday-deals,PromopageSearchPod.tsx,availability/dates,4
/honeymoon-holiday-deals,SearchResults.tsx,search/recommended,2
/honeymoon-holiday-deals,GenericRecommendedHotels.tsx,search/recommended,3
/next-winter-deals,PromopageSearchPod.tsx,availability/dates,4
/next-winter-deals,SearchResults.tsx,search/recommended,2
/next-winter-deals,GenericRecommendedHotels.tsx,search/recommended,3
/next-summer-deals,SearchResults.tsx,search/recommended,2
/next-summer-deals,GenericRecommendedHotels.tsx,search/recommended,3
/next-summer-deals,PromopageSearchPod.tsx,availability/dates,4
/free-child-places-deals,PromopageSearchPod.tsx,availability/dates,4
/free-child-places-deals,SearchResults.tsx,search/recommended,2
/free-child-places-deals,GenericRecommendedHotels.tsx,search/recommended,3
/free-child-places-2024,SearchResults.tsx,search/recommended,2
/free-child-places-2024,GenericRecommendedHotels.tsx,search/recommended,3
/free-child-places-2024,PromopageSearchPod.tsx,availability/dates,4
/holidays-under-300pp,PromopageSearchPod.tsx,availability/dates,4
/holidays-under-300pp,SearchResults.tsx,search/recommended,2
/holidays-under-300pp,GenericRecommendedHotels.tsx,search/recommended,3
/holidays-under-400pp,PromopageSearchPod.tsx,availability/dates,4
/holidays-under-400pp,SearchResults.tsx,search/recommended,2
/holidays-under-400pp,GenericRecommendedHotels.tsx,search/recommended,3
/holidays-under-500pp,SearchResults.tsx,search/recommended,2
/holidays-under-500pp,GenericRecommendedHotels.tsx,search/recommended,3
/holidays-under-500pp,PromopageSearchPod.tsx,availability/dates,4
/angebote,PromopageSearchPod.tsx,availability/dates,4
/angebote,SearchResults.tsx,search/recommended,2
/angebote,GenericRecommendedHotels.tsx,search/recommended,3
/campaigns/holiday-reading-list,PromoBlocks.tsx,availability/from,2
/campaigns/beach-in-a-box,DealsDestinations.tsx,requested-price,3
/campaigns/beach-in-a-box,PromoBlocks.tsx,availability/from,2
/campaigns/christmas-beachwear,DealsDestinations.tsx,requested-price,3
/campaigns/christmas-beachwear,PromoBlocks.tsx,availability/from,2
/campaigns/gatwick-next-holiday,DealsDestinations.tsx,requested-price,6
/campaigns/gatwick-next-holiday,PromoBlocks.tsx,availability/from,2
/campaigns/family-holiday-promotions,SearchResults.tsx,search/recommended,2
/campaigns/family-holiday-promotions,GenericRecommendedHotels.tsx,search/recommended,3
/campaigns/family-holiday-promotions,PromopageSearchPod.tsx,availability/dates,4
/campaigns/gatwick-holiday-promotions,PromopageSearchPod.tsx,availability/dates,4
/campaigns/gatwick-holiday-promotions,SearchResults.tsx,search/recommended,2
/campaigns/gatwick-holiday-promotions,GenericRecommendedHotels.tsx,search/recommended,3
/the-99-collection,PromoBlocks.tsx,availability/from,16
/the-99-collection,SearchPod.tsx,tracking/user-search,2
/the-99-collection,SearchPodWithHeader.tsx,tracking/user-search,2
/the-99-collection,DealsPromoTiles.tsx,requested-price,2
/the-99-collection,CardsWithLinks.tsx,availability/from,2
/dadsclub,FeaturedHotels.tsx,availability/from,8
/dadsclub,SearchPod.tsx,tracking/user-search,2
/dadsclub,SearchPodWithHeader.tsx,tracking/user-search,2
/dadsclub,CardsWithLinks.tsx,availability/from,2
/grans-go-free,SearchPod.tsx,tracking/user-search,2
/grans-go-free,SearchPodWithHeader.tsx,tracking/user-search,2
/grans-go-free,CardsWithLinks.tsx,availability/from,2
/grans-go-free,DealsDestinations.tsx,requested-price,3
/iberostar,CardsWithLinks.tsx,availability/from,2
/constantinou-bros-hotels,PromopageSearchPod.tsx,availability/dates,4
/constantinou-bros-hotels,SearchResults.tsx,search/recommended,2
/constantinou-bros-hotels,GenericRecommendedHotels.tsx,search/recommended,3
/cornelia-hotels,SearchResults.tsx,search/recommended,2
/cornelia-hotels,GenericRecommendedHotels.tsx,search/recommended,3
/cornelia-hotels,PromopageSearchPod.tsx,availability/dates,4
/atlantica-hotels,SearchResults.tsx,search/recommended,2
/atlantica-hotels,GenericRecommendedHotels.tsx,search/recommended,3
/atlantica-hotels,PromopageSearchPod.tsx,availability/dates,4
/condian-hotels,SearchResults.tsx,search/recommended,2
/condian-hotels,GenericRecommendedHotels.tsx,search/recommended,3
/condian-hotels,PromopageSearchPod.tsx,availability/dates,4
/coral-hotels,SearchResults.tsx,search/recommended,2
/coral-hotels,GenericRecommendedHotels.tsx,search/recommended,3
/coral-hotels,PromopageSearchPod.tsx,availability/dates,4
/fergus-hotels,PromopageSearchPod.tsx,availability/dates,4
/fergus-hotels,SearchResults.tsx,search/recommended,2
/fergus-hotels,GenericRecommendedHotels.tsx,search/recommended,3
/helios-hotels-and-resorts,PromopageSearchPod.tsx,availability/dates,4
/helios-hotels-and-resorts,SearchResults.tsx,search/recommended,2
/helios-hotels-and-resorts,GenericRecommendedHotels.tsx,search/recommended,3
/liberty-hotels,PromopageSearchPod.tsx,availability/dates,4
/liberty-hotels,SearchResults.tsx,search/recommended,2
/liberty-hotels,GenericRecommendedHotels.tsx,search/recommended,3
/atrium-hotels-and-resorts,SearchResults.tsx,search/recommended,2
/atrium-hotels-and-resorts,GenericRecommendedHotels.tsx,search/recommended,3
/atrium-hotels-and-resorts,PromopageSearchPod.tsx,availability/dates,4
/domes-resorts,SearchResults.tsx,search/recommended,2
/domes-resorts,GenericRecommendedHotels.tsx,search/recommended,3
/domes-resorts,PromopageSearchPod.tsx,availability/dates,4
/elba-hotels,SearchResults.tsx,search/recommended,2
/elba-hotels,GenericRecommendedHotels.tsx,search/recommended,3
/elba-hotels,PromopageSearchPod.tsx,availability/dates,4
/sunrise-resorts,PromopageSearchPod.tsx,availability/dates,4
/sunrise-resorts,SearchResults.tsx,search/recommended,2
/sunrise-resorts,GenericRecommendedHotels.tsx,search/recommended,3
/vibra-hotels,SearchResults.tsx,search/recommended,2
/vibra-hotels,GenericRecommendedHotels.tsx,search/recommended,3
/vibra-hotels,PromopageSearchPod.tsx,availability/dates,4
/adriatic-luxury-hotels,SearchResults.tsx,search/recommended,2
/adriatic-luxury-hotels,GenericRecommendedHotels.tsx,search/recommended,3
/adriatic-luxury-hotels,PromopageSearchPod.tsx,availability/dates,4
/lindos-hotels,PromopageSearchPod.tsx,availability/dates,4
/lindos-hotels,SearchResults.tsx,search/recommended,2
/lindos-hotels,GenericRecommendedHotels.tsx,search/recommended,3
/louis-hotels,PromopageSearchPod.tsx,availability/dates,4
/louis-hotels,SearchResults.tsx,search/recommended,2
/louis-hotels,GenericRecommendedHotels.tsx,search/recommended,3
/savoy-hotels,PromopageSearchPod.tsx,availability/dates,4
/savoy-hotels,SearchResults.tsx,search/recommended,2
/savoy-hotels,GenericRecommendedHotels.tsx,search/recommended,3
/barcelo-hotels,PromopageSearchPod.tsx,availability/dates,4
/barcelo-hotels,SearchResults.tsx,search/recommended,2
/barcelo-hotels,GenericRecommendedHotels.tsx,search/recommended,3
/bahia-principe,SearchResults.tsx,search/recommended,2
/bahia-principe,GenericRecommendedHotels.tsx,search/recommended,3
/bahia-principe,PromopageSearchPod.tsx,availability/dates,4
/barut-hotels,PromopageSearchPod.tsx,availability/dates,4
/barut-hotels,SearchResults.tsx,search/recommended,2
/barut-hotels,GenericRecommendedHotels.tsx,search/recommended,3
/be-live,PromopageSearchPod.tsx,availability/dates,4
/be-live,SearchResults.tsx,search/recommended,2
/be-live,GenericRecommendedHotels.tsx,search/recommended,3
/best-hotels,PromopageSearchPod.tsx,availability/dates,4
/best-hotels,SearchResults.tsx,search/recommended,2
/best-hotels,GenericRecommendedHotels.tsx,search/recommended,3
/eftalia-hotels,SearchResults.tsx,search/recommended,2
/eftalia-hotels,GenericRecommendedHotels.tsx,search/recommended,3
/eftalia-hotels,PromopageSearchPod.tsx,availability/dates,4
/globales-hotels,SearchResults.tsx,search/recommended,2
/globales-hotels,GenericRecommendedHotels.tsx,search/recommended,3
/globales-hotels,PromopageSearchPod.tsx,availability/dates,4
/grecotel-hotels,SearchResults.tsx,search/recommended,2
/grecotel-hotels,GenericRecommendedHotels.tsx,search/recommended,3
/grecotel-hotels,PromopageSearchPod.tsx,availability/dates,4
/h-hotels,SearchResults.tsx,search/recommended,2
/h-hotels,GenericRecommendedHotels.tsx,search/recommended,3
/h-hotels,PromopageSearchPod.tsx,availability/dates,4
/hyatt-inclusive-collection,PromopageSearchPod.tsx,availability/dates,4
/hyatt-inclusive-collection,SearchResults.tsx,search/recommended,2
/hyatt-inclusive-collection,GenericRecommendedHotels.tsx,search/recommended,3
/magic-costa-blanca,SearchResults.tsx,search/recommended,2
/magic-costa-blanca,GenericRecommendedHotels.tsx,search/recommended,3
/magic-costa-blanca,PromopageSearchPod.tsx,availability/dates,4
/medplaya-hotels,SearchResults.tsx,search/recommended,2
/medplaya-hotels,GenericRecommendedHotels.tsx,search/recommended,3
/medplaya-hotels,PromopageSearchPod.tsx,availability/dates,4
/mitsis,PromopageSearchPod.tsx,availability/dates,4
/mitsis,SearchResults.tsx,search/recommended,2
/mitsis,GenericRecommendedHotels.tsx,search/recommended,3
/palladium,SearchResults.tsx,search/recommended,2
/palladium,GenericRecommendedHotels.tsx,search/recommended,3
/palladium,PromopageSearchPod.tsx,availability/dates,4
/pickalbatros,PromopageSearchPod.tsx,availability/dates,4
/pickalbatros,SearchResults.tsx,search/recommended,2
/pickalbatros,GenericRecommendedHotels.tsx,search/recommended,3
/riu-hotels,SearchResults.tsx,search/recommended,2
/riu-hotels,GenericRecommendedHotels.tsx,search/recommended,3
/riu-hotels,PromopageSearchPod.tsx,availability/dates,4
/servatur,PromopageSearchPod.tsx,availability/dates,4
/servatur,SearchResults.tsx,search/recommended,2
/servatur,GenericRecommendedHotels.tsx,search/recommended,3
/spring-hotels,SearchResults.tsx,search/recommended,2
/spring-hotels,GenericRecommendedHotels.tsx,search/recommended,3
/spring-hotels,PromopageSearchPod.tsx,availability/dates,4
/stella-hotels,PromopageSearchPod.tsx,availability/dates,4
/stella-hotels,SearchResults.tsx,search/recommended,2
/stella-hotels,GenericRecommendedHotels.tsx,search/recommended,3
/thb-hotels,PromopageSearchPod.tsx,availability/dates,4
/thb-hotels,SearchResults.tsx,search/recommended,2
/thb-hotels,GenericRecommendedHotels.tsx,search/recommended,3
/tsokkos-hotels,PromopageSearchPod.tsx,availability/dates,4
/tsokkos-hotels,SearchResults.tsx,search/recommended,2
/tsokkos-hotels,GenericRecommendedHotels.tsx,search/recommended,3
/ukino-hotels,SearchResults.tsx,search/recommended,2
/ukino-hotels,GenericRecommendedHotels.tsx,search/recommended,3
/ukino-hotels,PromopageSearchPod.tsx,availability/dates,4
/portaventura-hotels,PromopageSearchPod.tsx,availability/dates,4
/portaventura-hotels,SearchResults.tsx,search/recommended,2
/portaventura-hotels,GenericRecommendedHotels.tsx,search/recommended,3
/voyage-hotels,PromopageSearchPod.tsx,availability/dates,4
/voyage-hotels,SearchResults.tsx,search/recommended,2
/voyage-hotels,GenericRecommendedHotels.tsx,search/recommended,3
/h10-hotels,PromopageSearchPod.tsx,availability/dates,4
/h10-hotels,SearchResults.tsx,search/recommended,2
/h10-hotels,GenericRecommendedHotels.tsx,search/recommended,3
/iberostar-eco-hotels,SearchResults.tsx,search/recommended,2
/iberostar-eco-hotels,GenericRecommendedHotels.tsx,search/recommended,3
/iberostar-eco-hotels,PromopageSearchPod.tsx,availability/dates,4
/iberostar-hotels,PromopageSearchPod.tsx,availability/dates,4
/iberostar-hotels,SearchResults.tsx,search/recommended,2
/iberostar-hotels,GenericRecommendedHotels.tsx,search/recommended,3
/jaz-hotels,SearchResults.tsx,search/recommended,2
/jaz-hotels,GenericRecommendedHotels.tsx,search/recommended,3
/jaz-hotels,PromopageSearchPod.tsx,availability/dates,4
/kaya-hotels,SearchResults.tsx,search/recommended,2
/kaya-hotels,GenericRecommendedHotels.tsx,search/recommended,3
/kaya-hotels,PromopageSearchPod.tsx,availability/dates,4
/marbella-collection-hotels,SearchResults.tsx,search/recommended,2
/marbella-collection-hotels,GenericRecommendedHotels.tsx,search/recommended,3
/marbella-collection-hotels,PromopageSearchPod.tsx,availability/dates,4
/baron-hotels,SearchResults.tsx,search/recommended,2
/baron-hotels,GenericRecommendedHotels.tsx,search/recommended,3
/baron-hotels,PromopageSearchPod.tsx,availability/dates,4
/lopesan-hotels,PromopageSearchPod.tsx,availability/dates,4
/lopesan-hotels,SearchResults.tsx,search/recommended,2
/lopesan-hotels,GenericRecommendedHotels.tsx,search/recommended,3
/paloma-hotels,SearchResults.tsx,search/recommended,2
/paloma-hotels,GenericRecommendedHotels.tsx,search/recommended,3
/paloma-hotels,PromopageSearchPod.tsx,availability/dates,4
/pestana-resorts,SearchResults.tsx,search/recommended,2
/pestana-resorts,GenericRecommendedHotels.tsx,search/recommended,3
/pestana-resorts,PromopageSearchPod.tsx,availability/dates,4
/grecian-hotels,SearchResults.tsx,search/recommended,2
/grecian-hotels,GenericRecommendedHotels.tsx,search/recommended,3
/grecian-hotels,PromopageSearchPod.tsx,availability/dates,4
/innside-by-melia-hotels,SearchResults.tsx,search/recommended,2
/innside-by-melia-hotels,GenericRecommendedHotels.tsx,search/recommended,3
/innside-by-melia-hotels,PromopageSearchPod.tsx,availability/dates,4
/melia-hotels,PromopageSearchPod.tsx,availability/dates,4
/melia-hotels,SearchResults.tsx,search/recommended,2
/melia-hotels,GenericRecommendedHotels.tsx,search/recommended,3
/rixos-hotels,SearchResults.tsx,search/recommended,2
/rixos-hotels,GenericRecommendedHotels.tsx,search/recommended,3
/rixos-hotels,PromopageSearchPod.tsx,availability/dates,4
/sol-hotels,PromopageSearchPod.tsx,availability/dates,4
/sol-hotels,SearchResults.tsx,search/recommended,2
/sol-hotels,GenericRecommendedHotels.tsx,search/recommended,3
/seaden-resorts,PromopageSearchPod.tsx,availability/dates,4
/seaden-resorts,SearchResults.tsx,search/recommended,2
/seaden-resorts,GenericRecommendedHotels.tsx,search/recommended,3
/zafiro-hotels,SearchResults.tsx,search/recommended,2
/zafiro-hotels,GenericRecommendedHotels.tsx,search/recommended,3
/zafiro-hotels,PromopageSearchPod.tsx,availability/dates,4
/jetflix,PromopageSearchPod.tsx,availability/dates,4
/jetflix,SearchResults.tsx,search/recommended,2
/jetflix,GenericRecommendedHotels.tsx,search/recommended,3
/favourite-hotels,SearchResults.tsx,search/recommended,2
/favourite-hotels,GenericRecommendedHotels.tsx,search/recommended,3
/favourite-hotels,PromopageSearchPod.tsx,availability/dates,4
/city-breaks/from-belfast,PromopageSearchPod.tsx,availability/dates,4
/city-breaks/from-belfast,SearchResults.tsx,search/recommended,2
/city-breaks/from-belfast,GenericRecommendedHotels.tsx,search/recommended,3
/city-breaks/from-bristol,PromopageSearchPod.tsx,availability/dates,4
/city-breaks/from-bristol,SearchResults.tsx,search/recommended,2
/city-breaks/from-bristol,GenericRecommendedHotels.tsx,search/recommended,3
/city-breaks/from-edinburgh,SearchResults.tsx,search/recommended,2
/city-breaks/from-edinburgh,GenericRecommendedHotels.tsx,search/recommended,3
/city-breaks/from-edinburgh,PromopageSearchPod.tsx,availability/dates,4
/city-breaks/from-glasgow,PromopageSearchPod.tsx,availability/dates,4
/city-breaks/from-glasgow,SearchResults.tsx,search/recommended,2
/city-breaks/from-glasgow,GenericRecommendedHotels.tsx,search/recommended,3
/city-breaks/from-liverpool,SearchResults.tsx,search/recommended,2
/city-breaks/from-liverpool,GenericRecommendedHotels.tsx,search/recommended,3
/city-breaks/from-liverpool,PromopageSearchPod.tsx,availability/dates,4
/city-breaks/from-london,SearchResults.tsx,search/recommended,2
/city-breaks/from-london,GenericRecommendedHotels.tsx,search/recommended,3
/city-breaks/from-london,PromopageSearchPod.tsx,availability/dates,4
/city-breaks/from-london-gatwick,PromopageSearchPod.tsx,availability/dates,4
/city-breaks/from-london-gatwick,SearchResults.tsx,search/recommended,2
/city-breaks/from-london-gatwick,GenericRecommendedHotels.tsx,search/recommended,3
/city-breaks/from-london-luton,SearchResults.tsx,search/recommended,2
/city-breaks/from-london-luton,GenericRecommendedHotels.tsx,search/recommended,3
/city-breaks/from-london-luton,PromopageSearchPod.tsx,availability/dates,4
/city-breaks/from-london-southend,PromopageSearchPod.tsx,availability/dates,4
/city-breaks/from-london-southend,SearchResults.tsx,search/recommended,2
/city-breaks/from-london-southend,GenericRecommendedHotels.tsx,search/recommended,3
/city-breaks/from-london-stansted,SearchResults.tsx,search/recommended,2
/city-breaks/from-london-stansted,GenericRecommendedHotels.tsx,search/recommended,3
/city-breaks/from-london-stansted,PromopageSearchPod.tsx,availability/dates,4
/city-breaks/from-manchester,SearchResults.tsx,search/recommended,2
/city-breaks/from-manchester,GenericRecommendedHotels.tsx,search/recommended,3
/city-breaks/from-manchester,PromopageSearchPod.tsx,availability/dates,4
/city-breaks/from-newcastle,SearchResults.tsx,search/recommended,2
/city-breaks/from-newcastle,GenericRecommendedHotels.tsx,search/recommended,3
/city-breaks/from-newcastle,PromopageSearchPod.tsx,availability/dates,4
/five-star-city-holidays,PromopageSearchPod.tsx,availability/dates,4
/five-star-city-holidays,SearchResults.tsx,search/recommended,2
/five-star-city-holidays,GenericRecommendedHotels.tsx,search/recommended,3
/five-star-holidays,PromopageSearchPod.tsx,availability/dates,4
/five-star-holidays,SearchResults.tsx,search/recommended,2
/five-star-holidays,GenericRecommendedHotels.tsx,search/recommended,3
/five-star-holidays,QuestionAndAnswer.tsx,help-centre/faq/save,1
/five-star-holidays/from-belfast,PromopageSearchPod.tsx,availability/dates,4
/five-star-holidays/from-belfast,SearchResults.tsx,search/recommended,2
/five-star-holidays/from-belfast,GenericRecommendedHotels.tsx,search/recommended,3
/five-star-holidays/from-bristol,PromopageSearchPod.tsx,availability/dates,4
/five-star-holidays/from-bristol,SearchResults.tsx,search/recommended,2
/five-star-holidays/from-bristol,GenericRecommendedHotels.tsx,search/recommended,3
/five-star-holidays/from-edinburgh,SearchResults.tsx,search/recommended,2
/five-star-holidays/from-edinburgh,GenericRecommendedHotels.tsx,search/recommended,3
/five-star-holidays/from-edinburgh,PromopageSearchPod.tsx,availability/dates,4
/five-star-holidays/from-glasgow,PromopageSearchPod.tsx,availability/dates,4
/five-star-holidays/from-glasgow,SearchResults.tsx,search/recommended,2
/five-star-holidays/from-glasgow,GenericRecommendedHotels.tsx,search/recommended,3
/five-star-holidays/from-liverpool,SearchResults.tsx,search/recommended,2
/five-star-holidays/from-liverpool,GenericRecommendedHotels.tsx,search/recommended,3
/five-star-holidays/from-liverpool,PromopageSearchPod.tsx,availability/dates,4
/five-star-holidays/from-london,SearchResults.tsx,search/recommended,2
/five-star-holidays/from-london,GenericRecommendedHotels.tsx,search/recommended,3
/five-star-holidays/from-london,PromopageSearchPod.tsx,availability/dates,4
/five-star-holidays/from-london-gatwick,PromopageSearchPod.tsx,availability/dates,4
/five-star-holidays/from-london-gatwick,SearchResults.tsx,search/recommended,2
/five-star-holidays/from-london-gatwick,GenericRecommendedHotels.tsx,search/recommended,3
/five-star-holidays/from-london-luton,SearchResults.tsx,search/recommended,2
/five-star-holidays/from-london-luton,GenericRecommendedHotels.tsx,search/recommended,3
/five-star-holidays/from-london-luton,PromopageSearchPod.tsx,availability/dates,4
/five-star-holidays/from-london-southend,PromopageSearchPod.tsx,availability/dates,4
/five-star-holidays/from-london-southend,SearchResults.tsx,search/recommended,2
/five-star-holidays/from-london-southend,GenericRecommendedHotels.tsx,search/recommended,3
/five-star-holidays/from-london-stansted,SearchResults.tsx,search/recommended,2
/five-star-holidays/from-london-stansted,GenericRecommendedHotels.tsx,search/recommended,3
/five-star-holidays/from-london-stansted,PromopageSearchPod.tsx,availability/dates,4
/five-star-holidays/from-manchester,SearchResults.tsx,search/recommended,2
/five-star-holidays/from-manchester,GenericRecommendedHotels.tsx,search/recommended,3
/five-star-holidays/from-manchester,PromopageSearchPod.tsx,availability/dates,4
/five-star-holidays/from-newcastle,SearchResults.tsx,search/recommended,2
/five-star-holidays/from-newcastle,GenericRecommendedHotels.tsx,search/recommended,3
/five-star-holidays/from-newcastle,PromopageSearchPod.tsx,availability/dates,4
/four-star-holidays,PromopageSearchPod.tsx,availability/dates,4
/four-star-holidays,SearchResults.tsx,search/recommended,2
/four-star-holidays,GenericRecommendedHotels.tsx,search/recommended,3
/four-star-holidays,QuestionAndAnswer.tsx,help-centre/faq/save,1
/all-inclusive-holidays-from-gatwick,SearchResults.tsx,search/recommended,2
/all-inclusive-holidays-from-gatwick,GenericRecommendedHotels.tsx,search/recommended,3
/all-inclusive-holidays-from-gatwick,PromopageSearchPod.tsx,availability/dates,4
/city-breaks-from-gatwick,PromopageSearchPod.tsx,availability/dates,4
/city-breaks-from-gatwick,SearchResults.tsx,search/recommended,2
/city-breaks-from-gatwick,GenericRecommendedHotels.tsx,search/recommended,3
/el-gouna-holidays,PromopageSearchPod.tsx,availability/dates,4
/el-gouna-holidays,SearchResults.tsx,search/recommended,2
/el-gouna-holidays,GenericRecommendedHotels.tsx,search/recommended,3
/south-aegean-islands,SearchResults.tsx,search/recommended,2
/south-aegean-islands,GenericRecommendedHotels.tsx,search/recommended,3
/south-aegean-islands,PromopageSearchPod.tsx,availability/dates,4
/deals/disney-deals,SearchResults.tsx,search/recommended,2
/deals/disney-deals,GenericRecommendedHotels.tsx,search/recommended,3
/deals/disney-deals,PromopageSearchPod.tsx,availability/dates,4
/deals/deals-of-the-week,PromopageSearchPod.tsx,availability/dates,4
/deals/deals-of-the-week,SearchResults.tsx,search/recommended,2
/deals/deals-of-the-week,GenericRecommendedHotels.tsx,search/recommended,3
/deals/discounted-holidays,SearchResults.tsx,search/recommended,2
/deals/discounted-holidays,GenericRecommendedHotels.tsx,search/recommended,3
/deals/discounted-holidays,PromopageSearchPod.tsx,availability/dates,4
/deals/long-stay-holidays,SearchResults.tsx,search/recommended,2
/deals/long-stay-holidays,GenericRecommendedHotels.tsx,search/recommended,3
/deals/long-stay-holidays,PromopageSearchPod.tsx,availability/dates,4
/deals/solo-holiday-deals,SearchResults.tsx,search/recommended,2
/deals/solo-holiday-deals,GenericRecommendedHotels.tsx,search/recommended,3
/deals/solo-holiday-deals,PromopageSearchPod.tsx,availability/dates,4
/deals/certified-sustainable-hotels,PromopageSearchPod.tsx,availability/dates,4
/deals/certified-sustainable-hotels,SearchResults.tsx,search/recommended,2
/deals/certified-sustainable-hotels,GenericRecommendedHotels.tsx,search/recommended,3
/deals/group-holiday-deals,PromopageSearchPod.tsx,availability/dates,4
/deals/group-holiday-deals,SearchResults.tsx,search/recommended,2
/deals/group-holiday-deals,GenericRecommendedHotels.tsx,search/recommended,3
/deals/all-inclusive-holiday-deals,SearchResults.tsx,search/recommended,2
/deals/all-inclusive-holiday-deals,GenericRecommendedHotels.tsx,search/recommended,3
/deals/all-inclusive-holiday-deals,PromopageSearchPod.tsx,availability/dates,4
/deals/all-inclusive-holiday-deals,QuestionAndAnswer.tsx,help-centre/faq/save,1
/deals/all-inclusive-holiday-deals-ch,PromopageSearchPod.tsx,availability/dates,4
/deals/all-inclusive-holiday-deals-ch,SearchResults.tsx,search/recommended,2
/deals/all-inclusive-holiday-deals-ch,GenericRecommendedHotels.tsx,search/recommended,3
/deals/christmas-holidays,PromopageSearchPod.tsx,availability/dates,4
/deals/christmas-holidays,SearchResults.tsx,search/recommended,2
/deals/christmas-holidays,GenericRecommendedHotels.tsx,search/recommended,3
/deals/beach-holiday-deals,SearchResults.tsx,search/recommended,2
/deals/beach-holiday-deals,GenericRecommendedHotels.tsx,search/recommended,3
/deals/beach-holiday-deals,QuestionAndAnswer.tsx,help-centre/faq/save,1
/deals/beach-holiday-deals,PromopageSearchPod.tsx,availability/dates,4
/deals/beach-sale,SearchResults.tsx,search/recommended,2
/deals/beach-sale,GenericRecommendedHotels.tsx,search/recommended,3
/deals/beach-sale,PromopageSearchPod.tsx,availability/dates,4
/deals/cheap-beach-breaks,PromopageSearchPod.tsx,availability/dates,4
/deals/cheap-beach-breaks,SearchResults.tsx,search/recommended,2
/deals/cheap-beach-breaks,GenericRecommendedHotels.tsx,search/recommended,3
/deals/summer-beach-deals,PromopageSearchPod.tsx,availability/dates,4
/deals/summer-beach-deals,SearchResults.tsx,search/recommended,2
/deals/summer-beach-deals,GenericRecommendedHotels.tsx,search/recommended,3
/deals/bed-and-breakfast-holidays,QuestionAndAnswer.tsx,help-centre/faq/save,1
/deals/bed-and-breakfast-holidays,SearchResults.tsx,search/recommended,2
/deals/bed-and-breakfast-holidays,GenericRecommendedHotels.tsx,search/recommended,3
/deals/bed-and-breakfast-holidays,PromopageSearchPod.tsx,availability/dates,4
/deals/black-friday-holidays,QuestionAndAnswer.tsx,help-centre/faq/save,1
/deals/black-friday-holidays,PromopageSearchPod.tsx,availability/dates,4
/deals/black-friday-holidays,SearchResults.tsx,search/recommended,2
/deals/black-friday-holidays,GenericRecommendedHotels.tsx,search/recommended,3
/deals/city-hotels,PromopageSearchPod.tsx,availability/dates,4
/deals/city-hotels,SearchResults.tsx,search/recommended,2
/deals/city-hotels,GenericRecommendedHotels.tsx,search/recommended,3
/deals/beach-hotel-offers,SearchResults.tsx,search/recommended,2
/deals/beach-hotel-offers,GenericRecommendedHotels.tsx,search/recommended,3
/deals/beach-hotel-offers,PromopageSearchPod.tsx,availability/dates,4
/deals/amsterdam-deals,SearchResults.tsx,search/recommended,2
/deals/amsterdam-deals,GenericRecommendedHotels.tsx,search/recommended,3
/deals/amsterdam-deals,PromopageSearchPod.tsx,availability/dates,4
/deals/amsterdam-deals,QuestionAndAnswer.tsx,help-centre/faq/save,1
/deals/our-top-10-cities,SearchResults.tsx,search/recommended,2
/deals/our-top-10-cities,GenericRecommendedHotels.tsx,search/recommended,3
/deals/our-top-10-cities,PromopageSearchPod.tsx,availability/dates,4
/deals/paris-deals,QuestionAndAnswer.tsx,help-centre/faq/save,1
/deals/paris-deals,PromopageSearchPod.tsx,availability/dates,4
/deals/paris-deals,SearchResults.tsx,search/recommended,2
/deals/paris-deals,GenericRecommendedHotels.tsx,search/recommended,3
/deals/cyprus-deals,SearchResults.tsx,search/recommended,2
/deals/cyprus-deals,GenericRecommendedHotels.tsx,search/recommended,3
/deals/cyprus-deals,PromopageSearchPod.tsx,availability/dates,4
/deals/egypt-holiday-deals,QuestionAndAnswer.tsx,help-centre/faq/save,1
/deals/egypt-holiday-deals,PromopageSearchPod.tsx,availability/dates,4
/deals/egypt-holiday-deals,SearchResults.tsx,search/recommended,2
/deals/egypt-holiday-deals,GenericRecommendedHotels.tsx,search/recommended,3
/deals/cheap-city-breaks,SearchResults.tsx,search/recommended,2
/deals/cheap-city-breaks,GenericRecommendedHotels.tsx,search/recommended,3
/deals/cheap-city-breaks,PromopageSearchPod.tsx,availability/dates,4
/deals/city-promotions,SearchResults.tsx,search/recommended,2
/deals/city-promotions,GenericRecommendedHotels.tsx,search/recommended,3
/deals/city-promotions,PromopageSearchPod.tsx,availability/dates,4
/deals/city-sale,PromopageSearchPod.tsx,availability/dates,4
/deals/city-sale,SearchResults.tsx,search/recommended,2
/deals/city-sale,GenericRecommendedHotels.tsx,search/recommended,3
/deals/uk-city-breaks,SearchResults.tsx,search/recommended,2
/deals/uk-city-breaks,GenericRecommendedHotels.tsx,search/recommended,3
/deals/uk-city-breaks,PromopageSearchPod.tsx,availability/dates,4
/deals/greece-deals,QuestionAndAnswer.tsx,help-centre/faq/save,2
/deals/greece-deals,PromopageSearchPod.tsx,availability/dates,4
/deals/greece-deals,SearchResults.tsx,search/recommended,2
/deals/greece-deals,GenericRecommendedHotels.tsx,search/recommended,3
/deals/holiday-deals-from-london-gatwick,PromopageSearchPod.tsx,availability/dates,4
/deals/holiday-deals-from-london-gatwick,SearchResults.tsx,search/recommended,2
/deals/holiday-deals-from-london-gatwick,GenericRecommendedHotels.tsx,search/recommended,3
/deals/holidays-under-200pp,PromopageSearchPod.tsx,availability/dates,4
/deals/holidays-under-200pp,SearchResults.tsx,search/recommended,2
/deals/holidays-under-200pp,GenericRecommendedHotels.tsx,search/recommended,3
/deals/holidays-under-300pp,PromopageSearchPod.tsx,availability/dates,4
/deals/holidays-under-300pp,SearchResults.tsx,search/recommended,2
/deals/holidays-under-300pp,GenericRecommendedHotels.tsx,search/recommended,3
/deals/holidays-under-400pp,PromopageSearchPod.tsx,availability/dates,4
/deals/holidays-under-400pp,SearchResults.tsx,search/recommended,2
/deals/holidays-under-400pp,GenericRecommendedHotels.tsx,search/recommended,3
/deals/holidays-under-500pp,SearchResults.tsx,search/recommended,2
/deals/holidays-under-500pp,GenericRecommendedHotels.tsx,search/recommended,3
/deals/holidays-under-500pp,PromopageSearchPod.tsx,availability/dates,4
/deals/italy-holiday-deals,PromopageSearchPod.tsx,availability/dates,4
/deals/italy-holiday-deals,QuestionAndAnswer.tsx,help-centre/faq/save,1
/deals/italy-holiday-deals,SearchResults.tsx,search/recommended,2
/deals/italy-holiday-deals,GenericRecommendedHotels.tsx,search/recommended,3
/deals/lakes-holiday-deals,QuestionAndAnswer.tsx,help-centre/faq/save,1
/deals/lakes-holiday-deals,PromopageSearchPod.tsx,availability/dates,4
/deals/lakes-holiday-deals,SearchResults.tsx,search/recommended,2
/deals/lakes-holiday-deals,GenericRecommendedHotels.tsx,search/recommended,3
/deals/malta-deals,QuestionAndAnswer.tsx,help-centre/faq/save,1
/deals/malta-deals,SearchResults.tsx,search/recommended,2
/deals/malta-deals,GenericRecommendedHotels.tsx,search/recommended,3
/deals/malta-deals,PromopageSearchPod.tsx,availability/dates,4
/deals/next-winter,PromopageSearchPod.tsx,availability/dates,4
/deals/next-winter,SearchResults.tsx,search/recommended,2
/deals/next-winter,GenericRecommendedHotels.tsx,search/recommended,3
/deals/portugal-deals,SearchResults.tsx,search/recommended,2
/deals/portugal-deals,GenericRecommendedHotels.tsx,search/recommended,3
/deals/portugal-deals,PromopageSearchPod.tsx,availability/dates,4
/deals/portugal-deals,QuestionAndAnswer.tsx,help-centre/faq/save,1
/deals/promotions,PromopageSearchPod.tsx,availability/dates,4
/deals/promotions,SearchResults.tsx,search/recommended,2
/deals/promotions,GenericRecommendedHotels.tsx,search/recommended,3
/deals/school-holiday-deals,SearchResults.tsx,search/recommended,2
/deals/school-holiday-deals,GenericRecommendedHotels.tsx,search/recommended,3
/deals/school-holiday-deals,QuestionAndAnswer.tsx,help-centre/faq/save,1
/deals/school-holiday-deals,PromopageSearchPod.tsx,availability/dates,4
/deals/short-break-deals,PromopageSearchPod.tsx,availability/dates,4
/deals/short-break-deals,QuestionAndAnswer.tsx,help-centre/faq/save,1
/deals/short-break-deals,SearchResults.tsx,search/recommended,2
/deals/short-break-deals,GenericRecommendedHotels.tsx,search/recommended,3
/deals/spain-deals,SearchResults.tsx,search/recommended,2
/deals/spain-deals,GenericRecommendedHotels.tsx,search/recommended,3
/deals/spain-deals,PromopageSearchPod.tsx,availability/dates,4
/deals/beach-city-breaks,SearchResults.tsx,search/recommended,2
/deals/beach-city-breaks,GenericRecommendedHotels.tsx,search/recommended,3
/deals/beach-city-breaks,PromopageSearchPod.tsx,availability/dates,4
/deals/summer-city-breaks,SearchResults.tsx,search/recommended,2
/deals/summer-city-breaks,GenericRecommendedHotels.tsx,search/recommended,3
/deals/summer-city-breaks,PromopageSearchPod.tsx,availability/dates,4
/deals/summer-city-breaks,QuestionAndAnswer.tsx,help-centre/faq/save,1
/deals/turkey-deals,PromopageSearchPod.tsx,availability/dates,4
/deals/turkey-deals,QuestionAndAnswer.tsx,help-centre/faq/save,1
/deals/turkey-deals,SearchResults.tsx,search/recommended,2
/deals/turkey-deals,GenericRecommendedHotels.tsx,search/recommended,3
/deals/waterpark-holiday-deals,PromopageSearchPod.tsx,availability/dates,4
/deals/waterpark-holiday-deals,QuestionAndAnswer.tsx,help-centre/faq/save,1
/deals/waterpark-holiday-deals,SearchResults.tsx,search/recommended,2
/deals/waterpark-holiday-deals,GenericRecommendedHotels.tsx,search/recommended,3
/deals/self-catering-holidays,SearchResults.tsx,search/recommended,2
/deals/self-catering-holidays,GenericRecommendedHotels.tsx,search/recommended,3
/deals/self-catering-holidays,QuestionAndAnswer.tsx,help-centre/faq/save,1
/deals/self-catering-holidays,PromopageSearchPod.tsx,availability/dates,4
/deals/spa-holidays,PromopageSearchPod.tsx,availability/dates,4
/deals/spa-holidays,SearchResults.tsx,search/recommended,2
/deals/spa-holidays,GenericRecommendedHotels.tsx,search/recommended,3
/deals/spa-holidays,QuestionAndAnswer.tsx,help-centre/faq/save,1
/deals/christmas-market-holidays,PromopageSearchPod.tsx,availability/dates,4
/deals/christmas-market-holidays,QuestionAndAnswer.tsx,help-centre/faq/save,1
/deals/christmas-market-holidays,SearchResults.tsx,search/recommended,2
/deals/christmas-market-holidays,GenericRecommendedHotels.tsx,search/recommended,3
/deals/christmas-market-holidays/to-amsterdam,SearchResults.tsx,search/recommended,2
/deals/christmas-market-holidays/to-amsterdam,GenericRecommendedHotels.tsx,search/recommended,3
/deals/christmas-market-holidays/to-amsterdam,PromopageSearchPod.tsx,availability/dates,4
/deals/christmas-market-holidays/to-berlin,SearchResults.tsx,search/recommended,2
/deals/christmas-market-holidays/to-berlin,GenericRecommendedHotels.tsx,search/recommended,3
/deals/christmas-market-holidays/to-berlin,PromopageSearchPod.tsx,availability/dates,4
/deals/christmas-market-holidays/to-budapest,SearchResults.tsx,search/recommended,2
/deals/christmas-market-holidays/to-budapest,GenericRecommendedHotels.tsx,search/recommended,3
/deals/christmas-market-holidays/to-budapest,PromopageSearchPod.tsx,availability/dates,4
/deals/christmas-market-holidays/to-copenhagen,PromopageSearchPod.tsx,availability/dates,4
/deals/christmas-market-holidays/to-copenhagen,SearchResults.tsx,search/recommended,2
/deals/christmas-market-holidays/to-copenhagen,GenericRecommendedHotels.tsx,search/recommended,3
/deals/christmas-market-holidays/to-munich,SearchResults.tsx,search/recommended,2
/deals/christmas-market-holidays/to-munich,GenericRecommendedHotels.tsx,search/recommended,3
/deals/christmas-market-holidays/to-munich,PromopageSearchPod.tsx,availability/dates,4
/deals/christmas-market-holidays/to-prague,SearchResults.tsx,search/recommended,2
/deals/christmas-market-holidays/to-prague,GenericRecommendedHotels.tsx,search/recommended,3
/deals/christmas-market-holidays/to-prague,PromopageSearchPod.tsx,availability/dates,4
/deals/christmas-market-holidays/to-vienna,SearchResults.tsx,search/recommended,2
/deals/christmas-market-holidays/to-vienna,GenericRecommendedHotels.tsx,search/recommended,3
/deals/christmas-market-holidays/to-vienna,PromopageSearchPod.tsx,availability/dates,4
/deals/luxury-beach-holiday-deals,PromopageSearchPod.tsx,availability/dates,4
/deals/luxury-beach-holiday-deals,QuestionAndAnswer.tsx,help-centre/faq/save,1
/deals/luxury-beach-holiday-deals,SearchResults.tsx,search/recommended,2
/deals/luxury-beach-holiday-deals,GenericRecommendedHotels.tsx,search/recommended,3
/deals/luxury-city-break-deals,PromopageSearchPod.tsx,availability/dates,4
/deals/luxury-city-break-deals,SearchResults.tsx,search/recommended,2
/deals/luxury-city-break-deals,GenericRecommendedHotels.tsx,search/recommended,3
/deals/luxury-city-break-deals,QuestionAndAnswer.tsx,help-centre/faq/save,1
/deals/easter-deals,SearchResults.tsx,search/recommended,2
/deals/easter-deals,GenericRecommendedHotels.tsx,search/recommended,3
/deals/easter-deals,QuestionAndAnswer.tsx,help-centre/faq/save,1
/deals/easter-deals,PromopageSearchPod.tsx,availability/dates,4
/deals/easter-deals/from-belfast,PromopageSearchPod.tsx,availability/dates,4
/deals/easter-deals/from-belfast,SearchResults.tsx,search/recommended,2
/deals/easter-deals/from-belfast,GenericRecommendedHotels.tsx,search/recommended,3
/deals/easter-deals/from-bristol,PromopageSearchPod.tsx,availability/dates,4
/deals/easter-deals/from-bristol,SearchResults.tsx,search/recommended,2
/deals/easter-deals/from-bristol,GenericRecommendedHotels.tsx,search/recommended,3
/deals/easter-deals/from-edinburgh,SearchResults.tsx,search/recommended,2
/deals/easter-deals/from-edinburgh,GenericRecommendedHotels.tsx,search/recommended,3
/deals/easter-deals/from-edinburgh,PromopageSearchPod.tsx,availability/dates,4
/deals/easter-deals/from-glasgow,PromopageSearchPod.tsx,availability/dates,4
/deals/easter-deals/from-glasgow,SearchResults.tsx,search/recommended,2
/deals/easter-deals/from-glasgow,GenericRecommendedHotels.tsx,search/recommended,3
/deals/easter-deals/from-liverpool,SearchResults.tsx,search/recommended,2
/deals/easter-deals/from-liverpool,GenericRecommendedHotels.tsx,search/recommended,3
/deals/easter-deals/from-liverpool,PromopageSearchPod.tsx,availability/dates,4
/deals/easter-deals/from-london,SearchResults.tsx,search/recommended,2
/deals/easter-deals/from-london,GenericRecommendedHotels.tsx,search/recommended,3
/deals/easter-deals/from-london,PromopageSearchPod.tsx,availability/dates,4
/deals/easter-deals/from-london-gatwick,PromopageSearchPod.tsx,availability/dates,4
/deals/easter-deals/from-london-gatwick,SearchResults.tsx,search/recommended,2
/deals/easter-deals/from-london-gatwick,GenericRecommendedHotels.tsx,search/recommended,3
/deals/easter-deals/from-london-luton,SearchResults.tsx,search/recommended,2
/deals/easter-deals/from-london-luton,GenericRecommendedHotels.tsx,search/recommended,3
/deals/easter-deals/from-london-luton,PromopageSearchPod.tsx,availability/dates,4
/deals/easter-deals/from-london-southend,PromopageSearchPod.tsx,availability/dates,4
/deals/easter-deals/from-london-southend,SearchResults.tsx,search/recommended,2
/deals/easter-deals/from-london-southend,GenericRecommendedHotels.tsx,search/recommended,3
/deals/easter-deals/from-london-stansted,SearchResults.tsx,search/recommended,2
/deals/easter-deals/from-london-stansted,GenericRecommendedHotels.tsx,search/recommended,3
/deals/easter-deals/from-london-stansted,PromopageSearchPod.tsx,availability/dates,4
/deals/easter-deals/from-manchester,SearchResults.tsx,search/recommended,2
/deals/easter-deals/from-manchester,GenericRecommendedHotels.tsx,search/recommended,3
/deals/easter-deals/from-manchester,PromopageSearchPod.tsx,availability/dates,4
/deals/easter-deals/from-newcastle,SearchResults.tsx,search/recommended,2
/deals/easter-deals/from-newcastle,GenericRecommendedHotels.tsx,search/recommended,3
/deals/easter-deals/from-newcastle,PromopageSearchPod.tsx,availability/dates,4
/deals/next-summer,SearchResults.tsx,search/recommended,2
/deals/next-summer,GenericRecommendedHotels.tsx,search/recommended,3
/deals/next-summer,PromopageSearchPod.tsx,availability/dates,4
/deals/may-school-holidays,SearchResults.tsx,search/recommended,2
/deals/may-school-holidays,GenericRecommendedHotels.tsx,search/recommended,3
/deals/may-school-holidays,PromopageSearchPod.tsx,availability/dates,4
/deals/october-school-holidays,PromopageSearchPod.tsx,availability/dates,4
/deals/october-school-holidays,QuestionAndAnswer.tsx,help-centre/faq/save,1
/deals/october-school-holidays,SearchResults.tsx,search/recommended,2
/deals/october-school-holidays,GenericRecommendedHotels.tsx,search/recommended,3
/deals/adults-holiday-deals,QuestionAndAnswer.tsx,help-centre/faq/save,1
/deals/adults-holiday-deals,SearchResults.tsx,search/recommended,2
/deals/adults-holiday-deals,GenericRecommendedHotels.tsx,search/recommended,3
/deals/adults-holiday-deals,PromopageSearchPod.tsx,availability/dates,4
/deals/family-holiday-deals,QuestionAndAnswer.tsx,help-centre/faq/save,1
/deals/family-holiday-deals,PromopageSearchPod.tsx,availability/dates,4
/deals/family-holiday-deals,SearchResults.tsx,search/recommended,2
/deals/family-holiday-deals,GenericRecommendedHotels.tsx,search/recommended,3
/deals/balearic-islands,QuestionAndAnswer.tsx,help-centre/faq/save,1
/deals/balearic-islands,PromopageSearchPod.tsx,availability/dates,4
/deals/balearic-islands,SearchResults.tsx,search/recommended,2
/deals/balearic-islands,GenericRecommendedHotels.tsx,search/recommended,3
/deals/free-child-places,SearchResults.tsx,search/recommended,2
/deals/free-child-places,GenericRecommendedHotels.tsx,search/recommended,3
/deals/free-child-places,QuestionAndAnswer.tsx,help-centre/faq/save,1
/deals/free-child-places,PromopageSearchPod.tsx,availability/dates,4
/deals/canary-islands,SearchResults.tsx,search/recommended,2
/deals/canary-islands,GenericRecommendedHotels.tsx,search/recommended,3
/deals/canary-islands,PromopageSearchPod.tsx,availability/dates,4
/deals/canary-islands,QuestionAndAnswer.tsx,help-centre/faq/save,1
/deals/tenerife-holiday-deals,PromopageSearchPod.tsx,availability/dates,4
/deals/tenerife-holiday-deals,SearchResults.tsx,search/recommended,2
/deals/tenerife-holiday-deals,GenericRecommendedHotels.tsx,search/recommended,3
/deals/last-minute-city-breaks,PromopageSearchPod.tsx,availability/dates,4
/deals/last-minute-city-breaks,SearchResults.tsx,search/recommended,2
/deals/last-minute-city-breaks,GenericRecommendedHotels.tsx,search/recommended,3
/deals/last-minute-city-breaks,QuestionAndAnswer.tsx,help-centre/faq/save,1
/deals/last-minute-beach-holidays,PromopageSearchPod.tsx,availability/dates,4
/deals/last-minute-beach-holidays,QuestionAndAnswer.tsx,help-centre/faq/save,1
/deals/last-minute-beach-holidays,SearchResults.tsx,search/recommended,2
/deals/last-minute-beach-holidays,GenericRecommendedHotels.tsx,search/recommended,3
/deals/last-minute-holiday-deals,QuestionAndAnswer.tsx,help-centre/faq/save,1
/deals/last-minute-holiday-deals,SearchResults.tsx,search/recommended,2
/deals/last-minute-holiday-deals,GenericRecommendedHotels.tsx,search/recommended,3
/deals/last-minute-holiday-deals,PromopageSearchPod.tsx,availability/dates,4
/deals/single-parent-holiday-deals,SearchResults.tsx,search/recommended,2
/deals/single-parent-holiday-deals,GenericRecommendedHotels.tsx,search/recommended,3
/deals/single-parent-holiday-deals,PromopageSearchPod.tsx,availability/dates,4
/deals/autumn-holidays,SearchResults.tsx,search/recommended,2
/deals/autumn-holidays,GenericRecommendedHotels.tsx,search/recommended,3
/deals/autumn-holidays,PromopageSearchPod.tsx,availability/dates,4
/deals/spring-holidays,SearchResults.tsx,search/recommended,2
/deals/spring-holidays,GenericRecommendedHotels.tsx,search/recommended,3
/deals/spring-holidays,PromopageSearchPod.tsx,availability/dates,4
/deals/summer-holidays,SearchResults.tsx,search/recommended,2
/deals/summer-holidays,GenericRecommendedHotels.tsx,search/recommended,3
/deals/summer-holidays,PromopageSearchPod.tsx,availability/dates,4
/deals/summer-holidays,QuestionAndAnswer.tsx,help-centre/faq/save,1
/deals/winter-city-breaks,SearchResults.tsx,search/recommended,2
/deals/winter-city-breaks,GenericRecommendedHotels.tsx,search/recommended,3
/deals/winter-city-breaks,QuestionAndAnswer.tsx,help-centre/faq/save,1
/deals/winter-city-breaks,PromopageSearchPod.tsx,availability/dates,4
/deals/winter-beach-holidays,PromopageSearchPod.tsx,availability/dates,4
/deals/winter-beach-holidays,SearchResults.tsx,search/recommended,2
/deals/winter-beach-holidays,GenericRecommendedHotels.tsx,search/recommended,3
/deals/winter-holidays,QuestionAndAnswer.tsx,help-centre/faq/save,1
/deals/winter-holidays,SearchResults.tsx,search/recommended,2
/deals/winter-holidays,GenericRecommendedHotels.tsx,search/recommended,3
/deals/winter-holidays,PromopageSearchPod.tsx,availability/dates,4
/deals/free-child-places-2024,SearchResults.tsx,search/recommended,2
/deals/free-child-places-2024,GenericRecommendedHotels.tsx,search/recommended,3
/deals/free-child-places-2024,PromopageSearchPod.tsx,availability/dates,4
/deals/city-break-deals,SearchResults.tsx,search/recommended,2
/deals/city-break-deals,GenericRecommendedHotels.tsx,search/recommended,3
/deals/city-break-deals,PromopageSearchPod.tsx,availability/dates,4
/deals/city-break-deals/from-belfast,PromopageSearchPod.tsx,availability/dates,4
/deals/city-break-deals/from-belfast,SearchResults.tsx,search/recommended,2
/deals/city-break-deals/from-belfast,GenericRecommendedHotels.tsx,search/recommended,3
/deals/city-break-deals/from-bristol,PromopageSearchPod.tsx,availability/dates,4
/deals/city-break-deals/from-bristol,SearchResults.tsx,search/recommended,2
/deals/city-break-deals/from-bristol,GenericRecommendedHotels.tsx,search/recommended,3
/deals/city-break-deals/from-edinburgh,SearchResults.tsx,search/recommended,2
/deals/city-break-deals/from-edinburgh,GenericRecommendedHotels.tsx,search/recommended,3
/deals/city-break-deals/from-edinburgh,PromopageSearchPod.tsx,availability/dates,4
/deals/city-break-deals/from-glasgow,PromopageSearchPod.tsx,availability/dates,4
/deals/city-break-deals/from-glasgow,SearchResults.tsx,search/recommended,2
/deals/city-break-deals/from-glasgow,GenericRecommendedHotels.tsx,search/recommended,3
/deals/city-break-deals/from-liverpool,SearchResults.tsx,search/recommended,2
/deals/city-break-deals/from-liverpool,GenericRecommendedHotels.tsx,search/recommended,3
/deals/city-break-deals/from-liverpool,PromopageSearchPod.tsx,availability/dates,4
/deals/city-break-deals/from-london,SearchResults.tsx,search/recommended,2
/deals/city-break-deals/from-london,GenericRecommendedHotels.tsx,search/recommended,3
/deals/city-break-deals/from-london,PromopageSearchPod.tsx,availability/dates,4
/deals/city-break-deals/from-london-gatwick,PromopageSearchPod.tsx,availability/dates,4
/deals/city-break-deals/from-london-gatwick,SearchResults.tsx,search/recommended,2
/deals/city-break-deals/from-london-gatwick,GenericRecommendedHotels.tsx,search/recommended,3
/deals/city-break-deals/from-london-luton,SearchResults.tsx,search/recommended,2
/deals/city-break-deals/from-london-luton,GenericRecommendedHotels.tsx,search/recommended,3
/deals/city-break-deals/from-london-luton,PromopageSearchPod.tsx,availability/dates,4
/deals/city-break-deals/from-london-southend,PromopageSearchPod.tsx,availability/dates,4
/deals/city-break-deals/from-london-southend,SearchResults.tsx,search/recommended,2
/deals/city-break-deals/from-london-southend,GenericRecommendedHotels.tsx,search/recommended,3
/deals/city-break-deals/from-london-stansted,SearchResults.tsx,search/recommended,2
/deals/city-break-deals/from-london-stansted,GenericRecommendedHotels.tsx,search/recommended,3
/deals/city-break-deals/from-london-stansted,PromopageSearchPod.tsx,availability/dates,4
/deals/city-break-deals/from-manchester,SearchResults.tsx,search/recommended,2
/deals/city-break-deals/from-manchester,GenericRecommendedHotels.tsx,search/recommended,3
/deals/city-break-deals/from-manchester,PromopageSearchPod.tsx,availability/dates,4
/deals/city-break-deals/from-newcastle,SearchResults.tsx,search/recommended,2
/deals/city-break-deals/from-newcastle,GenericRecommendedHotels.tsx,search/recommended,3
/deals/city-break-deals/from-newcastle,PromopageSearchPod.tsx,availability/dates,4
/deals/all-inclusive-deals,SearchResults.tsx,search/recommended,2
/deals/all-inclusive-deals,GenericRecommendedHotels.tsx,search/recommended,3
/deals/all-inclusive-deals,PromopageSearchPod.tsx,availability/dates,4
/deals/all-inclusive-deals/from-newcastle,SearchResults.tsx,search/recommended,2
/deals/all-inclusive-deals/from-newcastle,GenericRecommendedHotels.tsx,search/recommended,3
/deals/all-inclusive-deals/from-newcastle,PromopageSearchPod.tsx,availability/dates,4
/deals/all-inclusive-deals/from-manchester,SearchResults.tsx,search/recommended,2
/deals/all-inclusive-deals/from-manchester,GenericRecommendedHotels.tsx,search/recommended,3
/deals/all-inclusive-deals/from-manchester,PromopageSearchPod.tsx,availability/dates,4
/deals/all-inclusive-deals/from-london,SearchResults.tsx,search/recommended,2
/deals/all-inclusive-deals/from-london,GenericRecommendedHotels.tsx,search/recommended,3
/deals/all-inclusive-deals/from-london,PromopageSearchPod.tsx,availability/dates,4
/deals/all-inclusive-deals/from-london-stansted,SearchResults.tsx,search/recommended,2
/deals/all-inclusive-deals/from-london-stansted,GenericRecommendedHotels.tsx,search/recommended,3
/deals/all-inclusive-deals/from-london-stansted,PromopageSearchPod.tsx,availability/dates,4
/deals/all-inclusive-deals/from-london-southend,PromopageSearchPod.tsx,availability/dates,4
/deals/all-inclusive-deals/from-london-southend,SearchResults.tsx,search/recommended,2
/deals/all-inclusive-deals/from-london-southend,GenericRecommendedHotels.tsx,search/recommended,3
/deals/all-inclusive-deals/from-london-luton,SearchResults.tsx,search/recommended,2
/deals/all-inclusive-deals/from-london-luton,GenericRecommendedHotels.tsx,search/recommended,3
/deals/all-inclusive-deals/from-london-luton,PromopageSearchPod.tsx,availability/dates,4
/deals/all-inclusive-deals/from-london-gatwick,PromopageSearchPod.tsx,availability/dates,4
/deals/all-inclusive-deals/from-london-gatwick,SearchResults.tsx,search/recommended,2
/deals/all-inclusive-deals/from-london-gatwick,GenericRecommendedHotels.tsx,search/recommended,3
/deals/all-inclusive-deals/from-liverpool,SearchResults.tsx,search/recommended,2
/deals/all-inclusive-deals/from-liverpool,GenericRecommendedHotels.tsx,search/recommended,3
/deals/all-inclusive-deals/from-liverpool,PromopageSearchPod.tsx,availability/dates,4
/deals/all-inclusive-deals/from-glasgow,PromopageSearchPod.tsx,availability/dates,4
/deals/all-inclusive-deals/from-glasgow,SearchResults.tsx,search/recommended,2
/deals/all-inclusive-deals/from-glasgow,GenericRecommendedHotels.tsx,search/recommended,3
/deals/all-inclusive-deals/from-edinburgh,SearchResults.tsx,search/recommended,2
/deals/all-inclusive-deals/from-edinburgh,GenericRecommendedHotels.tsx,search/recommended,3
/deals/all-inclusive-deals/from-edinburgh,PromopageSearchPod.tsx,availability/dates,4
/deals/all-inclusive-deals/from-bristol,PromopageSearchPod.tsx,availability/dates,4
/deals/all-inclusive-deals/from-bristol,SearchResults.tsx,search/recommended,2
/deals/all-inclusive-deals/from-bristol,GenericRecommendedHotels.tsx,search/recommended,3
/deals/all-inclusive-deals/from-belfast,PromopageSearchPod.tsx,availability/dates,4
/deals/all-inclusive-deals/from-belfast,SearchResults.tsx,search/recommended,2
/deals/all-inclusive-deals/from-belfast,GenericRecommendedHotels.tsx,search/recommended,3
/deals/summer-family-holidays,SearchResults.tsx,search/recommended,2
/deals/summer-family-holidays,GenericRecommendedHotels.tsx,search/recommended,3
/deals/summer-family-holidays,PromopageSearchPod.tsx,availability/dates,4
/deals/august-bank-holidays,SearchResults.tsx,search/recommended,2
/deals/august-bank-holidays,GenericRecommendedHotels.tsx,search/recommended,3
/deals/august-bank-holidays,PromopageSearchPod.tsx,availability/dates,4
/deals/from-belfast,PromopageSearchPod.tsx,availability/dates,4
/deals/from-belfast,SearchResults.tsx,search/recommended,2
/deals/from-belfast,GenericRecommendedHotels.tsx,search/recommended,3
/deals/from-london-southend,PromopageSearchPod.tsx,availability/dates,4
/deals/from-london-southend,SearchResults.tsx,search/recommended,2
/deals/from-london-southend,GenericRecommendedHotels.tsx,search/recommended,3
/deals/from-bristol,PromopageSearchPod.tsx,availability/dates,4
/deals/from-bristol,SearchResults.tsx,search/recommended,2
/deals/from-bristol,GenericRecommendedHotels.tsx,search/recommended,3
/deals/from-edinburgh,SearchResults.tsx,search/recommended,2
/deals/from-edinburgh,GenericRecommendedHotels.tsx,search/recommended,3
/deals/from-edinburgh,PromopageSearchPod.tsx,availability/dates,4
/deals/from-glasgow,PromopageSearchPod.tsx,availability/dates,4
/deals/from-glasgow,SearchResults.tsx,search/recommended,2
/deals/from-glasgow,GenericRecommendedHotels.tsx,search/recommended,3
/deals/from-liverpool,SearchResults.tsx,search/recommended,2
/deals/from-liverpool,GenericRecommendedHotels.tsx,search/recommended,3
/deals/from-liverpool,PromopageSearchPod.tsx,availability/dates,4
/deals/from-london,SearchResults.tsx,search/recommended,2
/deals/from-london,GenericRecommendedHotels.tsx,search/recommended,3
/deals/from-london,PromopageSearchPod.tsx,availability/dates,4
/deals/from-london-gatwick,PromopageSearchPod.tsx,availability/dates,4
/deals/from-london-gatwick,SearchResults.tsx,search/recommended,2
/deals/from-london-gatwick,GenericRecommendedHotels.tsx,search/recommended,3
/deals/from-london-luton,SearchResults.tsx,search/recommended,2
/deals/from-london-luton,GenericRecommendedHotels.tsx,search/recommended,3
/deals/from-london-luton,PromopageSearchPod.tsx,availability/dates,4
/deals/from-london-stansted,SearchResults.tsx,search/recommended,2
/deals/from-london-stansted,GenericRecommendedHotels.tsx,search/recommended,3
/deals/from-london-stansted,PromopageSearchPod.tsx,availability/dates,4
/deals/from-newcastle,SearchResults.tsx,search/recommended,2
/deals/from-newcastle,GenericRecommendedHotels.tsx,search/recommended,3
/deals/from-newcastle,PromopageSearchPod.tsx,availability/dates,4
/deals/from-manchester,SearchResults.tsx,search/recommended,2
/deals/from-manchester,GenericRecommendedHotels.tsx,search/recommended,3
/deals/from-manchester,PromopageSearchPod.tsx,availability/dates,4
/holidays-in-january,PromopageSearchPod.tsx,availability/dates,4
/holidays-in-january,QuestionAndAnswer.tsx,help-centre/faq/save,1
/holidays-in-january,SearchResults.tsx,search/recommended,2
/holidays-in-january,GenericRecommendedHotels.tsx,search/recommended,3
/holidays-in-february,SearchResults.tsx,search/recommended,2
/holidays-in-february,GenericRecommendedHotels.tsx,search/recommended,3
/holidays-in-february,QuestionAndAnswer.tsx,help-centre/faq/save,1
/holidays-in-february,PromopageSearchPod.tsx,availability/dates,4
/holidays-in-march,PromopageSearchPod.tsx,availability/dates,4
/holidays-in-march,SearchResults.tsx,search/recommended,2
/holidays-in-march,GenericRecommendedHotels.tsx,search/recommended,3
/holidays-in-march,QuestionAndAnswer.tsx,help-centre/faq/save,1
/holidays-in-april,QuestionAndAnswer.tsx,help-centre/faq/save,1
/holidays-in-april,PromopageSearchPod.tsx,availability/dates,4
/holidays-in-april,SearchResults.tsx,search/recommended,2
/holidays-in-april,GenericRecommendedHotels.tsx,search/recommended,3
/holidays-in-may,PromopageSearchPod.tsx,availability/dates,4
/holidays-in-may,SearchResults.tsx,search/recommended,2
/holidays-in-may,GenericRecommendedHotels.tsx,search/recommended,3
/holidays-in-may,QuestionAndAnswer.tsx,help-centre/faq/save,1
/holidays-in-june,SearchResults.tsx,search/recommended,2
/holidays-in-june,GenericRecommendedHotels.tsx,search/recommended,3
/holidays-in-june,PromopageSearchPod.tsx,availability/dates,4
/holidays-in-june,QuestionAndAnswer.tsx,help-centre/faq/save,1
/holidays-in-july,PromopageSearchPod.tsx,availability/dates,4
/holidays-in-july,QuestionAndAnswer.tsx,help-centre/faq/save,1
/holidays-in-july,SearchResults.tsx,search/recommended,2
/holidays-in-july,GenericRecommendedHotels.tsx,search/recommended,3
/holidays-in-august,QuestionAndAnswer.tsx,help-centre/faq/save,1
/holidays-in-august,PromopageSearchPod.tsx,availability/dates,4
/holidays-in-august,SearchResults.tsx,search/recommended,2
/holidays-in-august,GenericRecommendedHotels.tsx,search/recommended,3
/holidays-in-september,SearchResults.tsx,search/recommended,2
/holidays-in-september,GenericRecommendedHotels.tsx,search/recommended,3
/holidays-in-september,PromopageSearchPod.tsx,availability/dates,4
/holidays-in-september,QuestionAndAnswer.tsx,help-centre/faq/save,1
/holidays-in-october,PromopageSearchPod.tsx,availability/dates,4
/holidays-in-october,SearchResults.tsx,search/recommended,2
/holidays-in-october,GenericRecommendedHotels.tsx,search/recommended,3
/holidays-in-october,QuestionAndAnswer.tsx,help-centre/faq/save,1
/holidays-in-november,SearchResults.tsx,search/recommended,2
/holidays-in-november,GenericRecommendedHotels.tsx,search/recommended,3
/holidays-in-november,PromopageSearchPod.tsx,availability/dates,4
/holidays-in-november,QuestionAndAnswer.tsx,help-centre/faq/save,1
/holidays-in-december,SearchResults.tsx,search/recommended,2
/holidays-in-december,GenericRecommendedHotels.tsx,search/recommended,3
/holidays-in-december,QuestionAndAnswer.tsx,help-centre/faq/save,1
/holidays-in-december,PromopageSearchPod.tsx,availability/dates,4
/holidays-from-liverpool,SearchResults.tsx,search/recommended,2
/holidays-from-liverpool,GenericRecommendedHotels.tsx,search/recommended,3
/holidays-from-liverpool,PromopageSearchPod.tsx,availability/dates,4
/holidays-from-manchester,PromopageSearchPod.tsx,availability/dates,4
/holidays-from-manchester,SearchResults.tsx,search/recommended,2
/holidays-from-manchester,GenericRecommendedHotels.tsx,search/recommended,3
/holidays-from-southampton,SearchResults.tsx,search/recommended,2
/holidays-from-southampton,GenericRecommendedHotels.tsx,search/recommended,3
/holidays-from-southampton,PromopageSearchPod.tsx,availability/dates,4
/holidays-from-belfast,SearchResults.tsx,search/recommended,2
/holidays-from-belfast,GenericRecommendedHotels.tsx,search/recommended,3
/holidays-from-belfast,PromopageSearchPod.tsx,availability/dates,4
/holidays-from-bristol,PromopageSearchPod.tsx,availability/dates,4
/holidays-from-bristol,SearchResults.tsx,search/recommended,2
/holidays-from-bristol,GenericRecommendedHotels.tsx,search/recommended,3
/holidays-from-glasgow,PromopageSearchPod.tsx,availability/dates,4
/holidays-from-glasgow,SearchResults.tsx,search/recommended,2
/holidays-from-glasgow,GenericRecommendedHotels.tsx,search/recommended,3
/holidays-from-edinburgh,PromopageSearchPod.tsx,availability/dates,4
/holidays-from-edinburgh,SearchResults.tsx,search/recommended,2
/holidays-from-edinburgh,GenericRecommendedHotels.tsx,search/recommended,3
/holidays-from-london,SearchResults.tsx,search/recommended,2
/holidays-from-london,GenericRecommendedHotels.tsx,search/recommended,3
/holidays-from-london,PromopageSearchPod.tsx,availability/dates,4
/holidays-from-birmingham,PromopageSearchPod.tsx,availability/dates,4
/holidays-from-birmingham,SearchResults.tsx,search/recommended,2
/holidays-from-birmingham,GenericRecommendedHotels.tsx,search/recommended,3
/holidays-from-london-luton,SearchResults.tsx,search/recommended,2
/holidays-from-london-luton,GenericRecommendedHotels.tsx,search/recommended,3
/holidays-from-london-luton,PromopageSearchPod.tsx,availability/dates,4
/holidays-from-london-southend,PromopageSearchPod.tsx,availability/dates,4
/holidays-from-london-southend,SearchResults.tsx,search/recommended,2
/holidays-from-london-southend,GenericRecommendedHotels.tsx,search/recommended,3
/holidays-from-newcastle,SearchResults.tsx,search/recommended,2
/holidays-from-newcastle,GenericRecommendedHotels.tsx,search/recommended,3
/holidays-from-newcastle,PromopageSearchPod.tsx,availability/dates,4
/holidays-from-london-stansted,SearchResults.tsx,search/recommended,2
/holidays-from-london-stansted,GenericRecommendedHotels.tsx,search/recommended,3
/holidays-from-london-stansted,PromopageSearchPod.tsx,availability/dates,4
/offers,PromopageSearchPod.tsx,availability/dates,4
/offers,SearchResults.tsx,search/recommended,2
/offers,GenericRecommendedHotels.tsx,search/recommended,3
/offers/from-london-southend,PromopageSearchPod.tsx,availability/dates,4
/offers/from-london-southend,SearchResults.tsx,search/recommended,2
/offers/from-london-southend,GenericRecommendedHotels.tsx,search/recommended,3
/offers/from-newcastle,SearchResults.tsx,search/recommended,2
/offers/from-newcastle,GenericRecommendedHotels.tsx,search/recommended,3
/offers/from-newcastle,PromopageSearchPod.tsx,availability/dates,4
/offers/black-friday-deals,PromopageSearchPod.tsx,availability/dates,4
/offers/black-friday-deals,SearchResults.tsx,search/recommended,2
/offers/black-friday-deals,GenericRecommendedHotels.tsx,search/recommended,3
/offers/city-hotel-deals,SearchResults.tsx,search/recommended,2
/offers/city-hotel-deals,GenericRecommendedHotels.tsx,search/recommended,3
/offers/city-hotel-deals,PromopageSearchPod.tsx,availability/dates,4
/offers/cyprus-deals,SearchResults.tsx,search/recommended,2
/offers/cyprus-deals,GenericRecommendedHotels.tsx,search/recommended,3
/offers/cyprus-deals,PromopageSearchPod.tsx,availability/dates,4
/offers/favourite-hotels,SearchResults.tsx,search/recommended,2
/offers/favourite-hotels,GenericRecommendedHotels.tsx,search/recommended,3
/offers/favourite-hotels,PromopageSearchPod.tsx,availability/dates,4
/offers/from-belfast,PromopageSearchPod.tsx,availability/dates,4
/offers/from-belfast,SearchResults.tsx,search/recommended,2
/offers/from-belfast,GenericRecommendedHotels.tsx,search/recommended,3
/offers/greece-deals,QuestionAndAnswer.tsx,help-centre/faq/save,2
/offers/greece-deals,PromopageSearchPod.tsx,availability/dates,4
/offers/greece-deals,SearchResults.tsx,search/recommended,2
/offers/greece-deals,GenericRecommendedHotels.tsx,search/recommended,3
/offers/hotel-deals,SearchResults.tsx,search/recommended,2
/offers/hotel-deals,GenericRecommendedHotels.tsx,search/recommended,3
/offers/hotel-deals,PromopageSearchPod.tsx,availability/dates,4
/offers/malta-deals,QuestionAndAnswer.tsx,help-centre/faq/save,1
/offers/malta-deals,SearchResults.tsx,search/recommended,2
/offers/malta-deals,GenericRecommendedHotels.tsx,search/recommended,3
/offers/malta-deals,PromopageSearchPod.tsx,availability/dates,4
/offers/portugal-deals,SearchResults.tsx,search/recommended,2
/offers/portugal-deals,GenericRecommendedHotels.tsx,search/recommended,3
/offers/portugal-deals,PromopageSearchPod.tsx,availability/dates,4
/offers/portugal-deals,QuestionAndAnswer.tsx,help-centre/faq/save,1
/offers/spain-deals,SearchResults.tsx,search/recommended,2
/offers/spain-deals,GenericRecommendedHotels.tsx,search/recommended,3
/offers/spain-deals,PromopageSearchPod.tsx,availability/dates,4
/offers/turkey-deals,PromopageSearchPod.tsx,availability/dates,4
/offers/turkey-deals,QuestionAndAnswer.tsx,help-centre/faq/save,1
/offers/turkey-deals,SearchResults.tsx,search/recommended,2
/offers/turkey-deals,GenericRecommendedHotels.tsx,search/recommended,3
/offers/from-bristol,PromopageSearchPod.tsx,availability/dates,4
/offers/from-bristol,SearchResults.tsx,search/recommended,2
/offers/from-bristol,GenericRecommendedHotels.tsx,search/recommended,3
/offers/from-edinburgh,SearchResults.tsx,search/recommended,2
/offers/from-edinburgh,GenericRecommendedHotels.tsx,search/recommended,3
/offers/from-edinburgh,PromopageSearchPod.tsx,availability/dates,4
/offers/from-glasgow,PromopageSearchPod.tsx,availability/dates,4
/offers/from-glasgow,SearchResults.tsx,search/recommended,2
/offers/from-glasgow,GenericRecommendedHotels.tsx,search/recommended,3
/offers/from-liverpool,SearchResults.tsx,search/recommended,2
/offers/from-liverpool,GenericRecommendedHotels.tsx,search/recommended,3
/offers/from-liverpool,PromopageSearchPod.tsx,availability/dates,4
/offers/from-london,SearchResults.tsx,search/recommended,2
/offers/from-london,GenericRecommendedHotels.tsx,search/recommended,3
/offers/from-london,PromopageSearchPod.tsx,availability/dates,4
/offers/from-london-gatwick,PromopageSearchPod.tsx,availability/dates,4
/offers/from-london-gatwick,SearchResults.tsx,search/recommended,2
/offers/from-london-gatwick,GenericRecommendedHotels.tsx,search/recommended,3
/offers/from-london-luton,SearchResults.tsx,search/recommended,2
/offers/from-london-luton,GenericRecommendedHotels.tsx,search/recommended,3
/offers/from-london-luton,PromopageSearchPod.tsx,availability/dates,4
/offers/from-london-stansted,SearchResults.tsx,search/recommended,2
/offers/from-london-stansted,GenericRecommendedHotels.tsx,search/recommended,3
/offers/from-london-stansted,PromopageSearchPod.tsx,availability/dates,4
/offers/from-manchester,SearchResults.tsx,search/recommended,2
/offers/from-manchester,GenericRecommendedHotels.tsx,search/recommended,3
/offers/from-manchester,PromopageSearchPod.tsx,availability/dates,4
/offers/balearic-islands,QuestionAndAnswer.tsx,help-centre/faq/save,1
/offers/balearic-islands,PromopageSearchPod.tsx,availability/dates,4
/offers/balearic-islands,SearchResults.tsx,search/recommended,2
/offers/balearic-islands,GenericRecommendedHotels.tsx,search/recommended,3
/offers/canary-islands,SearchResults.tsx,search/recommended,2
/offers/canary-islands,GenericRecommendedHotels.tsx,search/recommended,3
/offers/canary-islands,PromopageSearchPod.tsx,availability/dates,4
/offers/canary-islands,QuestionAndAnswer.tsx,help-centre/faq/save,1
/all-inclusive-holidays/from-newcastle,SearchResults.tsx,search/recommended,2
/all-inclusive-holidays/from-newcastle,GenericRecommendedHotels.tsx,search/recommended,3
/all-inclusive-holidays/from-newcastle,PromopageSearchPod.tsx,availability/dates,4
/all-inclusive-holidays/from-manchester,SearchResults.tsx,search/recommended,2
/all-inclusive-holidays/from-manchester,GenericRecommendedHotels.tsx,search/recommended,3
/all-inclusive-holidays/from-manchester,PromopageSearchPod.tsx,availability/dates,4
/all-inclusive-holidays/from-london,SearchResults.tsx,search/recommended,2
/all-inclusive-holidays/from-london,GenericRecommendedHotels.tsx,search/recommended,3
/all-inclusive-holidays/from-london,PromopageSearchPod.tsx,availability/dates,4
/all-inclusive-holidays/from-london-stansted,SearchResults.tsx,search/recommended,2
/all-inclusive-holidays/from-london-stansted,GenericRecommendedHotels.tsx,search/recommended,3
/all-inclusive-holidays/from-london-stansted,PromopageSearchPod.tsx,availability/dates,4
/all-inclusive-holidays/from-london-southend,PromopageSearchPod.tsx,availability/dates,4
/all-inclusive-holidays/from-london-southend,SearchResults.tsx,search/recommended,2
/all-inclusive-holidays/from-london-southend,GenericRecommendedHotels.tsx,search/recommended,3
/all-inclusive-holidays/from-london-luton,SearchResults.tsx,search/recommended,2
/all-inclusive-holidays/from-london-luton,GenericRecommendedHotels.tsx,search/recommended,3
/all-inclusive-holidays/from-london-luton,PromopageSearchPod.tsx,availability/dates,4
/all-inclusive-holidays/from-london-gatwick,PromopageSearchPod.tsx,availability/dates,4
/all-inclusive-holidays/from-london-gatwick,SearchResults.tsx,search/recommended,2
/all-inclusive-holidays/from-london-gatwick,GenericRecommendedHotels.tsx,search/recommended,3
/all-inclusive-holidays/from-liverpool,SearchResults.tsx,search/recommended,2
/all-inclusive-holidays/from-liverpool,GenericRecommendedHotels.tsx,search/recommended,3
/all-inclusive-holidays/from-liverpool,PromopageSearchPod.tsx,availability/dates,4
/all-inclusive-holidays/from-glasgow,PromopageSearchPod.tsx,availability/dates,4
/all-inclusive-holidays/from-glasgow,SearchResults.tsx,search/recommended,2
/all-inclusive-holidays/from-glasgow,GenericRecommendedHotels.tsx,search/recommended,3
/all-inclusive-holidays/from-edinburgh,SearchResults.tsx,search/recommended,2
/all-inclusive-holidays/from-edinburgh,GenericRecommendedHotels.tsx,search/recommended,3
/all-inclusive-holidays/from-edinburgh,PromopageSearchPod.tsx,availability/dates,4
/all-inclusive-holidays/from-bristol,PromopageSearchPod.tsx,availability/dates,4
/all-inclusive-holidays/from-bristol,SearchResults.tsx,search/recommended,2
/all-inclusive-holidays/from-bristol,GenericRecommendedHotels.tsx,search/recommended,3
/all-inclusive-holidays/from-belfast,PromopageSearchPod.tsx,availability/dates,4
/all-inclusive-holidays/from-belfast,SearchResults.tsx,search/recommended,2
/all-inclusive-holidays/from-belfast,GenericRecommendedHotels.tsx,search/recommended,3
/free-child-places,SearchResults.tsx,search/recommended,2
/free-child-places,GenericRecommendedHotels.tsx,search/recommended,3
/free-child-places,QuestionAndAnswer.tsx,help-centre/faq/save,1
/free-child-places,PromopageSearchPod.tsx,availability/dates,4
/free-child-places-from-belfast,PromopageSearchPod.tsx,availability/dates,4
/free-child-places-from-belfast,SearchResults.tsx,search/recommended,2
/free-child-places-from-belfast,GenericRecommendedHotels.tsx,search/recommended,3
/free-child-places-from-newcastle,SearchResults.tsx,search/recommended,2
/free-child-places-from-newcastle,GenericRecommendedHotels.tsx,search/recommended,3
/free-child-places-from-newcastle,PromopageSearchPod.tsx,availability/dates,4
/free-child-places-from-bristol,PromopageSearchPod.tsx,availability/dates,4
/free-child-places-from-bristol,SearchResults.tsx,search/recommended,2
/free-child-places-from-bristol,GenericRecommendedHotels.tsx,search/recommended,3
/free-child-places-from-edinburgh,SearchResults.tsx,search/recommended,2
/free-child-places-from-edinburgh,GenericRecommendedHotels.tsx,search/recommended,3
/free-child-places-from-edinburgh,PromopageSearchPod.tsx,availability/dates,4
/free-child-places-from-glasgow,SearchResults.tsx,search/recommended,2
/free-child-places-from-glasgow,GenericRecommendedHotels.tsx,search/recommended,3
/free-child-places-from-glasgow,PromopageSearchPod.tsx,availability/dates,4
/free-child-places-from-london-gatwick,SearchResults.tsx,search/recommended,2
/free-child-places-from-london-gatwick,GenericRecommendedHotels.tsx,search/recommended,3
/free-child-places-from-london-gatwick,PromopageSearchPod.tsx,availability/dates,4
/free-child-places-from-liverpool,SearchResults.tsx,search/recommended,2
/free-child-places-from-liverpool,GenericRecommendedHotels.tsx,search/recommended,3
/free-child-places-from-liverpool,PromopageSearchPod.tsx,availability/dates,4
/free-child-places-from-london-luton,PromopageSearchPod.tsx,availability/dates,4
/free-child-places-from-london-luton,SearchResults.tsx,search/recommended,2
/free-child-places-from-london-luton,GenericRecommendedHotels.tsx,search/recommended,3
/free-child-places-from-london-southend,PromopageSearchPod.tsx,availability/dates,4
/free-child-places-from-london-southend,SearchResults.tsx,search/recommended,2
/free-child-places-from-london-southend,GenericRecommendedHotels.tsx,search/recommended,3
/free-child-places-from-london-stansted,PromopageSearchPod.tsx,availability/dates,4
/free-child-places-from-london-stansted,SearchResults.tsx,search/recommended,2
/free-child-places-from-london-stansted,GenericRecommendedHotels.tsx,search/recommended,3
/free-child-places-from-manchester,SearchResults.tsx,search/recommended,2
/free-child-places-from-manchester,GenericRecommendedHotels.tsx,search/recommended,3
/free-child-places-from-manchester,PromopageSearchPod.tsx,availability/dates,4
/holidays-from-gatwick,SearchResults.tsx,search/recommended,2
/holidays-from-gatwick,GenericRecommendedHotels.tsx,search/recommended,3
/holidays-from-gatwick,PromopageSearchPod.tsx,availability/dates,4
/green-list-holiday-destinations,PromopageSearchPod.tsx,availability/dates,4
/green-list-holiday-destinations,SearchResults.tsx,search/recommended,2
/green-list-holiday-destinations,GenericRecommendedHotels.tsx,search/recommended,3
/christmas-holidays,PromopageSearchPod.tsx,availability/dates,4
/christmas-holidays,SearchResults.tsx,search/recommended,2
/christmas-holidays,GenericRecommendedHotels.tsx,search/recommended,3
/copy-of-green-list-holiday-destinations,PromopageSearchPod.tsx,availability/dates,4
/copy-of-green-list-holiday-destinations,SearchResults.tsx,search/recommended,2
/copy-of-green-list-holiday-destinations,GenericRecommendedHotels.tsx,search/recommended,3
/bed-and-breakfast-holidays,QuestionAndAnswer.tsx,help-centre/faq/save,1
/bed-and-breakfast-holidays,SearchResults.tsx,search/recommended,2
/bed-and-breakfast-holidays,GenericRecommendedHotels.tsx,search/recommended,3
/bed-and-breakfast-holidays,PromopageSearchPod.tsx,availability/dates,4
/boutique-holidays,PromopageSearchPod.tsx,availability/dates,4
/boutique-holidays,SearchResults.tsx,search/recommended,2
/boutique-holidays,GenericRecommendedHotels.tsx,search/recommended,3
/october-school-holidays,PromopageSearchPod.tsx,availability/dates,4
/october-school-holidays,QuestionAndAnswer.tsx,help-centre/faq/save,1
/october-school-holidays,SearchResults.tsx,search/recommended,2
/october-school-holidays,GenericRecommendedHotels.tsx,search/recommended,3
/easter-holidays,PromopageSearchPod.tsx,availability/dates,4
/easter-holidays,SearchResults.tsx,search/recommended,2
/easter-holidays,GenericRecommendedHotels.tsx,search/recommended,3
/easter-holidays/from-belfast,PromopageSearchPod.tsx,availability/dates,4
/easter-holidays/from-belfast,SearchResults.tsx,search/recommended,2
/easter-holidays/from-belfast,GenericRecommendedHotels.tsx,search/recommended,3
/easter-holidays/from-bristol,PromopageSearchPod.tsx,availability/dates,4
/easter-holidays/from-bristol,SearchResults.tsx,search/recommended,2
/easter-holidays/from-bristol,GenericRecommendedHotels.tsx,search/recommended,3
/easter-holidays/from-edinburgh,SearchResults.tsx,search/recommended,2
/easter-holidays/from-edinburgh,GenericRecommendedHotels.tsx,search/recommended,3
/easter-holidays/from-edinburgh,PromopageSearchPod.tsx,availability/dates,4
/easter-holidays/from-glasgow,PromopageSearchPod.tsx,availability/dates,4
/easter-holidays/from-glasgow,SearchResults.tsx,search/recommended,2
/easter-holidays/from-glasgow,GenericRecommendedHotels.tsx,search/recommended,3
/easter-holidays/from-liverpool,SearchResults.tsx,search/recommended,2
/easter-holidays/from-liverpool,GenericRecommendedHotels.tsx,search/recommended,3
/easter-holidays/from-liverpool,PromopageSearchPod.tsx,availability/dates,4
/easter-holidays/from-london,SearchResults.tsx,search/recommended,2
/easter-holidays/from-london,GenericRecommendedHotels.tsx,search/recommended,3
/easter-holidays/from-london,PromopageSearchPod.tsx,availability/dates,4
/easter-holidays/from-london-gatwick,PromopageSearchPod.tsx,availability/dates,4
/easter-holidays/from-london-gatwick,SearchResults.tsx,search/recommended,2
/easter-holidays/from-london-gatwick,GenericRecommendedHotels.tsx,search/recommended,3
/easter-holidays/from-london-luton,SearchResults.tsx,search/recommended,2
/easter-holidays/from-london-luton,GenericRecommendedHotels.tsx,search/recommended,3
/easter-holidays/from-london-luton,PromopageSearchPod.tsx,availability/dates,4
/easter-holidays/from-london-southend,PromopageSearchPod.tsx,availability/dates,4
/easter-holidays/from-london-southend,SearchResults.tsx,search/recommended,2
/easter-holidays/from-london-southend,GenericRecommendedHotels.tsx,search/recommended,3
/easter-holidays/from-london-stansted,SearchResults.tsx,search/recommended,2
/easter-holidays/from-london-stansted,GenericRecommendedHotels.tsx,search/recommended,3
/easter-holidays/from-london-stansted,PromopageSearchPod.tsx,availability/dates,4
/easter-holidays/from-manchester,SearchResults.tsx,search/recommended,2
/easter-holidays/from-manchester,GenericRecommendedHotels.tsx,search/recommended,3
/easter-holidays/from-manchester,PromopageSearchPod.tsx,availability/dates,4
/easter-holidays/from-newcastle,SearchResults.tsx,search/recommended,2
/easter-holidays/from-newcastle,GenericRecommendedHotels.tsx,search/recommended,3
/easter-holidays/from-newcastle,PromopageSearchPod.tsx,availability/dates,4
/half-term-holidays,PromopageSearchPod.tsx,availability/dates,4
/half-term-holidays,SearchResults.tsx,search/recommended,2
/half-term-holidays,GenericRecommendedHotels.tsx,search/recommended,3
/christmas-market-breaks,SearchResults.tsx,search/recommended,2
/christmas-market-breaks,GenericRecommendedHotels.tsx,search/recommended,3
/christmas-market-breaks,PromopageSearchPod.tsx,availability/dates,4
/christmas-market-breaks/to-amsterdam,SearchResults.tsx,search/recommended,2
/christmas-market-breaks/to-amsterdam,GenericRecommendedHotels.tsx,search/recommended,3
/christmas-market-breaks/to-amsterdam,PromopageSearchPod.tsx,availability/dates,4
/christmas-market-breaks/to-berlin,SearchResults.tsx,search/recommended,2
/christmas-market-breaks/to-berlin,GenericRecommendedHotels.tsx,search/recommended,3
/christmas-market-breaks/to-berlin,PromopageSearchPod.tsx,availability/dates,4
/christmas-market-breaks/to-budapest,SearchResults.tsx,search/recommended,2
/christmas-market-breaks/to-budapest,GenericRecommendedHotels.tsx,search/recommended,3
/christmas-market-breaks/to-budapest,PromopageSearchPod.tsx,availability/dates,4
/christmas-market-breaks/to-copenhagen,PromopageSearchPod.tsx,availability/dates,4
/christmas-market-breaks/to-copenhagen,SearchResults.tsx,search/recommended,2
/christmas-market-breaks/to-copenhagen,GenericRecommendedHotels.tsx,search/recommended,3
/christmas-market-breaks/to-munich,SearchResults.tsx,search/recommended,2
/christmas-market-breaks/to-munich,GenericRecommendedHotels.tsx,search/recommended,3
/christmas-market-breaks/to-munich,PromopageSearchPod.tsx,availability/dates,4
/christmas-market-breaks/to-prague,SearchResults.tsx,search/recommended,2
/christmas-market-breaks/to-prague,GenericRecommendedHotels.tsx,search/recommended,3
/christmas-market-breaks/to-prague,PromopageSearchPod.tsx,availability/dates,4
/christmas-market-breaks/to-vienna,SearchResults.tsx,search/recommended,2
/christmas-market-breaks/to-vienna,GenericRecommendedHotels.tsx,search/recommended,3
/christmas-market-breaks/to-vienna,PromopageSearchPod.tsx,availability/dates,4
/summer-city-breaks,SearchResults.tsx,search/recommended,2
/summer-city-breaks,GenericRecommendedHotels.tsx,search/recommended,3
/summer-city-breaks,PromopageSearchPod.tsx,availability/dates,4
/summer-city-breaks,QuestionAndAnswer.tsx,help-centre/faq/save,1
/short-beach-breaks,PromopageSearchPod.tsx,availability/dates,4
/short-beach-breaks,SearchResults.tsx,search/recommended,2
/short-beach-breaks,GenericRecommendedHotels.tsx,search/recommended,3
/winter-holidays-2022,SearchResults.tsx,search/recommended,2
/winter-holidays-2022,GenericRecommendedHotels.tsx,search/recommended,3
/winter-holidays-2022,PromopageSearchPod.tsx,availability/dates,4
/undiscovered-holidays,SearchResults.tsx,search/recommended,2
/undiscovered-holidays,GenericRecommendedHotels.tsx,search/recommended,3
/undiscovered-holidays,PromopageSearchPod.tsx,availability/dates,4
/last-minute-beach-holidays,PromopageSearchPod.tsx,availability/dates,4
/last-minute-beach-holidays,QuestionAndAnswer.tsx,help-centre/faq/save,1
/last-minute-beach-holidays,SearchResults.tsx,search/recommended,2
/last-minute-beach-holidays,GenericRecommendedHotels.tsx,search/recommended,3
/portugal-deals,SearchResults.tsx,search/recommended,2
/portugal-deals,GenericRecommendedHotels.tsx,search/recommended,3
/portugal-deals,PromopageSearchPod.tsx,availability/dates,4
/portugal-deals,QuestionAndAnswer.tsx,help-centre/faq/save,1
/summer-2021-holidays,PromopageSearchPod.tsx,availability/dates,4
/summer-2021-holidays,SearchResults.tsx,search/recommended,2
/summer-2021-holidays,GenericRecommendedHotels.tsx,search/recommended,3
/summer-2022-holidays,PromopageSearchPod.tsx,availability/dates,4
/summer-2022-holidays,SearchResults.tsx,search/recommended,2
/summer-2022-holidays,GenericRecommendedHotels.tsx,search/recommended,3
/summer-holidays,SearchResults.tsx,search/recommended,2
/summer-holidays,GenericRecommendedHotels.tsx,search/recommended,3
/summer-holidays,PromopageSearchPod.tsx,availability/dates,4
/summer-holidays,QuestionAndAnswer.tsx,help-centre/faq/save,1
/summer-holidays/from-belfast,PromopageSearchPod.tsx,availability/dates,4
/summer-holidays/from-belfast,SearchResults.tsx,search/recommended,2
/summer-holidays/from-belfast,GenericRecommendedHotels.tsx,search/recommended,3
/summer-holidays/from-bristol,PromopageSearchPod.tsx,availability/dates,4
/summer-holidays/from-bristol,SearchResults.tsx,search/recommended,2
/summer-holidays/from-bristol,GenericRecommendedHotels.tsx,search/recommended,3
/summer-holidays/from-edinburgh,SearchResults.tsx,search/recommended,2
/summer-holidays/from-edinburgh,GenericRecommendedHotels.tsx,search/recommended,3
/summer-holidays/from-edinburgh,PromopageSearchPod.tsx,availability/dates,4
/summer-holidays/from-glasgow,PromopageSearchPod.tsx,availability/dates,4
/summer-holidays/from-glasgow,SearchResults.tsx,search/recommended,2
/summer-holidays/from-glasgow,GenericRecommendedHotels.tsx,search/recommended,3
/summer-holidays/from-liverpool,SearchResults.tsx,search/recommended,2
/summer-holidays/from-liverpool,GenericRecommendedHotels.tsx,search/recommended,3
/summer-holidays/from-liverpool,PromopageSearchPod.tsx,availability/dates,4
/summer-holidays/from-london,SearchResults.tsx,search/recommended,2
/summer-holidays/from-london,GenericRecommendedHotels.tsx,search/recommended,3
/summer-holidays/from-london,PromopageSearchPod.tsx,availability/dates,4
/summer-holidays/from-london-gatwick,PromopageSearchPod.tsx,availability/dates,4
/summer-holidays/from-london-gatwick,SearchResults.tsx,search/recommended,2
/summer-holidays/from-london-gatwick,GenericRecommendedHotels.tsx,search/recommended,3
/summer-holidays/from-london-luton,SearchResults.tsx,search/recommended,2
/summer-holidays/from-london-luton,GenericRecommendedHotels.tsx,search/recommended,3
/summer-holidays/from-london-luton,PromopageSearchPod.tsx,availability/dates,4
/summer-holidays/from-london-southend,PromopageSearchPod.tsx,availability/dates,4
/summer-holidays/from-london-southend,SearchResults.tsx,search/recommended,2
/summer-holidays/from-london-southend,GenericRecommendedHotels.tsx,search/recommended,3
/summer-holidays/from-london-stansted,SearchResults.tsx,search/recommended,2
/summer-holidays/from-london-stansted,GenericRecommendedHotels.tsx,search/recommended,3
/summer-holidays/from-london-stansted,PromopageSearchPod.tsx,availability/dates,4
/summer-holidays/from-manchester,SearchResults.tsx,search/recommended,2
/summer-holidays/from-manchester,GenericRecommendedHotels.tsx,search/recommended,3
/summer-holidays/from-manchester,PromopageSearchPod.tsx,availability/dates,4
/summer-holidays/from-newcastle,SearchResults.tsx,search/recommended,2
/summer-holidays/from-newcastle,GenericRecommendedHotels.tsx,search/recommended,3
/summer-holidays/from-newcastle,PromopageSearchPod.tsx,availability/dates,4
/summer-family-holidays,SearchResults.tsx,search/recommended,2
/summer-family-holidays,GenericRecommendedHotels.tsx,search/recommended,3
/summer-family-holidays,PromopageSearchPod.tsx,availability/dates,4
/august-bank-holiday,SearchResults.tsx,search/recommended,2
/august-bank-holiday,GenericRecommendedHotels.tsx,search/recommended,3
/august-bank-holiday,PromopageSearchPod.tsx,availability/dates,4
/winter-city-breaks,SearchResults.tsx,search/recommended,2
/winter-city-breaks,GenericRecommendedHotels.tsx,search/recommended,3
/winter-city-breaks,QuestionAndAnswer.tsx,help-centre/faq/save,1
/winter-city-breaks,PromopageSearchPod.tsx,availability/dates,4
/winter-holidays,QuestionAndAnswer.tsx,help-centre/faq/save,1
/winter-holidays,SearchResults.tsx,search/recommended,2
/winter-holidays,GenericRecommendedHotels.tsx,search/recommended,3
/winter-holidays,PromopageSearchPod.tsx,availability/dates,4
/period-driven-promo-page,PromopageSearchPod.tsx,availability/dates,4
/period-driven-promo-page,SearchResults.tsx,search/recommended,2
/period-driven-promo-page,GenericRecommendedHotels.tsx,search/recommended,3
/informations/trade-covid-19-testing,FAQ.tsx,help-centre/faq/save,6
/informations/trade-covid-19-testing,QuestionAndAnswer.tsx,help-centre/faq/save,1
/informations/trade-group-holidays,QuestionAndAnswer.tsx,help-centre/faq/save,2
/informations/trade-group-holidays,PromoBlocks.tsx,availability/from,12
/informations/trade-rebook-terms,SearchPod.tsx,tracking/user-search,2
/informations/trade-rebook-terms,SearchPodWithHeader.tsx,tracking/user-search,2
/informations/protection-de-l'insolvabilite,QuestionAndAnswer.tsx,help-centre/faq/save,1
/informations/customer-safety-and-wellbeing/before-you-travel,GenericRecommendedHotels.tsx,search/recommended,3
/informations/customer-safety-and-wellbeing/before-you-travel,SearchResults.tsx,search/recommended,2
/informations/customer-safety-and-wellbeing/before-you-travel,QuestionAndAnswer.tsx,help-centre/faq/save,1
/informations/customer-safety-and-wellbeing/on-holiday,QuestionAndAnswer.tsx,help-centre/faq/save,1
/informations/customer-safety-and-wellbeing/on-holiday,GenericRecommendedHotels.tsx,search/recommended,3
/informations/customer-safety-and-wellbeing/on-holiday,SearchResults.tsx,search/recommended,2
/informations/customer-safety-and-wellbeing/out-and-about,GenericRecommendedHotels.tsx,search/recommended,3
/informations/customer-safety-and-wellbeing/out-and-about,SearchResults.tsx,search/recommended,2
/informations/customer-safety-and-wellbeing/out-and-about,QuestionAndAnswer.tsx,help-centre/faq/save,1
/informations/customer-safety-and-wellbeing/food-and-drink,GenericRecommendedHotels.tsx,search/recommended,3
/informations/customer-safety-and-wellbeing/food-and-drink,SearchResults.tsx,search/recommended,2
/informations/customer-safety-and-wellbeing/food-and-drink,QuestionAndAnswer.tsx,help-centre/faq/save,1
/informations/customer-safety-and-wellbeing/swimming-and-at-the-beach,QuestionAndAnswer.tsx,help-centre/faq/save,1
/informations/customer-safety-and-wellbeing/swimming-and-at-the-beach,GenericRecommendedHotels.tsx,search/recommended,3
/informations/customer-safety-and-wellbeing/swimming-and-at-the-beach,SearchResults.tsx,search/recommended,2
/informations/customer-safety-and-wellbeing/your-hotel,QuestionAndAnswer.tsx,help-centre/faq/save,1
/informations/customer-safety-and-wellbeing/your-hotel,GenericRecommendedHotels.tsx,search/recommended,3
/informations/customer-safety-and-wellbeing/your-hotel,SearchResults.tsx,search/recommended,2
/informations/customer-safety-and-wellbeing/choosing-your-holiday,QuestionAndAnswer.tsx,help-centre/faq/save,1
/informations/customer-safety-and-wellbeing/choosing-your-holiday,GenericRecommendedHotels.tsx,search/recommended,3
/informations/customer-safety-and-wellbeing/choosing-your-holiday,SearchResults.tsx,search/recommended,2
/informations/customer-safety-and-wellbeing/at-the-airport,GenericRecommendedHotels.tsx,search/recommended,3
/informations/customer-safety-and-wellbeing/at-the-airport,SearchResults.tsx,search/recommended,2
/informations/customer-safety-and-wellbeing/at-the-airport,QuestionAndAnswer.tsx,help-centre/faq/save,1
/informations/customer-safety-and-wellbeing/coming-home,GenericRecommendedHotels.tsx,search/recommended,3
/informations/customer-safety-and-wellbeing/coming-home,SearchResults.tsx,search/recommended,2
/informations/customer-safety-and-wellbeing/coming-home,QuestionAndAnswer.tsx,help-centre/faq/save,1
/informations/sécurité-et-bien-être-des-clients,PromoBlocks.tsx,availability/from,2
/informations/sécurité-et-bien-être-des-clients,GenericRecommendedHotels.tsx,search/recommended,3
/informations/sécurité-et-bien-être-des-clients,SearchResults.tsx,search/recommended,2
/informations/sécurité-et-bien-être-des-clients/before-you-travel,GenericRecommendedHotels.tsx,search/recommended,3
/informations/sécurité-et-bien-être-des-clients/before-you-travel,SearchResults.tsx,search/recommended,2
/informations/sécurité-et-bien-être-des-clients/before-you-travel,QuestionAndAnswer.tsx,help-centre/faq/save,1
/informations/sécurité-et-bien-être-des-clients/on-holiday,QuestionAndAnswer.tsx,help-centre/faq/save,1
/informations/sécurité-et-bien-être-des-clients/on-holiday,GenericRecommendedHotels.tsx,search/recommended,3
/informations/sécurité-et-bien-être-des-clients/on-holiday,SearchResults.tsx,search/recommended,2
/informations/sécurité-et-bien-être-des-clients/out-and-about,GenericRecommendedHotels.tsx,search/recommended,3
/informations/sécurité-et-bien-être-des-clients/out-and-about,SearchResults.tsx,search/recommended,2
/informations/sécurité-et-bien-être-des-clients/out-and-about,QuestionAndAnswer.tsx,help-centre/faq/save,1
/informations/sécurité-et-bien-être-des-clients/food-and-drink,GenericRecommendedHotels.tsx,search/recommended,3
/informations/sécurité-et-bien-être-des-clients/food-and-drink,SearchResults.tsx,search/recommended,2
/informations/sécurité-et-bien-être-des-clients/food-and-drink,QuestionAndAnswer.tsx,help-centre/faq/save,1
/informations/sécurité-et-bien-être-des-clients/swimming-and-at-the-beach,QuestionAndAnswer.tsx,help-centre/faq/save,1
/informations/sécurité-et-bien-être-des-clients/swimming-and-at-the-beach,GenericRecommendedHotels.tsx,search/recommended,3
/informations/sécurité-et-bien-être-des-clients/swimming-and-at-the-beach,SearchResults.tsx,search/recommended,2
/informations/sécurité-et-bien-être-des-clients/your-hotel,QuestionAndAnswer.tsx,help-centre/faq/save,1
/informations/sécurité-et-bien-être-des-clients/your-hotel,GenericRecommendedHotels.tsx,search/recommended,3
/informations/sécurité-et-bien-être-des-clients/your-hotel,SearchResults.tsx,search/recommended,2
/informations/sécurité-et-bien-être-des-clients/choosing-your-holiday,QuestionAndAnswer.tsx,help-centre/faq/save,1
/informations/sécurité-et-bien-être-des-clients/choosing-your-holiday,GenericRecommendedHotels.tsx,search/recommended,3
/informations/sécurité-et-bien-être-des-clients/choosing-your-holiday,SearchResults.tsx,search/recommended,2
/informations/sécurité-et-bien-être-des-clients/at-the-airport,GenericRecommendedHotels.tsx,search/recommended,3
/informations/sécurité-et-bien-être-des-clients/at-the-airport,SearchResults.tsx,search/recommended,2
/informations/sécurité-et-bien-être-des-clients/at-the-airport,QuestionAndAnswer.tsx,help-centre/faq/save,1
/informations/sécurité-et-bien-être-des-clients/coming-home,GenericRecommendedHotels.tsx,search/recommended,3
/informations/sécurité-et-bien-être-des-clients/coming-home,SearchResults.tsx,search/recommended,2
/informations/sécurité-et-bien-être-des-clients/coming-home,QuestionAndAnswer.tsx,help-centre/faq/save,1
/informations/rebook-terms,SearchPod.tsx,tracking/user-search,2
/informations/rebook-terms,SearchPodWithHeader.tsx,tracking/user-search,2
/informations/sustainability-about-page,SearchPod.tsx,tracking/user-search,2
/informations/sustainability-about-page,SearchPodWithHeader.tsx,tracking/user-search,2
/informations/pourquoi-réserver-auprès-de-nous,PromoBlocks.tsx,availability/from,14
/informations/pourquoi-réserver-auprès-de-nous,SearchPod.tsx,tracking/user-search,2
/informations/pourquoi-réserver-auprès-de-nous,SearchPodWithHeader.tsx,tracking/user-search,2
/informations/return-transfers,QuestionAndAnswer.tsx,help-centre/faq/save,1
/informations/amend-offer-standard-terms,SearchPod.tsx,tracking/user-search,2
/informations/amend-offer-standard-terms,SearchPodWithHeader.tsx,tracking/user-search,2
/informations/amend-offer-terms,SearchPod.tsx,tracking/user-search,2
/informations/amend-offer-terms,SearchPodWithHeader.tsx,tracking/user-search,2
/informations/amend-terms,SearchPod.tsx,tracking/user-search,2
/informations/amend-terms,SearchPodWithHeader.tsx,tracking/user-search,2
/informations/booking-conditions,FAQ.tsx,help-centre/faq/save,6
/informations/booking-conditions,PromoBlocks.tsx,availability/from,2
/informations/conditions-de-réservation,FAQ.tsx,help-centre/faq/save,6
/informations/conditions-d'utilisation,QuestionAndAnswer.tsx,help-centre/faq/save,1
/informations/travel-information,SearchPod.tsx,tracking/user-search,2
/informations/travel-information,SearchPodWithHeader.tsx,tracking/user-search,2
/informations/travel-information,QuestionAndAnswer.tsx,help-centre/faq/save,1
/informations/contact-us,PromoBlocks.tsx,availability/from,8
/vacances-certifiées-éco-responsables,SearchResults.tsx,search/recommended,2
/vacances-certifiées-éco-responsables,GenericRecommendedHotels.tsx,search/recommended,3
/vacances-certifiées-éco-responsables,PromopageSearchPod.tsx,availability/dates,4
/vacances-de-paques,SearchResults.tsx,search/recommended,2
/vacances-de-paques,GenericRecommendedHotels.tsx,search/recommended,3
/vacances-de-paques,QuestionAndAnswer.tsx,help-centre/faq/save,1
/vacances-de-paques,PromopageSearchPod.tsx,availability/dates,4
/vacances-hiver,PromopageSearchPod.tsx,availability/dates,4
/vacances-hiver,SearchResults.tsx,search/recommended,2
/vacances-hiver,GenericRecommendedHotels.tsx,search/recommended,3
/vacances-printemps,SearchResults.tsx,search/recommended,2
/vacances-printemps,GenericRecommendedHotels.tsx,search/recommended,3
/vacances-printemps,PromopageSearchPod.tsx,availability/dates,4
/vacances-a-prix-reduit,SearchResults.tsx,search/recommended,2
/vacances-a-prix-reduit,GenericRecommendedHotels.tsx,search/recommended,3
/vacances-a-prix-reduit,PromopageSearchPod.tsx,availability/dates,4
/vacances-ete,PromopageSearchPod.tsx,availability/dates,4
/vacances-ete,SearchResults.tsx,search/recommended,2
/vacances-ete,GenericRecommendedHotels.tsx,search/recommended,3
/vacances-automne,SearchResults.tsx,search/recommended,2
/vacances-automne,GenericRecommendedHotels.tsx,search/recommended,3
/vacances-automne,PromopageSearchPod.tsx,availability/dates,4
/vacances-au-depart-de-geneve,PromopageSearchPod.tsx,availability/dates,4
/vacances-au-depart-de-geneve,SearchResults.tsx,search/recommended,2
/vacances-au-depart-de-geneve,GenericRecommendedHotels.tsx,search/recommended,3
/vacances-au-depart-de-zurich,SearchResults.tsx,search/recommended,2
/vacances-au-depart-de-zurich,GenericRecommendedHotels.tsx,search/recommended,3
/vacances-au-depart-de-zurich,PromopageSearchPod.tsx,availability/dates,4
/vacances-au-depart-de-bale,SearchResults.tsx,search/recommended,2
/vacances-au-depart-de-bale,GenericRecommendedHotels.tsx,search/recommended,3
/vacances-au-depart-de-bale,PromopageSearchPod.tsx,availability/dates,4
/offres-vacances-all-inclusive,SearchResults.tsx,search/recommended,2
/offres-vacances-all-inclusive,GenericRecommendedHotels.tsx,search/recommended,3
/offres-vacances-all-inclusive,PromopageSearchPod.tsx,availability/dates,4
/offres-vacances-plage,SearchResults.tsx,search/recommended,2
/offres-vacances-plage,GenericRecommendedHotels.tsx,search/recommended,3
/offres-vacances-plage,QuestionAndAnswer.tsx,help-centre/faq/save,1
/offres-vacances-plage,PromopageSearchPod.tsx,availability/dates,4
/offres-de-escapades-en-ville,SearchResults.tsx,search/recommended,2
/offres-de-escapades-en-ville,GenericRecommendedHotels.tsx,search/recommended,3
/offres-de-escapades-en-ville,PromopageSearchPod.tsx,availability/dates,4
/offres-balnéaires-de-dernière-minute,SearchResults.tsx,search/recommended,2
/offres-balnéaires-de-dernière-minute,GenericRecommendedHotels.tsx,search/recommended,3
/offres-balnéaires-de-dernière-minute,PromopageSearchPod.tsx,availability/dates,4
/escapades-en-ville-de-dernière-minute,SearchResults.tsx,search/recommended,2
/escapades-en-ville-de-dernière-minute,GenericRecommendedHotels.tsx,search/recommended,3
/escapades-en-ville-de-dernière-minute,PromopageSearchPod.tsx,availability/dates,4
/offres-vacances-en-familie,QuestionAndAnswer.tsx,help-centre/faq/save,1
/offres-vacances-en-familie,PromopageSearchPod.tsx,availability/dates,4
/offres-vacances-en-familie,SearchResults.tsx,search/recommended,2
/offres-vacances-en-familie,GenericRecommendedHotels.tsx,search/recommended,3
/lune-de-miel,PromopageSearchPod.tsx,availability/dates,4
/lune-de-miel,SearchResults.tsx,search/recommended,2
/lune-de-miel,GenericRecommendedHotels.tsx,search/recommended,3
/voyage-enfant-gratuit,PromopageSearchPod.tsx,availability/dates,4
/voyage-enfant-gratuit,SearchResults.tsx,search/recommended,2
/voyage-enfant-gratuit,GenericRecommendedHotels.tsx,search/recommended,3
/places-enfants-gratuites,SearchResults.tsx,search/recommended,2
/places-enfants-gratuites,GenericRecommendedHotels.tsx,search/recommended,3
/places-enfants-gratuites,PromopageSearchPod.tsx,availability/dates,4
/vacances-a-moins-de-300-chf,PromopageSearchPod.tsx,availability/dates,4
/vacances-a-moins-de-300-chf,SearchResults.tsx,search/recommended,2
/vacances-a-moins-de-300-chf,GenericRecommendedHotels.tsx,search/recommended,3
/vacances-a-moins-de-400-chf,PromopageSearchPod.tsx,availability/dates,4
/vacances-a-moins-de-400-chf,SearchResults.tsx,search/recommended,2
/vacances-a-moins-de-400-chf,GenericRecommendedHotels.tsx,search/recommended,3
/vacances-a-moins-de-500-chf,SearchResults.tsx,search/recommended,2
/vacances-a-moins-de-500-chf,GenericRecommendedHotels.tsx,search/recommended,3
/vacances-a-moins-de-500-chf,PromopageSearchPod.tsx,availability/dates,4
/promotions,PromopageSearchPod.tsx,availability/dates,4
/promotions,SearchResults.tsx,search/recommended,2
/promotions,GenericRecommendedHotels.tsx,search/recommended,3
/information/trade-covid-19-testing,FAQ.tsx,help-centre/faq/save,6
/information/trade-covid-19-testing,QuestionAndAnswer.tsx,help-centre/faq/save,1
/information/trade-group-holidays,QuestionAndAnswer.tsx,help-centre/faq/save,2
/information/trade-group-holidays,PromoBlocks.tsx,availability/from,12
/information/trade-rebook-terms,SearchPod.tsx,tracking/user-search,2
/information/trade-rebook-terms,SearchPodWithHeader.tsx,tracking/user-search,2
/information/insolvenzschutz,QuestionAndAnswer.tsx,help-centre/faq/save,1
/information/customer-safety-and-wellbeing/before-you-travel,GenericRecommendedHotels.tsx,search/recommended,3
/information/customer-safety-and-wellbeing/before-you-travel,SearchResults.tsx,search/recommended,2
/information/customer-safety-and-wellbeing/before-you-travel,QuestionAndAnswer.tsx,help-centre/faq/save,1
/information/customer-safety-and-wellbeing/on-holiday,QuestionAndAnswer.tsx,help-centre/faq/save,1
/information/customer-safety-and-wellbeing/on-holiday,GenericRecommendedHotels.tsx,search/recommended,3
/information/customer-safety-and-wellbeing/on-holiday,SearchResults.tsx,search/recommended,2
/information/customer-safety-and-wellbeing/out-and-about,GenericRecommendedHotels.tsx,search/recommended,3
/information/customer-safety-and-wellbeing/out-and-about,SearchResults.tsx,search/recommended,2
/information/customer-safety-and-wellbeing/out-and-about,QuestionAndAnswer.tsx,help-centre/faq/save,1
/information/customer-safety-and-wellbeing/food-and-drink,GenericRecommendedHotels.tsx,search/recommended,3
/information/customer-safety-and-wellbeing/food-and-drink,SearchResults.tsx,search/recommended,2
/information/customer-safety-and-wellbeing/food-and-drink,QuestionAndAnswer.tsx,help-centre/faq/save,1
/information/customer-safety-and-wellbeing/swimming-and-at-the-beach,QuestionAndAnswer.tsx,help-centre/faq/save,1
/information/customer-safety-and-wellbeing/swimming-and-at-the-beach,GenericRecommendedHotels.tsx,search/recommended,3
/information/customer-safety-and-wellbeing/swimming-and-at-the-beach,SearchResults.tsx,search/recommended,2
/information/customer-safety-and-wellbeing/your-hotel,QuestionAndAnswer.tsx,help-centre/faq/save,1
/information/customer-safety-and-wellbeing/your-hotel,GenericRecommendedHotels.tsx,search/recommended,3
/information/customer-safety-and-wellbeing/your-hotel,SearchResults.tsx,search/recommended,2
/information/customer-safety-and-wellbeing/choosing-your-holiday,QuestionAndAnswer.tsx,help-centre/faq/save,1
/information/customer-safety-and-wellbeing/choosing-your-holiday,GenericRecommendedHotels.tsx,search/recommended,3
/information/customer-safety-and-wellbeing/choosing-your-holiday,SearchResults.tsx,search/recommended,2
/information/customer-safety-and-wellbeing/at-the-airport,GenericRecommendedHotels.tsx,search/recommended,3
/information/customer-safety-and-wellbeing/at-the-airport,SearchResults.tsx,search/recommended,2
/information/customer-safety-and-wellbeing/at-the-airport,QuestionAndAnswer.tsx,help-centre/faq/save,1
/information/customer-safety-and-wellbeing/coming-home,GenericRecommendedHotels.tsx,search/recommended,3
/information/customer-safety-and-wellbeing/coming-home,SearchResults.tsx,search/recommended,2
/information/customer-safety-and-wellbeing/coming-home,QuestionAndAnswer.tsx,help-centre/faq/save,1
/information/kundensicherheit-und-wohlbefinden,PromoBlocks.tsx,availability/from,2
/information/kundensicherheit-und-wohlbefinden,GenericRecommendedHotels.tsx,search/recommended,3
/information/kundensicherheit-und-wohlbefinden,SearchResults.tsx,search/recommended,2
/information/kundensicherheit-und-wohlbefinden/before-you-travel,GenericRecommendedHotels.tsx,search/recommended,3
/information/kundensicherheit-und-wohlbefinden/before-you-travel,SearchResults.tsx,search/recommended,2
/information/kundensicherheit-und-wohlbefinden/before-you-travel,QuestionAndAnswer.tsx,help-centre/faq/save,1
/information/kundensicherheit-und-wohlbefinden/on-holiday,QuestionAndAnswer.tsx,help-centre/faq/save,1
/information/kundensicherheit-und-wohlbefinden/on-holiday,GenericRecommendedHotels.tsx,search/recommended,3
/information/kundensicherheit-und-wohlbefinden/on-holiday,SearchResults.tsx,search/recommended,2
/information/kundensicherheit-und-wohlbefinden/out-and-about,GenericRecommendedHotels.tsx,search/recommended,3
/information/kundensicherheit-und-wohlbefinden/out-and-about,SearchResults.tsx,search/recommended,2
/information/kundensicherheit-und-wohlbefinden/out-and-about,QuestionAndAnswer.tsx,help-centre/faq/save,1
/information/kundensicherheit-und-wohlbefinden/food-and-drink,GenericRecommendedHotels.tsx,search/recommended,3
/information/kundensicherheit-und-wohlbefinden/food-and-drink,SearchResults.tsx,search/recommended,2
/information/kundensicherheit-und-wohlbefinden/food-and-drink,QuestionAndAnswer.tsx,help-centre/faq/save,1
/information/kundensicherheit-und-wohlbefinden/swimming-and-at-the-beach,QuestionAndAnswer.tsx,help-centre/faq/save,1
/information/kundensicherheit-und-wohlbefinden/swimming-and-at-the-beach,GenericRecommendedHotels.tsx,search/recommended,3
/information/kundensicherheit-und-wohlbefinden/swimming-and-at-the-beach,SearchResults.tsx,search/recommended,2
/information/kundensicherheit-und-wohlbefinden/your-hotel,QuestionAndAnswer.tsx,help-centre/faq/save,1
/information/kundensicherheit-und-wohlbefinden/your-hotel,GenericRecommendedHotels.tsx,search/recommended,3
/information/kundensicherheit-und-wohlbefinden/your-hotel,SearchResults.tsx,search/recommended,2
/information/kundensicherheit-und-wohlbefinden/choosing-your-holiday,QuestionAndAnswer.tsx,help-centre/faq/save,1
/information/kundensicherheit-und-wohlbefinden/choosing-your-holiday,GenericRecommendedHotels.tsx,search/recommended,3
/information/kundensicherheit-und-wohlbefinden/choosing-your-holiday,SearchResults.tsx,search/recommended,2
/information/kundensicherheit-und-wohlbefinden/at-the-airport,GenericRecommendedHotels.tsx,search/recommended,3
/information/kundensicherheit-und-wohlbefinden/at-the-airport,SearchResults.tsx,search/recommended,2
/information/kundensicherheit-und-wohlbefinden/at-the-airport,QuestionAndAnswer.tsx,help-centre/faq/save,1
/information/kundensicherheit-und-wohlbefinden/coming-home,GenericRecommendedHotels.tsx,search/recommended,3
/information/kundensicherheit-und-wohlbefinden/coming-home,SearchResults.tsx,search/recommended,2
/information/kundensicherheit-und-wohlbefinden/coming-home,QuestionAndAnswer.tsx,help-centre/faq/save,1
/information/rebook-terms,SearchPod.tsx,tracking/user-search,2
/information/rebook-terms,SearchPodWithHeader.tsx,tracking/user-search,2
/information/sustainability-about-page,SearchPod.tsx,tracking/user-search,2
/information/sustainability-about-page,SearchPodWithHeader.tsx,tracking/user-search,2
/information/warum-bei-uns-buchen,PromoBlocks.tsx,availability/from,14
/information/warum-bei-uns-buchen,SearchPod.tsx,tracking/user-search,2
/information/warum-bei-uns-buchen,SearchPodWithHeader.tsx,tracking/user-search,2
/information/return-transfers,QuestionAndAnswer.tsx,help-centre/faq/save,1
/information/amend-offer-standard-terms,SearchPod.tsx,tracking/user-search,2
/information/amend-offer-standard-terms,SearchPodWithHeader.tsx,tracking/user-search,2
/information/amend-offer-terms,SearchPod.tsx,tracking/user-search,2
/information/amend-offer-terms,SearchPodWithHeader.tsx,tracking/user-search,2
/information/amend-terms,SearchPod.tsx,tracking/user-search,2
/information/amend-terms,SearchPodWithHeader.tsx,tracking/user-search,2
/information/booking-conditions,FAQ.tsx,help-centre/faq/save,6
/information/booking-conditions,PromoBlocks.tsx,availability/from,2
/information/buchungsbedingungen,FAQ.tsx,help-centre/faq/save,6
/information/nutzungsbedingungen,QuestionAndAnswer.tsx,help-centre/faq/save,1
/information/travel-information,SearchPod.tsx,tracking/user-search,2
/information/travel-information,SearchPodWithHeader.tsx,tracking/user-search,2
/information/travel-information,QuestionAndAnswer.tsx,help-centre/faq/save,1
/information/contact-us,PromoBlocks.tsx,availability/from,8
/öko-zertifizierter-urlaub,SearchResults.tsx,search/recommended,2
/öko-zertifizierter-urlaub,GenericRecommendedHotels.tsx,search/recommended,3
/öko-zertifizierter-urlaub,PromopageSearchPod.tsx,availability/dates,4
/osterferien,SearchResults.tsx,search/recommended,2
/osterferien,GenericRecommendedHotels.tsx,search/recommended,3
/osterferien,QuestionAndAnswer.tsx,help-centre/faq/save,1
/osterferien,PromopageSearchPod.tsx,availability/dates,4
/winterferien,PromopageSearchPod.tsx,availability/dates,4
/winterferien,SearchResults.tsx,search/recommended,2
/winterferien,GenericRecommendedHotels.tsx,search/recommended,3
/fruhlingsferien,SearchResults.tsx,search/recommended,2
/fruhlingsferien,GenericRecommendedHotels.tsx,search/recommended,3
/fruhlingsferien,PromopageSearchPod.tsx,availability/dates,4
/ermässigte-ferien,SearchResults.tsx,search/recommended,2
/ermässigte-ferien,GenericRecommendedHotels.tsx,search/recommended,3
/ermässigte-ferien,PromopageSearchPod.tsx,availability/dates,4
/sommerferien,PromopageSearchPod.tsx,availability/dates,4
/sommerferien,SearchResults.tsx,search/recommended,2
/sommerferien,GenericRecommendedHotels.tsx,search/recommended,3
/herbstferien,SearchResults.tsx,search/recommended,2
/herbstferien,GenericRecommendedHotels.tsx,search/recommended,3
/herbstferien,PromopageSearchPod.tsx,availability/dates,4
/ferien-ab-genf,PromopageSearchPod.tsx,availability/dates,4
/ferien-ab-genf,SearchResults.tsx,search/recommended,2
/ferien-ab-genf,GenericRecommendedHotels.tsx,search/recommended,3
/ferien-ab-zurich,SearchResults.tsx,search/recommended,2
/ferien-ab-zurich,GenericRecommendedHotels.tsx,search/recommended,3
/ferien-ab-zurich,PromopageSearchPod.tsx,availability/dates,4
/ferien-ab-basel,SearchResults.tsx,search/recommended,2
/ferien-ab-basel,GenericRecommendedHotels.tsx,search/recommended,3
/ferien-ab-basel,PromopageSearchPod.tsx,availability/dates,4
/all-inclusive-angebote,SearchResults.tsx,search/recommended,2
/all-inclusive-angebote,GenericRecommendedHotels.tsx,search/recommended,3
/all-inclusive-angebote,PromopageSearchPod.tsx,availability/dates,4
/badeferien-angebote,SearchResults.tsx,search/recommended,2
/badeferien-angebote,GenericRecommendedHotels.tsx,search/recommended,3
/badeferien-angebote,QuestionAndAnswer.tsx,help-centre/faq/save,1
/badeferien-angebote,PromopageSearchPod.tsx,availability/dates,4
/angebote-für-städtereisen,SearchResults.tsx,search/recommended,2
/angebote-für-städtereisen,GenericRecommendedHotels.tsx,search/recommended,3
/angebote-für-städtereisen,PromopageSearchPod.tsx,availability/dates,4
/last-minute-strandferien,SearchResults.tsx,search/recommended,2
/last-minute-strandferien,GenericRecommendedHotels.tsx,search/recommended,3
/last-minute-strandferien,PromopageSearchPod.tsx,availability/dates,4
/last-minute-staedtereisen,SearchResults.tsx,search/recommended,2
/last-minute-staedtereisen,GenericRecommendedHotels.tsx,search/recommended,3
/last-minute-staedtereisen,PromopageSearchPod.tsx,availability/dates,4
/last-minute-angebote,SearchResults.tsx,search/recommended,2
/last-minute-angebote,GenericRecommendedHotels.tsx,search/recommended,3
/last-minute-angebote,PromopageSearchPod.tsx,availability/dates,4
/familienurlaube-angebote,QuestionAndAnswer.tsx,help-centre/faq/save,1
/familienurlaube-angebote,PromopageSearchPod.tsx,availability/dates,4
/familienurlaube-angebote,SearchResults.tsx,search/recommended,2
/familienurlaube-angebote,GenericRecommendedHotels.tsx,search/recommended,3
/flitterwochen-angebote,PromopageSearchPod.tsx,availability/dates,4
/flitterwochen-angebote,SearchResults.tsx,search/recommended,2
/flitterwochen-angebote,GenericRecommendedHotels.tsx,search/recommended,3
/ferien-kinder-gratis,PromopageSearchPod.tsx,availability/dates,4
/ferien-kinder-gratis,SearchResults.tsx,search/recommended,2
/ferien-kinder-gratis,GenericRecommendedHotels.tsx,search/recommended,3
/freie-plaetze-fuer-kinder,SearchResults.tsx,search/recommended,2
/freie-plaetze-fuer-kinder,GenericRecommendedHotels.tsx,search/recommended,3
/freie-plaetze-fuer-kinder,PromopageSearchPod.tsx,availability/dates,4
/ferien-unter-300-chf,PromopageSearchPod.tsx,availability/dates,4
/ferien-unter-300-chf,SearchResults.tsx,search/recommended,2
/ferien-unter-300-chf,GenericRecommendedHotels.tsx,search/recommended,3
/ferien-unter-400-chf,PromopageSearchPod.tsx,availability/dates,4
/ferien-unter-400-chf,SearchResults.tsx,search/recommended,2
/ferien-unter-400-chf,GenericRecommendedHotels.tsx,search/recommended,3
/ferien-unter-500-chf,SearchResults.tsx,search/recommended,2
/ferien-unter-500-chf,GenericRecommendedHotels.tsx,search/recommended,3
/ferien-unter-500-chf,PromopageSearchPod.tsx,availability/dates,4
/sale,PromopageSearchPod.tsx,availability/dates,4
/sale,SearchResults.tsx,search/recommended,2
/sale,GenericRecommendedHotels.tsx,search/recommended,3
/informations/securite-et-bien-etre-des-clients,PromoBlocks.tsx,availability/from,2
/informations/securite-et-bien-etre-des-clients,GenericRecommendedHotels.tsx,search/recommended,3
/informations/securite-et-bien-etre-des-clients,SearchResults.tsx,search/recommended,2
/informations/securite-et-bien-etre-des-clients/avant-de-voyager,GenericRecommendedHotels.tsx,search/recommended,3
/informations/securite-et-bien-etre-des-clients/avant-de-voyager,SearchResults.tsx,search/recommended,2
/informations/securite-et-bien-etre-des-clients/avant-de-voyager,QuestionAndAnswer.tsx,help-centre/faq/save,1
/informations/securite-et-bien-etre-des-clients/lorsque-vous-etes-en-vacances,QuestionAndAnswer.tsx,help-centre/faq/save,1
/informations/securite-et-bien-etre-des-clients/lorsque-vous-etes-en-vacances,GenericRecommendedHotels.tsx,search/recommended,3
/informations/securite-et-bien-etre-des-clients/lorsque-vous-etes-en-vacances,SearchResults.tsx,search/recommended,2
/informations/securite-et-bien-etre-des-clients/sortir-et-se-promener,GenericRecommendedHotels.tsx,search/recommended,3
/informations/securite-et-bien-etre-des-clients/sortir-et-se-promener,SearchResults.tsx,search/recommended,2
/informations/securite-et-bien-etre-des-clients/sortir-et-se-promener,QuestionAndAnswer.tsx,help-centre/faq/save,1
/informations/securite-et-bien-etre-des-clients/nourriture-et-boissons,GenericRecommendedHotels.tsx,search/recommended,3
/informations/securite-et-bien-etre-des-clients/nourriture-et-boissons,SearchResults.tsx,search/recommended,2
/informations/securite-et-bien-etre-des-clients/nourriture-et-boissons,QuestionAndAnswer.tsx,help-centre/faq/save,1
/informations/securite-et-bien-etre-des-clients/baignade-et-plage,QuestionAndAnswer.tsx,help-centre/faq/save,1
/informations/securite-et-bien-etre-des-clients/baignade-et-plage,GenericRecommendedHotels.tsx,search/recommended,3
/informations/securite-et-bien-etre-des-clients/baignade-et-plage,SearchResults.tsx,search/recommended,2
/informations/securite-et-bien-etre-des-clients/a-l-hotel,QuestionAndAnswer.tsx,help-centre/faq/save,1
/informations/securite-et-bien-etre-des-clients/a-l-hotel,GenericRecommendedHotels.tsx,search/recommended,3
/informations/securite-et-bien-etre-des-clients/a-l-hotel,SearchResults.tsx,search/recommended,2
/informations/securite-et-bien-etre-des-clients/choisir-ses-vacances,QuestionAndAnswer.tsx,help-centre/faq/save,1
/informations/securite-et-bien-etre-des-clients/choisir-ses-vacances,GenericRecommendedHotels.tsx,search/recommended,3
/informations/securite-et-bien-etre-des-clients/choisir-ses-vacances,SearchResults.tsx,search/recommended,2
/informations/securite-et-bien-etre-des-clients/a-l-aeroport,GenericRecommendedHotels.tsx,search/recommended,3
/informations/securite-et-bien-etre-des-clients/a-l-aeroport,SearchResults.tsx,search/recommended,2
/informations/securite-et-bien-etre-des-clients/a-l-aeroport,QuestionAndAnswer.tsx,help-centre/faq/save,1
/informations/securite-et-bien-etre-des-clients/informations-de-base,GenericRecommendedHotels.tsx,search/recommended,3
/informations/securite-et-bien-etre-des-clients/informations-de-base,SearchResults.tsx,search/recommended,2
/informations/securite-et-bien-etre-des-clients/informations-de-base,QuestionAndAnswer.tsx,help-centre/faq/save,1
/informations/pourquoi-reserver-aupres-de-nous,PromoBlocks.tsx,availability/from,14
/informations/pourquoi-reserver-aupres-de-nous,SearchPod.tsx,tracking/user-search,2
/informations/pourquoi-reserver-aupres-de-nous,SearchPodWithHeader.tsx,tracking/user-search,2
/informations/terms-of-use,QuestionAndAnswer.tsx,help-centre/faq/save,1
/eco-certified-holidays,SearchResults.tsx,search/recommended,2
/eco-certified-holidays,GenericRecommendedHotels.tsx,search/recommended,3
/eco-certified-holidays,PromopageSearchPod.tsx,availability/dates,4
/vacances-au-depart-de-bordeaux,SearchResults.tsx,search/recommended,2
/vacances-au-depart-de-bordeaux,GenericRecommendedHotels.tsx,search/recommended,3
/vacances-au-depart-de-bordeaux,PromopageSearchPod.tsx,availability/dates,4
/vacances-au-depart-de-nantes,PromopageSearchPod.tsx,availability/dates,4
/vacances-au-depart-de-nantes,SearchResults.tsx,search/recommended,2
/vacances-au-depart-de-nantes,GenericRecommendedHotels.tsx,search/recommended,3
/vacances-au-depart-de-nice,SearchResults.tsx,search/recommended,2
/vacances-au-depart-de-nice,GenericRecommendedHotels.tsx,search/recommended,3
/vacances-au-depart-de-nice,PromopageSearchPod.tsx,availability/dates,4
/vacances-au-depart-de-toulouse,PromopageSearchPod.tsx,availability/dates,4
/vacances-au-depart-de-toulouse,SearchResults.tsx,search/recommended,2
/vacances-au-depart-de-toulouse,GenericRecommendedHotels.tsx,search/recommended,3
/vacances-au-depart-de-lyon,SearchResults.tsx,search/recommended,2
/vacances-au-depart-de-lyon,GenericRecommendedHotels.tsx,search/recommended,3
/vacances-au-depart-de-lyon,PromopageSearchPod.tsx,availability/dates,4
/vacances-au-depart-de-marseille,SearchResults.tsx,search/recommended,2
/vacances-au-depart-de-marseille,GenericRecommendedHotels.tsx,search/recommended,3
/vacances-au-depart-de-marseille,PromopageSearchPod.tsx,availability/dates,4
/vacances-au-depart-de-paris,PromopageSearchPod.tsx,availability/dates,4
/vacances-au-depart-de-paris,SearchResults.tsx,search/recommended,2
/vacances-au-depart-de-paris,GenericRecommendedHotels.tsx,search/recommended,3
/vacances-de-dernière-minute-à-la-plage,SearchResults.tsx,search/recommended,2
/vacances-de-dernière-minute-à-la-plage,GenericRecommendedHotels.tsx,search/recommended,3
/vacances-de-dernière-minute-à-la-plage,PromopageSearchPod.tsx,availability/dates,4
/vacances-de-dernière-minute-en-ville,SearchResults.tsx,search/recommended,2
/vacances-de-dernière-minute-en-ville,GenericRecommendedHotels.tsx,search/recommended,3
/vacances-de-dernière-minute-en-ville,PromopageSearchPod.tsx,availability/dates,4
/jusqu'a-300-euro,PromopageSearchPod.tsx,availability/dates,4
/jusqu'a-300-euro,SearchResults.tsx,search/recommended,2
/jusqu'a-300-euro,GenericRecommendedHotels.tsx,search/recommended,3
/jusqu'a-400-euro,PromopageSearchPod.tsx,availability/dates,4
/jusqu'a-400-euro,SearchResults.tsx,search/recommended,2
/jusqu'a-400-euro,GenericRecommendedHotels.tsx,search/recommended,3
/jusqu'a-500-euro,SearchResults.tsx,search/recommended,2
/jusqu'a-500-euro,GenericRecommendedHotels.tsx,search/recommended,3
/jusqu'a-500-euro,PromopageSearchPod.tsx,availability/dates,4
/offres,SearchResults.tsx,search/recommended,2
/offres,GenericRecommendedHotels.tsx,search/recommended,3
/offres,PromopageSearchPod.tsx,availability/dates,4
/information/kundensicherheit-und-wohlbefinden/vor-der-reise,GenericRecommendedHotels.tsx,search/recommended,3
/information/kundensicherheit-und-wohlbefinden/vor-der-reise,SearchResults.tsx,search/recommended,2
/information/kundensicherheit-und-wohlbefinden/vor-der-reise,QuestionAndAnswer.tsx,help-centre/faq/save,1
/information/kundensicherheit-und-wohlbefinden/im-urlaub,QuestionAndAnswer.tsx,help-centre/faq/save,1
/information/kundensicherheit-und-wohlbefinden/im-urlaub,GenericRecommendedHotels.tsx,search/recommended,3
/information/kundensicherheit-und-wohlbefinden/im-urlaub,SearchResults.tsx,search/recommended,2
/information/kundensicherheit-und-wohlbefinden/unterwegs,GenericRecommendedHotels.tsx,search/recommended,3
/information/kundensicherheit-und-wohlbefinden/unterwegs,SearchResults.tsx,search/recommended,2
/information/kundensicherheit-und-wohlbefinden/unterwegs,QuestionAndAnswer.tsx,help-centre/faq/save,1
/information/kundensicherheit-und-wohlbefinden/speisen-und-getraenke,GenericRecommendedHotels.tsx,search/recommended,3
/information/kundensicherheit-und-wohlbefinden/speisen-und-getraenke,SearchResults.tsx,search/recommended,2
/information/kundensicherheit-und-wohlbefinden/speisen-und-getraenke,QuestionAndAnswer.tsx,help-centre/faq/save,1
/information/kundensicherheit-und-wohlbefinden/schwimmen-und-am-strand,QuestionAndAnswer.tsx,help-centre/faq/save,1
/information/kundensicherheit-und-wohlbefinden/schwimmen-und-am-strand,GenericRecommendedHotels.tsx,search/recommended,3
/information/kundensicherheit-und-wohlbefinden/schwimmen-und-am-strand,SearchResults.tsx,search/recommended,2
/information/kundensicherheit-und-wohlbefinden/dein-hotel,QuestionAndAnswer.tsx,help-centre/faq/save,1
/information/kundensicherheit-und-wohlbefinden/dein-hotel,GenericRecommendedHotels.tsx,search/recommended,3
/information/kundensicherheit-und-wohlbefinden/dein-hotel,SearchResults.tsx,search/recommended,2
/information/kundensicherheit-und-wohlbefinden/die-wahl-deines-urlaubs,QuestionAndAnswer.tsx,help-centre/faq/save,1
/information/kundensicherheit-und-wohlbefinden/die-wahl-deines-urlaubs,GenericRecommendedHotels.tsx,search/recommended,3
/information/kundensicherheit-und-wohlbefinden/die-wahl-deines-urlaubs,SearchResults.tsx,search/recommended,2
/information/kundensicherheit-und-wohlbefinden/am-flughafen,GenericRecommendedHotels.tsx,search/recommended,3
/information/kundensicherheit-und-wohlbefinden/am-flughafen,SearchResults.tsx,search/recommended,2
/information/kundensicherheit-und-wohlbefinden/am-flughafen,QuestionAndAnswer.tsx,help-centre/faq/save,1
/information/kundensicherheit-und-wohlbefinden/wichtige-informationen,GenericRecommendedHotels.tsx,search/recommended,3
/information/kundensicherheit-und-wohlbefinden/wichtige-informationen,SearchResults.tsx,search/recommended,2
/information/kundensicherheit-und-wohlbefinden/wichtige-informationen,QuestionAndAnswer.tsx,help-centre/faq/save,1
/information/terms-of-use,QuestionAndAnswer.tsx,help-centre/faq/save,1
/winterurlaub,PromopageSearchPod.tsx,availability/dates,4
/winterurlaub,SearchResults.tsx,search/recommended,2
/winterurlaub,GenericRecommendedHotels.tsx,search/recommended,3
/fruehlingsurlaub,SearchResults.tsx,search/recommended,2
/fruehlingsurlaub,GenericRecommendedHotels.tsx,search/recommended,3
/fruehlingsurlaub,PromopageSearchPod.tsx,availability/dates,4
/ermaessigte-urlaubsangebote,SearchResults.tsx,search/recommended,2
/ermaessigte-urlaubsangebote,GenericRecommendedHotels.tsx,search/recommended,3
/ermaessigte-urlaubsangebote,PromopageSearchPod.tsx,availability/dates,4
/sommerurlaub,PromopageSearchPod.tsx,availability/dates,4
/sommerurlaub,SearchResults.tsx,search/recommended,2
/sommerurlaub,GenericRecommendedHotels.tsx,search/recommended,3
/herbsturlaub,SearchResults.tsx,search/recommended,2
/herbsturlaub,GenericRecommendedHotels.tsx,search/recommended,3
/herbsturlaub,PromopageSearchPod.tsx,availability/dates,4
/urlaub-ab-berlin,SearchResults.tsx,search/recommended,2
/urlaub-ab-berlin,GenericRecommendedHotels.tsx,search/recommended,3
/urlaub-ab-berlin,PromopageSearchPod.tsx,availability/dates,4
/urlaub-ab-hamburg,SearchResults.tsx,search/recommended,2
/urlaub-ab-hamburg,GenericRecommendedHotels.tsx,search/recommended,3
/urlaub-ab-hamburg,PromopageSearchPod.tsx,availability/dates,4
/urlaub-ab-muenchen,SearchResults.tsx,search/recommended,2
/urlaub-ab-muenchen,GenericRecommendedHotels.tsx,search/recommended,3
/urlaub-ab-muenchen,PromopageSearchPod.tsx,availability/dates,4
/strandurlaub-angebote,SearchResults.tsx,search/recommended,2
/strandurlaub-angebote,GenericRecommendedHotels.tsx,search/recommended,3
/strandurlaub-angebote,QuestionAndAnswer.tsx,help-centre/faq/save,1
/strandurlaub-angebote,PromopageSearchPod.tsx,availability/dates,4
/last-minute-strandurlaub,SearchResults.tsx,search/recommended,2
/last-minute-strandurlaub,GenericRecommendedHotels.tsx,search/recommended,3
/last-minute-strandurlaub,PromopageSearchPod.tsx,availability/dates,4
/urlaub-bis-300-euro,PromopageSearchPod.tsx,availability/dates,4
/urlaub-bis-300-euro,SearchResults.tsx,search/recommended,2
/urlaub-bis-300-euro,GenericRecommendedHotels.tsx,search/recommended,3
/urlaub-bis-400-euro,PromopageSearchPod.tsx,availability/dates,4
/urlaub-bis-400-euro,SearchResults.tsx,search/recommended,2
/urlaub-bis-400-euro,GenericRecommendedHotels.tsx,search/recommended,3
/urlaub-bis-500-euro,SearchResults.tsx,search/recommended,2
/urlaub-bis-500-euro,GenericRecommendedHotels.tsx,search/recommended,3
/urlaub-bis-500-euro,PromopageSearchPod.tsx,availability/dates,4
/shortlists,Shortlists.tsx,price,5
/shortlists,GenericRecommendedHotels.tsx,search/recommended,3
/shortlists,SearchResults.tsx,search/recommended,2
/shortlists-no-results,SearchPod.tsx,tracking/user-search,2
/shortlists-no-results,SearchPodWithHeader.tsx,tracking/user-search,2
/shortlists-no-results,PromoBlocks.tsx,availability/from,2
/sustainability,QuestionAndAnswer.tsx,help-centre/faq/save,1
/durabilite,QuestionAndAnswer.tsx,help-centre/faq/save,1
/nachhaltigkeit,QuestionAndAnswer.tsx,help-centre/faq/save,1
/mixedresultlist,PopUnder.tsx,destinations/${locationCode}/image,9
/mixedresultlist,SearchPod.tsx,tracking/user-search,2
/mixedresultlist,SearchPodWithHeader.tsx,tracking/user-search,2
/mixedresultlist,PromoBlocks.tsx,availability/from,4
/mixedresultlist,SearchResults.tsx,search/recommended,2
/mixedresultlist,GenericRecommendedHotels.tsx,search/recommended,3
/booking,ViewBooking.tsx,destinations/${locationCode}/image,8
/booking,AlternativeFlights.tsx,search/extras,2
/booking,Payment.tsx,booking/commit,1
/booking,PromocodeInput.tsx,voucher/validate,1
/booking,BookingTransitionScreen.tsx,search/alternative-flights,2
/booking/change-dates/summary,ViewBooking.tsx,destinations/${locationCode}/image,4
/booking/guest-details,BookingTransitionScreen.tsx,search/alternative-flights,2
/booking/holiday-credit,QuestionAndAnswer.tsx,help-centre/faq/save,1
/booking/my_bookings/pre-travel,BookingHeroBanner.tsx,destinations/${locationCode}/image,2
/booking/my_bookings/pre-travel,TradePortalBookingConfirmation.tsx,destinations/${locationCode}/image,4
/booking/my_bookings/pre-travel,TradePortalViewBooking.tsx,destinations/${locationCode}/image,4
/booking/my_bookings/pre-travel,ViewBooking.tsx,destinations/${locationCode}/image,4
/booking/my_bookings/pre-travel,Excursions.tsx,excursions,3
/booking/my_bookings/in-destination,Excursions.tsx,excursions,3
/booking/my_bookings/in-destination,BookingHeroBanner.tsx,destinations/${locationCode}/image,2
/booking/my_bookings/in-destination,TradePortalBookingConfirmation.tsx,destinations/${locationCode}/image,4
/booking/my_bookings/in-destination,TradePortalViewBooking.tsx,destinations/${locationCode}/image,4
/booking/my_bookings/in-destination,ViewBooking.tsx,destinations/${locationCode}/image,4
/booking/my_bookings/post-travel,BookingHeroBanner.tsx,destinations/${locationCode}/image,2
/booking/my_bookings/post-travel,TradePortalBookingConfirmation.tsx,destinations/${locationCode}/image,4
/booking/my_bookings/post-travel,TradePortalViewBooking.tsx,destinations/${locationCode}/image,4
/booking/my_bookings/post-travel,ViewBooking.tsx,destinations/${locationCode}/image,4
/booking/redeem-voucher,QuestionAndAnswer.tsx,help-centre/faq/save,1
/booking/payment,BookingTransitionScreen.tsx,search/alternative-flights,2
/booking/payment,Payment.tsx,booking/commit,1
/booking/my_booking,Excursions.tsx,excursions,3
/booking/my_booking,ViewBooking.tsx,destinations/${locationCode}/image,32
/booking/confirmation,Excursions.tsx,excursions,3
/booking/confirmation,BookingInfo.tsx,destinations/${locationCode}/image,4
/booking/crédit-vacances,QuestionAndAnswer.tsx,help-centre/faq/save,1
/booking/urlaubsguthaben,QuestionAndAnswer.tsx,help-centre/faq/save,1
/404-page,GenericRecommendedHotels.tsx,search/recommended,3
/404-page,SearchResults.tsx,search/recommended,2
/404-page,SearchPod.tsx,tracking/user-search,2
/404-page,SearchPodWithHeader.tsx,tracking/user-search,2
/disruption,QuestionAndAnswer.tsx,help-centre/faq/save,2
/disruption,PromoBlocks.tsx,availability/from,4
/disruption,SearchPod.tsx,tracking/user-search,2
/disruption,SearchPodWithHeader.tsx,tracking/user-search,2
/help,GenericRecommendedHotels.tsx,search/recommended,3
/help,SearchResults.tsx,search/recommended,2
/help,FAQ.tsx,help-centre/faq/save,2
/help/help-on-holiday,FAQ.tsx,help-centre/faq/save,2
/help/how-to-book-a-holiday,SearchPod.tsx,tracking/user-search,2
/help/how-to-book-a-holiday,SearchPodWithHeader.tsx,tracking/user-search,2
/help/how-to-book-a-holiday,PromoBlocks.tsx,availability/from,4
/help/contact-form,PromoBlocks.tsx,availability/from,14
/help/manage-your-booking,SearchPod.tsx,tracking/user-search,2
/help/manage-your-booking,SearchPodWithHeader.tsx,tracking/user-search,2
/help/manage-your-booking,FAQ.tsx,help-centre/faq/save,2
/help/contact-us,PromoBlocks.tsx,availability/from,8
/aide,GenericRecommendedHotels.tsx,search/recommended,3
/aide,SearchResults.tsx,search/recommended,2
/aide,FAQ.tsx,help-centre/faq/save,2
/aide/help-on-holiday,FAQ.tsx,help-centre/faq/save,2
/aide/comment-réserver-des-vacances,SearchPod.tsx,tracking/user-search,2
/aide/comment-réserver-des-vacances,SearchPodWithHeader.tsx,tracking/user-search,2
/aide/comment-réserver-des-vacances,PromoBlocks.tsx,availability/from,4
/aide/formulaire-de-contact,PromoBlocks.tsx,availability/from,14
/aide/gerer-votre-reservation,SearchPod.tsx,tracking/user-search,2
/aide/gerer-votre-reservation,SearchPodWithHeader.tsx,tracking/user-search,2
/aide/gerer-votre-reservation,FAQ.tsx,help-centre/faq/save,2
/aide/contact,PromoBlocks.tsx,availability/from,8
/hilfe,GenericRecommendedHotels.tsx,search/recommended,3
/hilfe,SearchResults.tsx,search/recommended,2
/hilfe,FAQ.tsx,help-centre/faq/save,2
/hilfe/help-on-holiday,FAQ.tsx,help-centre/faq/save,2
/hilfe/wie-buche-ich-eine-reise,SearchPod.tsx,tracking/user-search,2
/hilfe/wie-buche-ich-eine-reise,SearchPodWithHeader.tsx,tracking/user-search,2
/hilfe/wie-buche-ich-eine-reise,PromoBlocks.tsx,availability/from,4
/hilfe/kontakt-form,PromoBlocks.tsx,availability/from,14
/hilfe/buchung-verwalten,SearchPod.tsx,tracking/user-search,2
/hilfe/buchung-verwalten,SearchPodWithHeader.tsx,tracking/user-search,2
/hilfe/buchung-verwalten,FAQ.tsx,help-centre/faq/save,2
/hilfe/kontakt,PromoBlocks.tsx,availability/from,8
/aide/aide-pour-les-vacances,FAQ.tsx,help-centre/faq/save,2
/aide/comment-reserver-des-vacances,SearchPod.tsx,tracking/user-search,2
/aide/comment-reserver-des-vacances,SearchPodWithHeader.tsx,tracking/user-search,2
/aide/comment-reserver-des-vacances,PromoBlocks.tsx,availability/from,4
/hilfe/hilfe-im-urlaub,FAQ.tsx,help-centre/faq/save,2
/iframe-search-pod,SearchPod.tsx,tracking/user-search,2
/iframe-search-pod,SearchPodWithHeader.tsx,tracking/user-search,2
/destinations/spain,DealsDestinations.tsx,requested-price,12
/destinations/spain,Excursions.tsx,excursions,3
/destinations/spain,MasonryCarousel.tsx,price,3
/destinations/spain,SearchPod.tsx,tracking/user-search,6
/destinations/spain,SearchPodWithHeader.tsx,tracking/user-search,6
/destinations/spain,DestinationMap.tsx,hotel/summary/location,5
/destinations/spain,PromoBlocks.tsx,availability/from,4
/destinations/spain,QuestionAndAnswer.tsx,help-centre/faq/save,2
/destinations/spain/cantabria,DestinationMap.tsx,hotel/summary/location,5
/destinations/spain/cantabria,Excursions.tsx,excursions,3
/destinations/spain/cantabria,SearchPod.tsx,tracking/user-search,2
/destinations/spain/cantabria,SearchPodWithHeader.tsx,tracking/user-search,2
/destinations/spain/cantabria,QuestionAndAnswer.tsx,help-centre/faq/save,1
/destinations/spain/cantabria,MasonryCarousel.tsx,price,3
/destinations/spain/cantabria/santander,SearchPod.tsx,tracking/user-search,2
/destinations/spain/cantabria/santander,SearchPodWithHeader.tsx,tracking/user-search,2
/destinations/spain/cantabria/santander,Excursions.tsx,excursions,3
/destinations/spain/cantabria/santander,PromoBlocks.tsx,availability/from,2
/destinations/spain/cantabria/santander,DestinationMap.tsx,hotel/summary/location,5
/destinations/spain/cantabria/santander,QuestionAndAnswer.tsx,help-centre/faq/save,1
/destinations/spain/tenerife/playa-de-las-americas/cleopatra-palace,SearchPod.tsx,tracking/user-search,2
/destinations/spain/tenerife/playa-de-las-americas/cleopatra-palace,SearchPodWithHeader.tsx,tracking/user-search,2
/destinations/spain/tenerife/playa-de-las-americas/cleopatra-palace,ResortInfoBlock.tsx,hotel/resort-info,3
/destinations/spain/tenerife/playa-de-las-americas/cleopatra-palace,ShareHolidayButton.tsx,hotukdeals.com/social/share,5
/destinations/spain/tenerife/playa-de-las-americas/cleopatra-palace,BoardTypesBrowse.tsx,sitecore/api/ssc/item/${itemId},1
/destinations/spain/tenerife/playa-de-las-americas/cleopatra-palace,HotelLocationBrowse.tsx,hotel/summary/polygon,1
/destinations/spain/tenerife/playa-de-las-americas/cleopatra-palace,VirtualHotelFacilities.tsx,api/utilities/SortItems,1
/destinations/spain/tenerife/playa-de-las-americas/cleopatra-palace,RoomTypesBrowse.tsx,api/utilities/SortItems,1
/destinations/spain/tenerife/playa-de-las-americas/cleopatra-palace,PromoBlocks.tsx,availability/from,2
/destinations/spain/tenerife/playa-de-las-americas/cleopatra-palace,HotelImageSideBarBrowse.tsx,price,3
